question,context,lang,answerable,answer_start,answer,answer_inlang,had_good_te,will_be_pseudo
ప్రపంచంలో  మొట్టమొదటి దూర విద్య విద్యాలయం ఏ దేశంలో స్థాపించబడింది ?,"Referred to as ""People's University"" by Charles Dickens because it provided access to higher education to students from less affluent backgrounds, the External Programme was chartered by Queen Victoria in 1858, making the University of London the first university to offer distance learning degrees to students. Enrollment increased steadily during the late 19th century, and its example was widely copied elsewhere. This program is now known as the University of London International Programme and includes Postgraduate, Undergraduate and Diploma degrees created by colleges such as the London School of Economics, Royal Holloway and Goldsmiths.
In the United States, William Rainey Harper, first president of the University of Chicago, celebrated the concept of extended education, whereby the research university had satellite colleges in the wider community.",te,True,236,London,లండన్,False,True
1959వ సంవత్సరంలో భారతదేశ ప్రధాన మంత్రి  ఎవరు?,"Since 1947, there have been 14 different prime ministers. The first few decades after 1947 saw the Indian National Congress' (INC) almost complete domination over the political map of India. India's first prime minister—Jawaharlal Nehru—took oath on 15 August 1947. Nehru went on to serve as prime minister for 17 consecutive years, winning four general elections in the process. His tenure ended in May 1964, on his death. After the death of Nehru, Lal Bahadur Shastri—a former home minister and a leader of the Congress party—ascended to the position of prime minister. Shastri's tenure saw the Indo-Pakistani War of 1965. Shashtri subsequently died of a reported heart attack in Tashkent, after signing the Tashkent Declaration.",te,True,220,Jawaharlal Nehru,జవహర్లాల్ నెహ్రూ,False,True
ఏ కాకతీయ రాజు కర్నూలు జిల్లాను చివరిగా పాలించాడు?,"Rani Rudrama Devi (died 1289 or 1295), who defended the Kakatiya kingdom against the Cholas and the Seuna Yadavas, is one of the few queens in Indian history. She was succeeded by her grandson, Prataparudra. Although his reign was characterized by battles against internal and external foes, Prataparudra expanded his kingdom west to Raichur and south to Ongole and the Nallamala Hills. He introduced a number of administrative reforms, some of which were adopted in the Vijayanagar empire. Muslim attacks began in 1310, and in 1323 the Kakatiya dynasty fell to the Delhi Sultanate.",te,True,194,Prataparudra,ప్రతాపముద్ర,False,True
మానవ హక్కులు ఎన్ని?,"The Declaration consists of 30 articles affirming an individual's rights which, although not legally binding in themselves, have been elaborated in subsequent international treaties, economic transfers, regional human rights instruments, national constitutions, and other laws. The Declaration was the first step in the process of formulating the International Bill of Human Rights, which was completed in 1966, and came into force in 1976, after a sufficient number of countries had ratified them.",te,True,28,30,30,False,True
భారదేశంలో అత్యధిక జనాభా కలిగిన రాష్ట్రం ఏది?,"Uttar Pradesh (; IAST: ""Uttar Pradeś"" ) is a state in northern India. Abbreviated as UP, it is the most populous state in the Republic of India as well as the most populous country subdivision in the world. It is located in the northern region of the Indian subcontinent, has over 200 million inhabitants. It was created on 1 April 1937 as the United Provinces of Agra and Oudh during British rule, and was renamed ""Uttar Pradesh"" in 1950. The state is divided into 18 divisions and 75 districts with the capital being Lucknow. The main ethnic group is the Hindavi people, forming the demographic plurality. On 9 November 2000, a new state, Uttarakhand, was carved out from the state's Himalayan hill region. The two major rivers of the state, the Ganga and Yamuna, join at Allahabad (Prayagraj) and then flow as the Ganges further east. Hindi is the most widely spoken language and is also the official language of the state.",te,True,0,Uttar Pradesh,ఉత్తర ప్రదేశ్,False,True
భగవద్గీత ఏ మతస్తులకు పవిత్ర గ్రంథము?,"The Bhagavad Gita (; , IAST: ', lit. ""The Song of God""), often referred to as the Gita""', is a 700-verse Sanskrit scripture that is part of the Hindu epic ""Mahabharata"" (chapters 23–40 of Bhishma Parva).",te,True,144,Hindu,హిందూ,False,True
బాల కార్మిక నిరోధక చట్టం ఎప్పుడు ప్రవేశపెట్టారు?,"As per the Child Labour (Prohibition and Regulation) Act, 1986, amended in 2016 (""CLPR Act""), a ""Child"" is defined as any person below the age of 14, and the CLPR Act prohibits employment of a Child in any employment including as a domestic help. It is a cognizable criminal offence to employ a Child for any work. Children between age of 14 and 18 are defined as ""Adolescent"" and the law allows Adolescent to be employed except in the listed hazardous occupation and processes which include mining, inflammable substance and explosives related work and any other hazardous process as per the Factories Act, 1948. In 2001, an estimated 1% of all child workers, or about 120,000 children in India were in a hazardous job. Notably, the Constitution of India prohibits child labour in hazardous industries (but not in non-hazardous industries) as a Fundamental Right under Article 24. UNICEF estimates that India with its larger population, has the highest number of labourers in the world under 14 years of age, while sub-Saharan African countries have the highest percentage of children who are deployed as child labourers. The International Labour Organization estimates that agriculture, at 60 percent, is the largest employer of child labour in the world, while the United Nation's Food and Agriculture Organization estimates 70% of child labour is deployed in agriculture and related activities. Outside of agriculture, child labour is observed in almost all informal sectors of the Indian economy.",te,True,58,1986,1986,False,True
బ్రిటిష్ దేశ మొట్టమొదటి ప్రధానమంత్రి ఎవరు?,"Robert Walpole, 1st Earl of Orford, (26 August 1676 – 18 March 1745), known before 1742 as Sir Robert Walpole, was a British who is generally regarded as the ""de facto"" first Prime Minister of Great Britain.",te,True,0,Robert Walpole,రాబర్ట్ వాల్పోల్,False,True
దీవులు అంటే ఏంటి?,"An island or isle is any piece of sub-continental land that is surrounded by water. Very small islands such as emergent land features on atolls can be called islets, skerries, cays or keys. An island in a river or a lake island may be called an eyot or ait, and a small island off the coast may be called a holm. A grouping of geographically or geologically related islands is called an archipelago, such as the Philippines.",te,True,21,any piece of sub-continental land that is surrounded by water,నీటితో చుట్టుముట్టబడిన సబ్ కాంటినెంటల్ భూమి యొక్క ఏదైనా భాగాన్ని,False,True
అలెగ్జాండ్రియా ఏ దేశంలో ఉంది?,"Alexandria ( or ; ; ; or ) is the second-largest city in Egypt and a major economic centre, extending about along the coast of the Mediterranean Sea in the north central part of the country. Its low elevation on the Nile delta makes it highly vulnerable to rising sea levels. Alexandria is an important industrial center because of its natural gas and oil pipelines from Suez. Alexandria is also a popular tourist destination.",te,True,57,Egypt,ఈజిప్టు,False,True
బాక్టీరియాలను అధ్యయనం చేసే శాస్త్రం ఏంటి?,"Bacteriology is the branch and specialty of biology that studies the morphology, ecology, genetics and biochemistry of bacteria as well as many other aspects related to them. This subdivision of microbiology involves the identification, classification, and characterization of bacterial species. Because of the similarity of thinking and working with microorganisms other than bacteria, such as protozoa, fungi, and viruses, there has been a tendency for the field of bacteriology to extend as microbiology. The terms were formerly often used interchangeably. However, bacteriology can be classified as a distinct science.",te,True,0,Bacteriology,బాక్టీరియాలజీ,False,True
శ్రీ పొట్టి శ్రీరాములు నెల్లూరు జిల్లాలో అధికంగా పండే పంట ఏది?,"The Gross District Domestic Product (GDDP) of the district is and it contributes 5.8% to the Gross State Domestic Product (GSDP). For the FY 2013-14, the per capita income at current prices was . The primary, secondary and tertiary sectors of the district contribute , and respectively. The major products contributing to the GVA of the district from agriculture and allied services are, paddy, sugarcane, lemon, tomato, milk, meat and fisheries. The GVA to the industrial and service sector is contributed from construction, electricity, manufacturing, transport and education.",te,True,388,"paddy, sugarcane, lemon, tomato","ధాన్యం, చక్కెర గంజాయి, రెమ్మ, టమోటా",False,True
భారతదేశ 1వ రాష్ట్రపతి ఎవరు?,"Rajendra Prasad (3 December 1884 – 28 February 1963) was the first President of India, in office from 1952 to 1962. He was an Indian political leader, and lawyer by training, Prasad joined the Indian National Congress during the Indian Independence Movement and became a major leader from the region of Bihar. A supporter of Mahatma Gandhi, Prasad was imprisoned by British authorities during the Salt Satyagraha of 1931 and the Quit India movement of 1942. After the 1946 elections, Prasad served as Minister of Food and Agriculture in the central government. Upon independence in 1947, Prasad was elected as President of the Constituent Assembly of India, which prepared the Constitution of India and served as its provisional parliament.",te,True,0,Rajendra Prasad (3 December 1884 – 28 February 1963) was the first President of India,రాజేంద్ర ప్రసాద్ (3 డిసెంబర్ 1884  28 ఫిబ్రవరి 1963) భారతదేశపు మొదటి అధ్యక్షుడు,False,True
భారతదేశ  వ్యవసాయ భూములలో ఎక్కువగా పండించే పంట ఏది?,"The 513.7-million-worker Indian labour force is the world's second-largest, . The service sector makes up 55.6% of GDP, the industrial sector 26.3% and the agricultural sector 18.1%. India's foreign exchange remittances of US$70 billion in 2014, the largest in the world, contributed to its economy by 25 million Indians working in foreign countries. Major agricultural products include rice, wheat, oilseed, cotton, jute, tea, sugarcane, and potatoes. Major industries include textiles, telecommunications, chemicals, pharmaceuticals, biotechnology, food processing, steel, transport equipment, cement, mining, petroleum, machinery, and software. In 2006, the share of external trade in India's GDP stood at 24%, up from 6% in 1985. In 2008, India's share of world trade was 1.68%; In 2011, India was the world's tenth-largest importer and the nineteenth-largest exporter. Major exports include petroleum products, textile goods, jewellery, software, engineering goods, chemicals, and leather manufactures. Major imports include crude oil, machinery, gems, fertiliser, and chemicals. Between 2001 and 2011, the contribution of petrochemical and engineering goods to total exports grew from 14% to 42%. India was the second largest textile exporter after China in the world in the calendar year 2013.",te,True,351,"Major agricultural products include rice, wheat, oilseed, cotton, jute, tea, sugarcane, and potatoes","ప్రధాన వ్యవసాయ ఉత్పత్తులలో బియ్యం, గోధుమ, నూనె విత్తనాలు, పత్తి, జ్యూట్, టీ, చక్కెర గంజాయి, బంగాళాదుంపలు ఉన్నాయి",False,True
2012లో చైనా నుండి భారత్ కు ఎక్కువగా దిగుమతి అయిన వస్తువు ఏది?,"Since independence, India's balance of payments on its current account has been negative. Since economic liberalisation in the 1990s, precipitated by a balance-of-payment crisis, India's exports rose consistently, covering 80.3% of its imports in 2002–03, up from 66.2% in 1990–91. However, the global economic slump followed by a general deceleration in world trade saw the exports as a percentage of imports drop to 61.4% in 2008–09. India's growing oil import bill is seen as the main driver behind the large current account deficit, which rose to $118.7 billion, or 11.11% of GDP, in 2008–09. Between January and October 2010, India imported $82.1 billion worth of crude oil. The Indian economy has run a trade deficit every year from 2002 to 2012, with a merchandise trade deficit of US$189 billion in 2011–12. Its trade with China has the largest deficit, about $31 billion in 2013.",te,True,669,crude,ముడి పదార్థం,False,True
ముంబాయి దాడులలో ఎంత మంది మరణించారు?,"The 2008 Mumbai attacks (also referred to as 26/11) were a group of terrorist attacks that took place in November 2008, when 10 members of Lashkar-e-Taiba, an Islamic terrorist organisation based in Pakistan, carried out a series of 12 coordinated shooting and bombing attacks lasting four days across Mumbai. The attacks, which drew widespread global condemnation, began on Wednesday 26 November and lasted until Saturday 29 November 2008. At least 174 people died, including 9 attackers, and more than 300 were wounded.",te,True,441,At least 174 people died,కనీసం 174 మంది మరణించారు,False,True
ఢిల్లీని మొదటిగా పాలించిన చక్రవర్తి ఎవరు?,"The Delhi Sultanate is the name given for a series of five successive dynasties, who ruled North India with Delhi as their capital. The rule of the Delhi Sultanate was established in 1206 by Qutb-ud-Din Aibak. The relics of the Delhi Sultanate include the Qutb Minar and its surrounding monuments and the Tughlaqabad Fort. During this time, the city became a center for culture. The Delhi Sultanate came to an end in 1526, when Babur defeated the forces of the last sultan of Delhi, Ibrahim Lodi at the first Battle of Panipat, and formed the Mughal Empire.",te,True,132,The rule of the Delhi Sultanate was established in 1206 by Qutb-ud-Din Aibak,ఢిల్లీ సుల్తానాత్ పాలనను 1206లో కుత్బ్-ఉద్-దిన్ ఐబాక్ స్థాపించారు.,False,True
సైరస్ ది గ్రేట్ పైన ప్రభావం చూపిన యుద్ధం ఏది ?,"The Battle of Opis, fought in September 539 BC, was a major engagement between the armies of Persia under Cyrus the Great and the Neo-Babylonian Empire under Nabonidus during the Persian invasion of Mesopotamia. At the time, Babylonia was the last major power in western Asia that was not yet under Persian control. The battle was fought in or near the strategic riverside city of Opis, north of the capital Babylon. It resulted in a decisive victory for the Persians. A few days later, the city of Sippar surrendered to the Persians and Cyrus's forces entered Babylon apparently without a fight. Cyrus was subsequently proclaimed king of Babylonia and its subject territories, thus ending the independence of Babylon and incorporating the Babylonian Empire into the greater Persian Empire.",te,True,4,Battle of Opis,ఒపిస్ యుద్ధం,False,True
భారతదేశం మరియు చైనా సరిహద్దు రేఖ పేరేమిటి ?,"The McMahon Line is a border line between Tibetan region of China and North-east region of India, proposed by British colonial administrator Henry McMahon at the 1914 Simla Convention which was signed between the British and the Tibetan representatives. It is currently the effective boundary between China and India, although its legal status is disputed by the Chinese government. ",te,True,0,The McMahon Line,మెక్ మహోన్ లైన్,False,True
జన్యుపరంగా మార్పులు పొందిన జీవిని ఏమంటారు ?,"A genetically modified organism (GMO) is any organism whose genetic material has been altered using genetic engineering techniques. The exact definition of a genetically modified organism and what constitutes genetic engineering varies, with the most common being an organism altered in a way that ""does not occur naturally by mating and/or natural recombination"". A wide variety of organisms have been genetically modified (GM), from animals to plants and microorganisms. Genes have been transferred within the same species, across species (creating transgenic organisms) and even across kingdoms. New genes can be introduced, or endogenous genes can be enhanced, altered or knocked out.",te,True,2,genetically modified organism (GMO),జన్యుపరంగా మార్పు చెందిన జీవులు (GMO లు),False,True
ప్రపంచంలో ముఖ్యమంత్రి పదవిని అందుకున్న తొలి మహిళ పేరేమిటి?,"Sirima Ratwatte Dias Bandaranaike (, ; 17 April 1916 – 10 October 2000), commonly known as Sirimavo Bandaranaike, was a Sri Lankan stateswoman. She became the world's first non-hereditary female head of state or government in modern history, when she was elected Prime Minister of Sri Lanka in 1960. She served three terms: 1960–1965, 1970–1977 and 1994–2000.",te,True,0,Sirima Ratwatte Dias Bandaranaike,సిరిమా రాట్వాట్ డియాస్ బండారనాయికే,False,True
ఆవర్తన పట్టికలో ఎన్ని వాయువులు ఉన్నాయి?,"In chemistry, a nonmetal (or non-metal) is a chemical element that mostly lacks metallic attributes. Physically, nonmetals tend to have relatively low melting and boiling points, and densities, are mostly brittle if solid, and are usually poor conductors of heat and electricity; chemically, they tend to have relatively high ionization energy, electron affinity, and electronegativity values, and gain or share electrons when they react with other elements or compounds. Seventeen elements are generally classified as nonmetals; most are gases (hydrogen, helium, nitrogen, oxygen, fluorine, neon, chlorine, argon, krypton, xenon and radon); one is a liquid (bromine), and a few are solids (carbon, phosphorus, sulfur, selenium, and iodine). Metalloids such as boron, silicon and germanium are sometimes counted as nonmetals.",te,True,546,"hydrogen, helium, nitrogen, oxygen, fluorine, neon, chlorine, argon, krypton, xenon and radon","హైడ్రోజన్, హెలియం, నైట్రోజన్, ఆక్సిజన్, ఫ్లోరిన్, నియోన్, క్లోరిన్, ఆర్గాన్, క్రిప్టన్, క్జెనోన్ మరియు రాడాన్",False,True
మానవ శరీరంలోని మెదడులోని మొత్తం భాగాల సంఖ్య ఎంత ?,"The human brain is the central organ of the human nervous system, and with the spinal cord makes up the central nervous system. The brain consists of the cerebrum, the brainstem and the cerebellum. It controls most of the activities of the body, processing, integrating, and coordinating the information it receives from the sense organs, and making decisions as to the instructions sent to the rest of the body. The brain is contained in, and protected by, the skull bones of the head. 
The cerebrum is the largest part of the human brain. It is divided into two cerebral hemispheres. The cerebral cortex is an outer layer of grey matter, covering the core of white matter. The cortex is split into the neocortex and the much smaller allocortex. The neocortex is made up of six neuronal layers, while the allocortex has three or four. Each hemisphere is conventionally divided into four lobes – the frontal, temporal, parietal, and occipital lobes. The frontal lobe is associated with executive functions including self-control, planning, reasoning, and abstract thought, while the occipital lobe is dedicated to vision. Within each lobe, cortical areas are associated with specific functions, such as the sensory, motor and association regions. Although the left and right hemispheres are broadly similar in shape and function, some functions are associated with one side, such as language in the left and visual-spatial ability in the right. The hemispheres are connected by commissural nerve tracts, the largest being the corpus callosum.",te,True,154,"cerebrum, the brainstem and the cerebellum","మెదడు, మెదడు కండరము మరియు మెదడు కండరము",False,True
ఆవర్తన పట్టికలో ఎన్ని వాయువులు ఉంటాయి?,"In chemistry, a nonmetal (or non-metal) is a chemical element that mostly lacks metallic attributes. Physically, nonmetals tend to have relatively low melting and boiling points, and densities, are mostly brittle if solid, and are usually poor conductors of heat and electricity; chemically, they tend to have relatively high ionization energy, electron affinity, and electronegativity values, and gain or share electrons when they react with other elements or compounds. Seventeen elements are generally classified as nonmetals; most are gases (hydrogen, helium, nitrogen, oxygen, fluorine, neon, chlorine, argon, krypton, xenon and radon); one is a liquid (bromine), and a few are solids (carbon, phosphorus, sulfur, selenium, and iodine). Metalloids such as boron, silicon and germanium are sometimes counted as nonmetals.",te,True,546,"hydrogen, helium, nitrogen, oxygen, fluorine, neon, chlorine, argon, krypton, xenon and radon","హైడ్రోజన్, హెలియం, నైట్రోజన్, ఆక్సిజన్, ఫ్లోరిన్, నియోన్, క్లోరిన్, ఆర్గాన్, క్రిప్టన్, క్జెనోన్ మరియు రాడాన్",False,True
తమిళనాడు రాష్ట్ర మొదటి ముఖ్యమంత్రి ఎవరు?,"Conjeevaram Natarajan Annadurai (15 September 1909 – 3 February 1969), popularly called Anna (""Elder brother"") or Arignar Anna (""Anna, the scholar""), was an Indian politician who served as 1st Chief Minister of Tamil Nadu for 20 days in 1969 and fifth, and last Chief Minister of Madras from 1967 until 1969 when the name of the state of Madras was changed to Tamil Nadu. He was the first member of a Dravidian party to hold either post.",te,True,0,Conjeevaram Natarajan Annadurai,కాన్జీవరాం నతరాజన్ ఆనందూరై,False,True
2015లో డెన్మార్క్ దేశ అధ్యక్షుడు ఎవరు?,"Lars Løkke Rasmussen ( ; born 15 May 1964) is a Danish politician serving as the 25th and current Prime Minister of Denmark since 2015, previously holding the position from 2009 to 2011, and as Leader of the centre-right liberal Venstre party since 2009.",te,True,0,Lars Løkke Rasmussen,లార్స్ లక్కే రాస్మస్సేన్,False,True
ఇండియాలో టెలిఫోన్ ను ఏ సంస్థ ప్రవేశపెట్టింది ?,"In 1880, two telephone companies namely The Oriental Telephone Company Ltd. and The Anglo-Indian Telephone Company Ltd. approached the Government of India to establish telephone exchange in India. The permission was refused on the grounds that the establishment of telephones was a Government monopoly and that the Government itself would undertake the work. In 1881, the Government later reversed its earlier decision and a licence was granted to the Oriental Telephone Company Limited of England for opening telephone exchanges at Calcutta, Bombay, Madras and Ahmedabad and the first formal telephone service was established in the country. On 28 January 1882, Major E. Baring, Member of the Governor General of India's Council declared open the Telephone Exchanges in Calcutta, Bombay and Madras. The exchange in Calcutta named the ""Central Exchange"" had a total of 93 subscribers in its early stage. Later that year, Bombay also witnessed the opening of a telephone exchange.",te,True,44,Oriental Telephone Company Ltd. and The Anglo-Indian Telephone Company Ltd,ఓరియంటల్ టెలిఫోన్ కంపెనీ లిమిటెడ్ మరియు ది ఆంగ్లో-ఇండియన్ టెలిఫోన్ కంపెనీ లిమిటెడ్,False,True
రక్తకణాల కోసం చేసే అధ్యయనాన్ని ఏం అంటారు?,"Hematology, also spelled haematology, is the branch of medicine concerned with the study of the cause, prognosis, treatment, and prevention of diseases related to blood. It involves treating diseases that affect the production of blood and its components, such as blood cells, hemoglobin, blood proteins, bone marrow, platelets, blood vessels, spleen, and the mechanism of coagulation. Such diseases might include hemophilia, blood clots, other bleeding disorders and blood cancers such as leukemia, multiple myeloma, and lymphoma. The laboratory work that goes into the study of blood is frequently performed by a medical technologist or medical laboratory scientist. Many hematologists work as hematologist-oncologists, also providing medical treatment for all types of cancer. The term is from the Greek αἷμα, ""haima"" meaning ""blood,"" and -λoγία meaning study.",te,True,0,Hematology,హేమోటాలజీ,False,True
ఉత్తర అమెరికాలో ఉన్న దేశాల సంఖ్య ఎంత?,"North America covers an area of about 24,709,000 square kilometers (9,540,000 square miles), about 16.5% of the earth's land area and about 4.8% of its total surface.
North America is the third largest continent by area, following Asia and Africa, and the fourth by population after Asia, Africa, and Europe. In 2013, its population was estimated at nearly 579 million people in 23 independent states, or about 7.5% of the world's population, if nearby islands (most notably the Caribbean) are included.",te,True,379,23,23,False,True
కృత్రిమ గుండె ను కనుగొన్నది ఎవరు?,"Paul Winchell invented an artificial heart with the assistance of Henry Heimlich (the inventor of the Heimlich maneuver) and held the first patent for such a device. The University of Utah developed a similar apparatus around the same time, but when they tried to patent it, Winchell's heart was cited as prior art. The university requested that Winchell donate the heart to the University of Utah, which he did.
There is some debate as to how much of Winchell's design Robert Jarvik used in creating Jarvik's artificial heart. Heimlich states, ""I saw the heart, I saw the patent and I saw the letters. The basic principle used in Winchell's heart and Jarvik's heart is exactly the same."" Jarvik denies that any of Winchell's design elements were incorporated into the device he fabricated for humans which was successfully implanted into Barney Clark in 1982.",te,True,0,Paul Winchell,పాల్ విన్చెల్,False,True
చార్లెస్ డికెన్స్ మొత్తం ఎన్ని నవలలు రాసాడు?,"Born in Portsmouth, Dickens left school to work in a factory when his father was incarcerated in a debtors' prison. Despite his lack of formal education, he edited a weekly journal for 20 years, wrote 15 novels, five novellas, hundreds of short stories and non-fiction articles, lectured and performed readings extensively, was an indefatigable letter writer, and campaigned vigorously for children's rights, education, and other social reforms.",te,True,201,15,15,False,True
ఇంటెల్ సంస్థ వ్యవస్థాపకులు ఎవరు ?,"Intel Corporation was founded on July 18, 1968, by semiconductor pioneers Robert Noyce and Gordon Moore (of Moore's law), and widely associated with the executive leadership and vision of Andrew Grove. The company's name was conceived as portmanteau of the words ""int""egrated and ""el""ectronics, with co-founder Noyce having been a key inventor of the integrated circuit (microchip). The fact that ""intel"" is the term for intelligence information also made the name appropriate. Intel was an early developer of SRAM and DRAM memory chips, which represented the majority of its business until 1981. Although Intel created the world's first commercial microprocessor chip in 1971, it was not until the success of the personal computer (PC) that this became its primary business.",te,True,74,Robert Noyce and Gordon Moore,రాబర్ట్ నోయిస్ మరియు గోర్డాన్ మూర్,False,True
మానవుడి జీవితకాలం ఎంత?,"Evidence-based studies indicate that the life span of an individual depends on two major factors, genetics and lifestyle choices. For various reasons, including biological/genetic causes, women live on average about four years longer than men— the global average life expectancy at birth of a girl is estimated at 70.2 years compared to 66.1 for a boy. There are significant geographical variations in human life expectancy, mostly correlated with economic development—for example life expectancy at birth in Hong Kong is 84.8 years for girls and 78.9 for boys, while in Swaziland, primarily because of AIDS, it is 31.3 years for both sexes. The developed world is generally aging, with the median age around 40 years. In the developing world the median age is between 15 and 20 years. While one in five Europeans is 60 years of age or older, only one in twenty Africans is 60 years of age or older. The number of centenarians (humans of age 100 years or older) in the world was estimated by the United Nations at 210,000 in 2002. Jeanne Calment is widely believed to have reached the age of 122; higher ages have been claimed but are unsubstantiated.",te,True,248,global average life expectancy at birth of a girl is estimated at 70.2 years compared to 66.1 for a boy,బాలిక పుట్టినప్పుడు ప్రపంచ సగటు జీవన కాలవ్యవధి 70.2 సంవత్సరాలుగా అంచనా వేయబడింది.,False,True
హర్యానా రాష్ట్ర రాజధాని ఏది?,"Haryana (), carved out of the former state of East Punjab on 1November 1966 on linguistic as well as on cultural basis, is one of the 29 states in India. Situated in North India with less than 1.4% () of India's land area, it is ranked 22nd in terms of area. Chandigarh is the state capital, Faridabad in National Capital Region is the most populous city of the state and Gurugram is a leading financial hub of NCR with major Fortune 500 companies located in it. Haryana has 6 administrative divisions, 22 districts, 72 sub-divisions, 93 revenue tehsils, 50 sub-tehsils, 140 community development blocks, 154 cities and towns, 6,848 villages and 6222 villages panchayats.",te,True,259,Chandigarh,చండీగఢ్,False,True
భౌతిక శాస్త్రంలో భారతదేశం నుండి నోబెల్ బహుమతి పొందిన మొదటి వ్యక్తి ఎవరు?,"Raman spectroscopy came to be based on this phenomenon, and Ernest Rutherford referred to it in his presidential address to the Royal Society in 1929. Raman was president of the 16th session of the Indian Science Congress in 1929. He was conferred a knighthood, and medals and honorary doctorates by various universities. Raman was confident of winning the Nobel Prize in Physics as well but was disappointed when the Nobel Prize went to Owen Richardson in 1928 and to Louis de Broglie in 1929. He was so confident of winning the prize in 1930 that he booked tickets in July, even though the awards were to be announced in November, and would scan each day's newspaper for announcement of the prize, tossing it away if it did not carry the news. He did eventually win the 1930 Nobel Prize in Physics ""for his work on the scattering of light and for the discovery of the Raman effect"". He is the first Asian and first non-white to receive any Nobel Prize in the sciences. Before him Rabindranath Tagore (also Indian) had received the Nobel Prize for Literature in 1913.",te,True,0,Raman,రామన్,False,True
సురినామ్ దేశ మొదటి ప్రధానమంత్రి ఎవరు?,"Henck Alphonsus Eugène Arron (25 April 1936 – 4 December 2000) was the first Prime Minister of Suriname after it gained independence in 1975. A member of the National Party of Suriname, he served from 24 December 1973 with the transition government, to 25 February 1980. He was overthrown in a coup d'état by the military, led by Dési Bouterse. Released in 1981 after charges of corruption were dropped, he returned to banking, his previous career. ",te,True,0,Henck Alphonsus Eugène Arron,హెన్క్ అల్ఫోన్సస్ యూజీన్ అరోన్,False,True
అజర్‌బైజాన్ దేశ రాజధాని ఏది?,"Baku (; , ) is the capital and largest city of Azerbaijan, as well as the largest city on the Caspian Sea and of the Caucasus region. Baku is located below sea level, which makes it the lowest lying national capital in the world and also the largest city in the world located below sea level. It is located on the southern shore of the Absheron Peninsula, alongside the Bay of Baku. At the beginning of 2009, Baku's urban population was estimated at just over two million people. Officially, about 25 percent of all inhabitants of the country live in Baku's metropolitan area. Baku is the sole metropolis in Azerbaijan.",te,True,0,Baku,బాకు,False,True
ప్రపంచంలో ఎక్కువగా సిమెంటు‌ని ఉత్పత్తి చేసే దేశం ఏది ?,"In 2010, the world production of hydraulic cement was . The top three producers were China with 1,800, India with 220, and USA with 63.5 million tonnes for a total of over half the world total by the world's three most populated states.",te,True,96,"1,800","1,800",False,True
బంగ్లాదేశ్ దేశ జాతీయ భాష ఏది?,"English is a co-official language of Bangladesh and is widely used in the executive, legislative and judicial branches. Bangladesh's Constitution and laws were written in English and are now being re-written in the Bengali. It is also widely used in schools, colleges and universities as a medium of instruction.",te,True,0,English,ఇంగ్లీష్,False,True
మిడిల్‌సెక్స్ దేశంలో నిర్మించిన మొదటి విశ్వవిద్యాలయం ఏది?,"Middlesex University London is a public university in Hendon, north west London, England. It is one of the post-1992 universities and is a member of the Million+ working group. The name of the University is taken from its location within the historic county boundaries of Middlesex. The university's history can be traced back to 1878 when its founding institute, St Katherine's College, was established in Tottenham as a teacher training college for women. Having merged with several other institutes, the university was consolidated in its current form in 1992.",te,True,558,1992,1992,False,True
మొరాకో దేశ రాజధాని ఏమిటి?,"Morocco (; ; ; ), officially the Kingdom of Morocco (; ; ), is a country located in the Maghreb region of North West Africa with an area of . Its capital is Rabat, the largest city Casablanca. It overlooks the Mediterranean Sea to the north and the Atlantic Ocean to the west. Morocco claims the areas of Ceuta, Melilla and Peñón de Vélez de la Gomera, all of them currently under Spanish jurisdiction.",te,True,157,Rabat,రబాత్,False,True
భారతదేశంలో పట్టు వస్త్రాలకు ప్రసిద్ధి గాంచిన నగరం పేరు ఏంటి?,"Silk in the Indian subcontinent is a luxury good. In India, about 97% of the raw mulberry silk is produced in the five Indian states of Karnataka, Andhra Pradesh, Tamil Nadu, West Bengal and Jammu and Kashmir. Mysore and North Bangalore, the upcoming site of a US$20 million ""Silk City"", contribute to a majority of silk production. Another emerging silk producer is Tamil Nadu where mulberry cultivation is concentrated in Salem, Erode and Dharmapuri districts. Hyderabad, Andhra Pradesh and Gobichettipalayam, Tamil Nadu were the first locations to have automated silk reeling units. ",te,True,210,Mysore and North Bangalore,మైసూర్ మరియు ఉత్తర బెంగళూరు,False,True
బ్రిటిష్ మ్యూజియం ని ఎప్పుడు స్థాపించారు?,"The British Museum was established in 1753, largely based on the collections of the Irish physician and scientist Sir Hans Sloane. It first opened to the public on 15 January 1759, in Montagu House, on the site of the current building. Its expansion over the following two and a half centuries was largely a result of expanding British colonisation and has resulted in the creation of several branch institutions, the first being the British Museum (Natural History) – now the Natural History Museum – in 1881.",te,True,38,1753,1753 వ సంవత్సరం,False,True
2010 నాటికి కేరళ రాష్ట్రములో ఎన్ని విశ్వవిద్యాలయాలు ఉన్నాయి?,There are 13 state universities in Kerala.,te,True,10,13,13,False,True
2013 నాటికి కృష్ణా జిల్లా లో ఎన్ని రైల్వే స్టేషన్లు ఉన్నాయి?,"Vijayawada Railway Station was established in the 19th Century (Late 1880's) .
Vijayawada Railway Station is classified as an ""A1 category"" station and is one of the busiest of Indian Railways. Suburban rail services are operated from the railway station to the nearby cities of Guntur and Tenali, Gudivada, machlipatnam, Bhimavaram, Narasapuram. The city houses the headquarters of Vijayawada railway division, one of the six railway divisions of South Central Railway zone. The station has also a diesel and electric loco sheds which have a capacity of holding 220 locos by both the sheds. Also, this station connects to the major cities of India such as Mumbai, Secunderabad, Chennai, Delhi and Howrah by train. This is also a junction for Howrah-Chennai, Howrah-Bangalore and Delhi-Chennai main lines. This city has also the satellite stations to serve the city in busy times such as ""Krishna canal Jn."" etc.",te,True,423,six,ఆరు,False,True
ఎన్క్రిప్షన్ ను మొదటగా ఎవరు కనుగొన్నారు?,"The Enigma machines are a series of electro-mechanical rotor cipher machines, mainly developed and used in the early- to mid-20th century to protect commercial, diplomatic and military communication. Enigma was invented by the German engineer Arthur Scherbius at the end of World War I. Early models were used commercially from the early 1920s, and adopted by military and government services of several countries, most notably Nazi Germany before and during World War II. Several different Enigma models were produced, but the German military models, having a plugboard, were the most complex. Japanese and Italian models were also in use.",te,True,243,Arthur Scherbius,ఆర్తర్ షెర్బియస్,False,True
ముద్రణ యంత్రాన్ని మొదట ఎవరు కనుగొన్నారు?,"A printing press is a mechanical device for applying pressure to an inked surface resting upon a medium (such as paper or cloth), thereby transferring an image. The systems involved were first assembled in Germany by the goldsmith Johannes Gutenberg in the mid-15th century. Printing methods based on Gutenberg's printing press spread rapidly throughout first Europe and then the rest of the world, replacing most block printing and making it the sole progenitor of modern movable type printing. As a method of creating reproductions for mass consumption, The printing press has been superseded by the advent of offset printing.",te,True,231,Johannes Gutenberg,జోహన్నెస్ గుటెన్బర్గ్,False,True
లిథువేనియా దేశ మొదటి ప్రధానమంత్రి ఎవరు?,"Kazimiera Prunskienė became the first Prime Minister of newly independent Lithuania, appointed by the Supreme Council on 17 March 1990, although the law governing the mandate of the government was only adopted on the 22 March. Her government resigned less than a year later and was followed by those of Albertas Šimėnas, Gediminas Vagnorius, Aleksandras Abišala. These early governments were primarily occupied with ensuring the diplomatic recognition and economic support for the new country and managing tensions with the Soviet Union.",te,True,0,Kazimiera Prunskienė,కాజిమేరా ప్రిన్స్కియెనా,False,True
క్షీరదాల శాస్త్రీయ నామం ఏంటి?,"Mammals ( from Latin ""mamma"" ""breast"") are vertebrate animals constituting the class Mammalia, and characterized by the presence of mammary glands which in females produce milk for feeding (nursing) their young, a neocortex (a region of the brain), fur or hair, and three middle ear bones. These characteristics distinguish them from reptiles and birds, from which they diverged in the late Triassic, 201–227 million years ago. There are around 5,450 species of mammals. The largest orders are the rodents, bats and Soricomorpha (shrews and others). The next three are the Primates (humans, apes, monkeys, and others), the Cetartiodactyla (whales and even-toed ungulates), and the Carnivora (cats, dogs, seals, and others).",te,True,85,Mammalia,క్షీరదాలు,False,True
ఉత్తర కొరియా దేశ అధికారిక భాష ఏది?,"The Korean language ( / ""Hangugeo""; / ""Chosŏnmal"") is an East Asian language spoken by about 80 million people. It is a member of the Koreanic language family and is the official and national language of both Koreas: North Korea and South Korea, with different standardized official forms used in each territory. It is also one of the two official languages in the Yanbian Korean Autonomous Prefecture and Changbai Korean Autonomous County of Jilin province, China. Historical and modern linguists classify Korean as a language isolate; however, it does have a few extinct relatives, which together with Korean itself and the Jeju language (spoken in the Jeju Province and considered somewhat distinct) form the Koreanic language family. This implies that Korean is not an isolate, but a member of a micro-family. The idea that Korean belongs to the controversial Altaic language family is discredited in academic research. Korean is agglutinative in its morphology and SOV in its syntax.",te,True,4,Korean,కొరియన్,False,True
ఒక మానవ హృదయం నిమిషానికి ఎన్ని సార్లు కొట్టుకుంటుంది?,"The basal or resting heart rate (HR) is defined as the heart rate when a person is awake, in a neutrally temperate environment, and has not been subject to any recent exertion or stimulation, such as stress or surprise. A large body of evidence indicates that the normal range is 60-100 beats per minute. This resting heart rate is often correlated with mortality. For example, all-cause mortality is increased by 1.22 (hazard ratio) when heart rate exceeds 90 beats per minute. The mortality rate of patients with myocardial infarction increased from 15% to 41% if their admission heart rate was greater than 90 beats per minute. ECG of 46,129 individuals with low risk for cardiovascular disease revealed that 96% had resting heart rates ranging from 48-98 beats per minute. Finally, expert consensus reveals that 98% of cardiologists believe that the ""60 to 100"" range is too high, with a vast majority of them agreeing that 50 to 90 beats per minute is more appropriate. The normal resting heart rate is based on the at-rest firing rate of the heart's sinoatrial node, where the faster pacemaker cells driving the self-generated rhythmic firing and responsible for the heart's autorhythmicity are located. For endurance athletes at the elite level, it is not unusual to have a resting heart rate between 33 and 50 bpm.",te,True,280,60-100 beats,60-100 బీట్స్,False,True
స్త్రీ ని ఆంగ్లములో ఏం అంటారు?,"The word womyn is one of several alternative spellings of the English word ""women"" used by some feminists. There are other spellings, including womban (a reference to the womb) or womon (singular), and wimmin (plural). Some writers who use such alternative spellings, avoiding the suffix or , see them as an expression of female independence and a repudiation of traditions that define women by reference to a male norm. Recently, womxm has been used by feminists to indicate the same ideas, with explicit inclusion of transgender women and women of color.",te,True,76,women,మహిళలు,False,True
హిందీ నటుడు రాజ్ కుమార్ నటించిన మొదటి చిత్రం ఏది?,"Raaj Kumar (8 October 1926 – 3 July 1996), born as Kulbhushan Pandit, was an Indian film actor. He worked as sub-inspector of Mumbai Police in the late 1940s before he turned to acting with the 1952 Hindi film ""Rangeeli"". He appeared in the Oscar-nominated 1957 film ""Mother India"" and went on to star in over 70 Hindi films in a career that spanned over four decades.",te,True,210,"""Rangeeli""","""రంగేలీ""",False,True
ఫోర్డ్ కంపెనీ వ్యవస్థాపకుడు ఎవరు?,"Ford Motor Company is a multinational automaker that has its main headquarter in Dearborn, Michigan, a suburb of Detroit. It was founded by Henry Ford and incorporated on June 16, 1903. The company sells automobiles and commercial vehicles under the Ford brand and most luxury cars under the Lincoln brand. Ford also owns Brazilian SUV manufacturer Troller, an 8% stake in Aston Martin of the United Kingdom and a 32% stake in Jiangling Motors. It also has joint-ventures in China (Changan Ford), Taiwan (Ford Lio Ho), Thailand (AutoAlliance Thailand), Turkey (Ford Otosan), and Russia (Ford Sollers). The company is listed on the New York Stock Exchange and is controlled by the Ford family; they have minority ownership but the majority of the voting power.",te,True,140,Henry Ford,హెన్రీ ఫోర్డ్,False,True
బాంగ్లాదేశ్ జాతీయ జంతువు ఏంటి?,"The national symbols of the Bangladesh consist of symbols to represent Bangladeshi traditions and ideals that reflect the different aspects of the cultural life and history. Bangladesh has several official national symbols including a historic document, a flag, an emblem, an anthem, memorial towers as well as several national heroes. There are also several other symbols including the national animal, bird, flower and tree.",te,True,404,bird,పక్షి,False,True
న్యూట్రాన్ బరువు ఎంత ?,"The neutron is a subatomic particle, symbol or , with no net electric charge and a mass slightly larger than that of a proton. Protons and neutrons constitute the nuclei of atoms. Since protons and neutrons behave similarly within the nucleus, and each has a mass of approximately one atomic mass unit, they are both referred to as nucleons. Their properties and interactions are described by nuclear physics.",te,True,281,one atomic mass unit,ఒక అణు మాస్ యూనిట్,False,True
మోహన్‌దాస్ కరంచంద్ గాంధీ తల్లిదండ్రులు ఎవరు?,"Although he only had an elementary education and had previously been a clerk in the state administration, Karamchand proved a capable chief minister. During his tenure, Karamchand married four times. His first two wives died young, after each had given birth to a daughter, and his third marriage was childless. In 1857, Karamchand sought his third wife's permission to remarry; that year, he married Putlibai (1844–1891), who also came from Junagadh, and was from a Pranami Vaishnava family. Karamchand and Putlibai had three children over the ensuing decade: a son, Laxmidas (c. 1860–1914); a daughter, Raliatbehn (1862–1960); and another son, Karsandas (c. 1866–1913).",te,True,493,Karamchand and Putlibai,కరమ్చంద్ మరియు పుట్లిబాయ్,False,True
సంస్కృత భాషలో సమయాన్ని ఏమంటారు?,"Kaal or ( ; kaalam or kaala) is a word used in Sanskrit to mean ""time"". The Tamil word ""kaalam"" refers to duration (an interval) in time. It is also the name of a deity, in which sense it is not always distinguishable from "", meaning ""black"". It is often used as one of the various names or forms of Yama. Kaal/Kaala is also referred to the concept of Spacetime. In the Yogic System the concept of SpaceTime was referred to as one word rather than two separate concepts of Space (darkness) and Time.",te,True,0,Kaal,కాల్,False,True
వేల్స్ దేశ మారకద్రవ్యం ఏమిటి ?,"The pound sterling is the currency used in Wales. Numerous Welsh banks issued their own banknotes in the 19th century. The last bank to do so closed in 1908; since then, although banks in Scotland and Northern Ireland continue to have the right to issue banknotes in their own countries, the Bank of England has a monopoly on the issue of banknotes in Wales. The Commercial Bank of Wales, established in Cardiff by Sir Julian Hodge in 1971, was taken over by the Bank of Scotland in 1988 and absorbed into its parent company in 2002. The Royal Mint, who issue the coinage circulated through the whole of the UK, have been based at a single site in Llantrisant since 1980. Since decimalisation, in 1971, at least one of the coins in UK circulation has depicted a Welsh design, e.g. the 1995 and 2000 one Pound coin (above). However, Wales has not been represented on any coin minted from 2008.",te,True,4,pound sterling,పౌండ్ స్టీరింగ్,False,True
గూగుల్ క్లౌడ్ సాఫ్ట్‌వేర్ ను ఎప్పుడు ప్రారంభించారు?,"In April 2008, Google announced App Engine, a platform for developing and hosting web applications in Google-managed data centers, which was the first cloud computing service from the company. The service became generally available in November 2011. Since the announcement of App Engine, Google added multiple cloud services to the platform.",te,True,3,April 2008,ఏప్రిల్ 2008,False,True
"ఆంధ్ర ప్రదేశ్, భారతదేశంలో ఎన్ని అతిపెద్ద రాష్ట్రం ఏది?","Andhra Pradesh () () is one of the 29 states of India. Situated in the south-east of the country, it is the eighth-largest state in India, covering an area of . As per the 2011 census, it is the tenth most populous state, with 49,386,799 inhabitants. The largest city in Andhra Pradesh is Visakhapatnam. Telugu, one of the classical languages of India, is the major and official language of Andhra Pradesh.",te,True,108,eighth,ఎనిమిదవ,False,True
ఆస్ట్రేలియాలో ఎన్ని రాష్ట్రాలు ఉన్నాయి?,"States and territories of Australia (officially known as the Commonwealth of Australia) is a federation of six states, together with ten federal territories. The Australian mainland consists of five of the six federated states and three of the federal territories (the ""internal"" territories). The state of Tasmania is an island about south of the mainland. The remaining seven territories are classified for some purposes as ""external"" territories.",te,True,107,six,ఆరు,False,True
కాల్ ఆఫ్ ది వైల్డ్‌ అనే నవలను ఎప్పుడు ప్రచురించారు?,"The Call of the Wild is a short adventure novel by Jack London published in 1903 and set in Yukon, Canada, during the 1890s Klondike Gold Rush, when strong sled dogs were in high demand. The central character of the novel is a dog named Buck. The story opens at a ranch in Santa Clara Valley, California, when Buck is stolen from his home and sold into service as a sled dog in Alaska. He becomes progressively feral in the harsh environment, where he is forced to fight to survive and dominate other dogs. By the end, he sheds the veneer of civilization, and relies on primordial instinct and learned experience to emerge as a leader in the wild.",te,True,76,1903,1903 లో,False,True
రష్యాలో అతి పెద్ద సరస్సు ఏంటి?,"Lake Vostok (, ""Ozero Vostok"", lit. ""Lake East"") is the largest of Antarctica's almost 400 known subglacial lakes.
Lake Vostok is located at the southern Pole of Cold, beneath Russia's Vostok Station under the surface of the central East Antarctic Ice Sheet, which is at above mean sea level. The surface of this fresh water lake is approximately under the surface of the ice, which places it at approximately below sea level.",te,True,0,Lake Vostok,వోస్టోక్ సరస్సు,False,True
వేడిని ఏ పరికరంతో కొలుస్తారు?,"A calorimeter is an object used for calorimetry, or the process of measuring the heat of chemical reactions or physical changes as well as heat capacity. Differential scanning calorimeters, isothermal micro calorimeters, titration calorimeters and accelerated rate calorimeters are among the most common types. A simple calorimeter just consists of a thermometer attached to a metal container full of water suspended above a combustion chamber. It is one of the measurement devices used in the study of thermodynamics, chemistry, and biochemistry.",te,True,2,calorimeter,క్యాలరీమీటర్,False,True
ఓజోన్ లో ఎన్ని ఆక్సిజన్ అణువులు ఉంటాయి?,"And if two oxygen atoms meet, they react to form one oxygen molecule:
This reaction is known to have a negative order of reaction of -1.
",te,True,7,two,రెండు,False,True
2015 నాటికి  ఫేస్‌బుక్ సి.ఈ.ఓ పేరేమిటి ?,"Mark Elliot Zuckerberg (; born May 14, 1984) is an American technology entrepreneur and philanthropist. He is known for co-founding and leading Facebook as its chairman and chief executive officer.",te,True,0,Mark Elliot Zuckerberg,మార్క్ ఎలియట్ జుకర్బర్గ్,False,True
స్టీవెన్ స్పీల్బర్గ్ దర్శకత్వం వహించిన మొదటి చిత్రం ఏది?,"After gaining traction in Hollywood with directing television and several minor theatrical releases, Spielberg became a household name as the director of ""Jaws"" (1975), which was critically and commercially successful, and is considered the first summer blockbuster. His subsequent releases focused typically on science fiction and adventure films, with ""Close Encounters of the Third Kind"" (1977), the ""Indiana Jones"" series, ""E.T. the Extra-Terrestrial"" (1982), and the ""Jurassic Park"" series seen as archetypes of modern Hollywood escapist filmmaking. Spielberg transitioned into addressing humanistic issues in his later work via the films ""The Color Purple"" (1985), ""Empire of the Sun"" (1987), ""Schindler's List"" (1993), ""Amistad"" (1997) and ""Saving Private Ryan"" (1998). He has largely adhered to this practice during the 21st century, with ""Munich"" (2005), ""Lincoln"" (2012), ""Bridge of Spies"" (2015), and ""The Post"" (2017).",te,True,154,"""Jaws""","""జౌస్""",False,True
ఆండ్రాయిడ్ ప్లే స్టోర్లో మొదటగా  ప్రవేశపెట్టిన వెబ్ బ్రౌజరు పేరేమిటి?,"Google Chrome (commonly known simply as Chrome) is a cross-platform web browser developed by Google. It was first released in 2008 for Microsoft Windows, and was later ported to Linux, macOS, iOS, and Android. The browser is also the main component of Chrome OS, where it serves as the platform for web apps.",te,True,0,Google Chrome,గూగుల్ క్రోమ్,False,True
మొట్టమొదటిగా వార్తలను ప్రసారం చేసిన ఛానల్ ఏ దేశంలో ఉంది?,"Lowell Thomas hosted the first-ever, regularly scheduled news broadcast on television in 1940 which was simply a simulcast of his nightly NBC network radio newscast, with the television broadcast seen only in New York City over pioneer NBC television station WNBT (now WNBC). The television simulcast lasted for only a few months.",te,True,209,New York City,న్యూయార్క్ నగరం,False,True
మొట్టమొదటి వార్తాపత్రిక పేరేమిటి?,"The term newspaper became common in the 17th century. However, in Germany, publications that we would today consider to be newspaper publications, were appearing as early as the 16th century. They were discernibly newspapers for the following reasons: they were printed, dated, appeared at regular and frequent publication intervals, and included a variety of news items (unlike single item news mentioned above). The emergence of the new media branch was based on the spread of the printing press from which the publishing press derives its name. Historian Johannes Weber says, ""At the same time, then, as the printing press in the physical, technological sense was invented, 'the press' in the extended sense of the word also entered the historical stage."" The German-language ""Relation aller Fürnemmen und gedenckwürdigen Historien"", printed from 1605 onwards by Johann Carolus in Strasbourg, was the first newspaper.",te,True,780,Relation aller Fürnemmen und gedenckwürdigen Historien,ఫుర్నెమ్మెన్ అండ్ జెడెన్క్వార్డిగ్నే హిస్టోరియన్ల మధ్య సంబంధాలు,False,True
మహా భారత గ్రంథాన్ని రచించింది ఎవరు?,"Traditionally, the authorship of the ""Mahābhārata"" is attributed to Vyāsa. There have been many attempts to unravel its historical growth and compositional layers. The oldest preserved parts of the text are thought to be not much older than around 400 BCE, though the origins of the epic probably fall between the 8th and 9th centuries BCE. The text probably reached its final form by the early Gupta period (c. 4th century CE). According to the ""Mahābhārata"" itself, the tale is extended from a shorter version of 24,000 verses called simply ""Bhārata"".",te,True,68,Vyāsa,వైసా,False,True
నీటి యొక్క సాంకేతిక నామం ఏమిటి?,"The dihydrogen monoxide parody involves calling water by the unfamiliar chemical name ""dihydrogen monoxide"" (DHMO), or ""hydroxylic acid"" in some cases, and listing some of water's well-known effects in a particularly alarming manner, such as accelerating corrosion and causing suffocation. The parody often calls for dihydrogen monoxide to be banned, regulated, and labeled as dangerous. It illustrates how a lack of scientific literacy and an exaggerated analysis can lead to misplaced fears.",te,True,87,dihydrogen monoxide,డీహైడ్రోజన్ మోనోక్సైడ్,False,True
2018 వరకు భారతదేశంలో గల నేషనల్ ఇన్‌స్టిట్యూట్స్ ఆఫ్ టెక్నాలజీల సంఖ్య ఎంత ?,"The National Institutes of Technology (NITs) are autonomous public institutes of higher education, located in India. They are governed by the ""National Institutes of Technology Act, 2007"", which declared them as institutions of national importance alongside Indian Institutes of Technology. These institutes of national importance receive special recognition from the Government of India. The NIT Council is the supreme governing body of India's National Institutes of Technology (NIT) system and all 31 NITs are funded by the Government of India. These institutes are among the top ranked engineering colleges in India and have one of the lowest acceptance rates for engineering institutes, of around 2 to 3 percent, second only to the Indian Institutes of Technology (IITs) in India. All NITs are autonomous which enables them to set up their own curriculum. The language of instruction is English at all these institutes.",te,True,438,India's National Institutes of Technology (NIT) system and all 31 NITs are funded by the Government of India,"భారతదేశం లోని నేషనల్ ఇన్స్టిట్యూట్ ఆఫ్ టెక్నాలజీ (ఎన్ఐటి) వ్యవస్థ కు, 31 ఎన్ఐటి ల కు భారత ప్రభుత్వం నిధులు సమకూర్చింది.",False,True
భారతదేశానికి మొదటి ప్రధాన మంత్రిగా పని చేసిన మహిళ ఎవరు?,"Indira Priyadarshini Gandhi (; née Nehru; 19 November 1917 – 31 October 1984), was an Indian politician, stateswoman and a central figure of the Indian National Congress. She was the first and, to date, the only female Prime Minister of India. Indira Gandhi was the daughter of Jawaharlal Nehru, the first prime minister of India. She served as Prime Minister from January 1966 to March 1977 and again from January 1980 until her assassination in October 1984, making her the second longest-serving Indian Prime Minister after her father. 
Gandhi served as her father's personal assistant and hostess during his tenure as Prime Minister between 1947 and 1964. She was elected President of the Indian National Congress in 1959. Upon her father's death in 1964 she was appointed as a member of the Rajya Sabha (upper house) and became a member of Lal Bahadur Shastri's cabinet as Minister of Information and Broadcasting. In the Congress Party's parliamentary leadership election held in early 1966 (upon the death of Shastri), she defeated her rival Morarji Desai, to become leader, and thus succeeded Shastri as Prime Minister of India.",te,True,0,Indira Priyadarshini Gandhi,ఇందిరా ప్రియాదార్షిని గాంధీ,False,True
భారతదేశ మొదటి మహిళా ప్రధాని ఎవరు?,"Indira Priyadarshini Gandhi (; née Nehru; 19 November 1917 – 31 October 1984), was an Indian politician, stateswoman and a central figure of the Indian National Congress. She was the first and, to date, the only female Prime Minister of India. Indira Gandhi was the daughter of Jawaharlal Nehru, the first prime minister of India. She served as Prime Minister from January 1966 to March 1977 and again from January 1980 until her assassination in October 1984, making her the second longest-serving Indian Prime Minister after her father. 
Gandhi served as her father's personal assistant and hostess during his tenure as Prime Minister between 1947 and 1964. She was elected President of the Indian National Congress in 1959. Upon her father's death in 1964 she was appointed as a member of the Rajya Sabha (upper house) and became a member of Lal Bahadur Shastri's cabinet as Minister of Information and Broadcasting. In the Congress Party's parliamentary leadership election held in early 1966 (upon the death of Shastri), she defeated her rival Morarji Desai, to become leader, and thus succeeded Shastri as Prime Minister of India.",te,True,0,Indira Priyadarshini Gandhi,ఇందిరా ప్రియాదార్షిని గాంధీ,False,True
మహాభారతం గ్రంథాన్ని రచించింది ఎవరు?,"Mahabharat is an Indian television series based on the Hindu epic of the same name. The 94-episode Hindi series originally ran from 2 October 1988 to 24 June 1990 on DD National. It was produced by B. R. Chopra and directed by his son Ravi Chopra. The music was composed by Rajkamal. The script was written by the Urdu poet Rahi Masoom Raza, based on the original story by Vyasa. Costumes for the series were provided by Maganlal Dresswala.",te,True,373,Vyasa,వియాసా,False,True
భూమి మీద అతి చిన్న కీటకం ఏది?,"Fairyflies are very tiny insects, like most chalcid wasps. They generally range from long. They include the world's smallest known insect, with a body length of only , and the smallest known flying insect, only long. They usually have nonmetallic black, brown, or yellow bodies. The antennae of the females are distinctively tipped by club-like segments, while male antennae are thread-like. Their wings are usually slender and possess long bristles, giving them a hairy or feathery appearance, although some species may have greatly reduced stubby wings or lack wings altogether. They can be distinguished from other chalcid wasps by the H-shaped pattern of sutures on the front of their heads.",te,True,0,Fairyflies,కన్య ఎలుకలు,False,True
మొదటి భారత స్వాతంత్ర్య యుద్ధం ఎప్పుడు జరిగింది?,"The Indian Rebellion of 1857 was a major, but ultimately unsuccessful, uprising in India in 1857–58 against the rule of the British East India Company, which functioned as a sovereign power on behalf of the British Crown. The rebellion began on 10 May 1857 in the form of a mutiny of sepoys of the Company's army in the garrison town of Meerut, 40 miles northeast of Delhi (now Old Delhi). It then erupted into other mutinies and civilian rebellions chiefly in the upper Gangetic plain and central India, though incidents of revolt also occurred farther north and east. The rebellion posed a considerable threat to British power in that region, and was contained only with the rebels' defeat in Gwalior on 20 June 1858. On 1 November 1858, the British granted amnesty to all rebels not involved in murder, though they did not declare the hostilities formally to have ended until 8 July 1859. The rebellion is known by many names, including the Sepoy Mutiny, the Indian Mutiny, the Great Rebellion, the Revolt of 1857, the Indian Insurrection, and in South Asia as the First War of Independence.",te,True,24,1857,1857 సంవత్సరము,False,True
2017 నాటికీ ఉక్రెయిన్ దేశ ప్రధానమంత్రి ఎవరు?,The current prime minister is Volodymyr Groysman since he was sworn on 14 April 2016.,te,True,30,Volodymyr Groysman,వోలోడిమిర్ గ్రోయిస్మాన్,False,True
1992 నాటికి ఆంధ్ర ప్రదేశ్ ముఖ్యమంత్రి ఎవరు?,"N. Chandrababu Naidu held the record for the longest serving chief minister (1995 to 2004). In 1994, Andhra Pradesh gave a mandate to the Telugu Desam Party again, and NTR became the chief minister again. Nara Chandrababu Naidu, the son-in-law of NTR, came to power with the backing of a majority of the MLAs. The Telugu Desam Party won both the assembly and Lok Sabha election in 1999 under the leadership of Chandrababu Naidu.",te,True,0,N. Chandrababu Naidu,ఎన్. చంద్రబాబు నాయుడు,False,True
మహాత్మా గాంధీ ఉప్పు సత్యాగ్రహాన్ని ఎక్కడ మొదలుపెట్టాడు?,"The Salt March, also known as the Dandi March and the Dandi Satyagraha, was an act of nonviolent civil disobedience in colonial India led by Mohandas Karamchand Gandhi to produce salt from the seawater in the coastal village of Dandi (now in Gujarat), as was the practice of the local populace until British officials introduced taxation on salt production, deemed their sea-salt reclamation activities illegal, and then repeatedly used force to stop it. The 24-day march lasted from 12 March 1930 to 6 April 1930 as a direct action campaign of tax resistance and nonviolent protest against the British salt monopoly. It gained worldwide attention which gave impetus to the Indian independence movement and started the nationwide Civil Disobedience Movement. Mahatma Gandhi started this march with 78 of his trusted volunteers. Walking ten miles a day for 24 days, the march spanned over 240 miles.",te,True,228,Dandi (now in Gujarat),డాండీ (ఇప్పుడు గుజరాత్ లో),False,True
2018 వరకు చైనా దేశంలో ఎన్ని సార్లు ఒలింపిక్స్ క్రీడలు జరిగాయి?,"The Summer Olympics has been hosted on five continents by a total of nineteen countries. The Games have been held four times in the United States (in 1904, 1932, 1984 and 1996); three times in the United Kingdom (in 1908, 1948 and 2012); twice each in Greece (1896, 2004), France (1900, 1924), Germany (1936, 1972) and Australia (1956, 2000); and once each in Sweden (1912), Belgium (1920), Netherlands (1928), Finland (1952), Italy (1960), Japan (1964), Mexico (1968), Canada (1976), Soviet Union (1980), South Korea (1988), Spain (1992), China (2008) and Brazil (2016).",te,True,347,once,ఒకసారి,False,True
యూ.ఎస్.ఏ దేశ విస్తీర్ణం ఎంత?,"The United States of America (USA), commonly known as the United States (U.S. or US) or America, is a country composed of 50 states, a federal district, five major self-governing territories, and various possessions. At 3.8 million square miles (9.8 million km2), the United States is the world's third or fourth largest country by total area and slightly smaller than the entire continent of Europe's 3.9 million square miles (10.1 million km2). With a population of over 327 million people, the U.S. is the third most populous country. The capital is Washington, D.C., and the largest city by population is New York. Forty-eight states and the capital's federal district are contiguous in North America between Canada and Mexico. The State of Alaska is in the northwest corner of North America, bordered by Canada to the east and across the Bering Strait from Russia to the west. The State of Hawaii is an archipelago in the mid-Pacific Ocean. The U.S. territories are scattered about the Pacific Ocean and the Caribbean Sea, stretching across nine official time zones. The extremely diverse geography, climate, and wildlife of the United States make it one of the world's 17 megadiverse countries.",te,True,220,3.8 million square miles,3.8 మిలియన్ చదరపు మైళ్ళు,False,True
2018లో ప్రపంచంలో చక్కెర ఉత్పత్తిలో మొదటి స్థానంలో ఉన్న దేశం ఏది?,"Sugar subsidies have driven market costs for sugar well below the cost of production. As of 2018, 3/4 of world sugar production is never traded on the open market. Brazil controls half the global market, paying the most ($2.5 billion per year) in subsidies to its sugar industry. ",te,True,164,Brazil,బ్రెజిల్,False,True
సౌరకుటుంభంలో గల అతిపెద్ద గ్రహం ఏది ?,"Jupiter is the fifth planet from the Sun and the largest in the Solar System. It is a giant planet with a mass one-thousandth that of the Sun, but two-and-a-half times that of all the other planets in the Solar System combined. Jupiter and Saturn are gas giants; the other two giant planets, Uranus and Neptune, are ice giants. Jupiter has been known to astronomers since antiquity. It is named after the Roman god Jupiter. When viewed from Earth, Jupiter can reach an apparent magnitude of −2.94, bright enough for its reflected light to cast shadows, and making it on average the third-brightest natural object in the night sky after the Moon and Venus.",te,True,0,Jupiter,జ్యూపిటర్,False,True
బర్మాదేశ రాజధాని ఏది?,The current capital of Myanmar (Burma) is Naypyidaw. The following is a list of political capitals of notable states in Burmese history from the 9th century to the present. The list is generally organised in dynastic and chronological orders. National capitals are shown in bold,te,True,42,Naypyidaw,నాయిపిడావ్,False,True
ప్లేటో ఎన్ని సంవత్సరాలు జీవించాడు?,"Plato (; ""Plátōn"", in Classical Attic; 428/427 or 424/423 – 348/347 BC) was a philosopher in Classical Greece and the founder of the Academy in Athens, the first institution of higher learning in the Western world. He is widely considered the pivotal figure in the development of Western philosophy. Unlike nearly all of his philosophical contemporaries, Plato's entire work is believed to have survived intact for over 2,400 years.",te,True,39,428/427 or 424/423 – 348/347 BC,428/427 లేదా 424/423  348/347 BC,False,True
హర్యానా రాష్ట్రంలో అతిపెద్ద నగరం ఎక్కడ ఉంది?,Faridabad is the largest city (in terms of population) in the north Indian state of Haryana. Its a leading industrial centre and situated in the National Capital Region bordering the Indian capital New Delhi and located 284 kilometres south of the state capital Chandigarh. The river Yamuna forms the eastern district boundary with Uttar Pradesh. Government of India included it in the second list of Smart Cities Mission on 24 May 2016. Faridabad has been described as eighth fastest growing city in the world and third most in India by City Mayors Foundation survey.,te,True,0,Faridabad,ఫరీదాబాద్,False,True
మొదటి మొబైల్ ఫోన్ ని తయారుచేసిన సంస్థ ఏది ?,"Prior to 1973, mobile telephony was limited to phones installed in cars and other vehicles. Motorola was the first company to produce a handheld mobile phone. On April 3, 1973, Martin Cooper, a Motorola researcher and executive, made the first mobile telephone call from handheld subscriber equipment, placing a call to Dr. Joel S. Engel of Bell Labs, his rival. The prototype handheld phone used by Dr. Cooper weighed and measured . The prototype offered a talk time of just 30 minutes and took 10 hours to re-charge.",te,True,92,Motorola,మోటరోలా,False,True
ఆంధ్ర ప్రదేశ్ రాష్ట్రం నుండి తెలంగాణ ఏ సంవత్సరంలో విడిపోయింది?,"The Telangana movement refers to a movement for the creation of a new state, Telangana, from the pre-existing state of Andhra Pradesh in India. The new state corresponds to the Telugu-speaking portions of the erstwhile princely state of Hyderabad. After several years of protest and agitation, the central government, under the United Progressive Alliance, decided to bifurcate the existing Andhra Pradesh state and on 7 February 2014, the Union Cabinet unilaterally cleared the bill for the creation of Telangana. Lasting for almost a decade, this has been one of the most longlasting movements in South India. On 18 February 2014, the Lok Sabha passed the bill with a voice vote. Subsequently, the bill was passed by Rajya Sabha two days later, on 20 February. As per the bill, Hyderabad would be the capital of Telangana, while the city would also remain the capital of residual state of Andhra Pradesh for no more than ten years. On 2 June 2014, Telangana was created.",te,True,430,2014,2014 సంవత్సరం,False,True
మొబైల్ ఫోన్ ని  మొట్టమొదట ఏ సంస్థ ప్రవేశపెట్టింది?,"Before the devices existed that are now referred to as mobile phones or cell phones, there were some precursors. In 1908, a Professor Albert Jahnke and the Oakland Transcontinental Aerial Telephone and Power Company claimed to have developed a wireless telephone. They were accused of fraud and the charge was then dropped, but they do not seem to have proceeded with production. Beginning in 1918, the German railroad system tested wireless telephony on military trains between Berlin and Zossen. In 1924, public trials started with telephone connection on trains between Berlin and Hamburg. In 1925, the company was founded to supply train telephony equipment and, in 1926, telephone service in trains of the Deutsche Reichsbahn and the German mail service on the route between Hamburg and Berlin was approved and offered to first-class travelers.",te,True,124,Professor Albert Jahnke and the Oakland Transcontinental Aerial Telephone and Power Company,ప్రొఫెసర్ ఆల్బర్ట్ జాంకె మరియు ఓక్లాండ్ ట్రాన్స్ కాంటినెంటల్ ఎయిర్ టెలిఫోన్ మరియు విద్యుత్ కంపెనీ,False,True
డిజిటల్ కెమెరాని ఏ సంవత్సరంలో కనుగొన్నారు ?,"The Cromemco Cyclops was an all-digital camera introduced as a commercial product in 1975. Its design was published as a hobbyist construction project in the February 1975 issue of ""Popular Electronics"" magazine, and it used a 32×32 Metal Oxide Semiconductor sensor.",te,True,85,1975,1975,False,True
పంజాబు రాష్ట్ర రాజధాని ఏది?,"Punjab () is a state in northern India. Forming part of the larger Punjab region of the Indian subcontinent, the state is bordered by the Indian states of Jammu and Kashmir to the north, Himachal Pradesh to the east, Haryana to the south and southeast, Rajasthan to the southwest, and the Pakistani province of Punjab to the west. The state covers an area of 50,362 square kilometres, 1.53% of India's total geographical area. It is the 20th-largest Indian state by area. With 27,704,236 inhabitants at the 2011 census, Punjab is the 16th-largest state by population, comprising 22 districts. Punjabi is the most widely spoken and official language of the state. The main ethnic group are the Punjabis, with Sikhs (58%) forming the demographic majority. The state capital is Chandigarh, a Union Territory and also the capital of the neighbouring state of Haryana. The five rivers from which the region took its name were Sutlej, Ravi, Beas, Chenab and Jhelum; Sutlej, Ravi and Beas are part of the Indian Punjab.",te,True,775,Chandigarh,చండీగఢ్,False,True
నైలు నదికి ఉపనదులు ఎన్ని ?,"The river Nile has two major tributaries, the White Nile and Blue Nile. The White Nile is considered to be the headwaters and primary stream of the Nile itself. The Blue Nile, however, is the source of most of the water and silt. The White Nile is longer and rises in the Great Lakes region of central Africa, with the most distant source still undetermined but located in either Rwanda or Burundi. It flows north through Tanzania, Lake Victoria, Uganda and South Sudan. The Blue Nile begins at Lake Tana in Ethiopia and flows into Sudan from the southeast. The two rivers meet just north of the Sudanese capital of Khartoum.",te,True,19,two,రెండు,False,True
పంజాబ్ రాష్ట్ర రాజధాని ఏది ?,"Punjab () is a state in northern India. Forming part of the larger Punjab region of the Indian subcontinent, the state is bordered by the Indian states of Jammu and Kashmir to the north, Himachal Pradesh to the east, Haryana to the south and southeast, Rajasthan to the southwest, and the Pakistani province of Punjab to the west. The state covers an area of 50,362 square kilometres, 1.53% of India's total geographical area. It is the 20th-largest Indian state by area. With 27,704,236 inhabitants at the 2011 census, Punjab is the 16th-largest state by population, comprising 22 districts. Punjabi is the most widely spoken and official language of the state. The main ethnic group are the Punjabis, with Sikhs (58%) forming the demographic majority. The state capital is Chandigarh, a Union Territory and also the capital of the neighbouring state of Haryana. The five rivers from which the region took its name were Sutlej, Ravi, Beas, Chenab and Jhelum; Sutlej, Ravi and Beas are part of the Indian Punjab.",te,True,775,Chandigarh,చండీగఢ్,False,True
వేంగి రాజ్యాన్ని మొదటిగా పాలించిన చాళుక్య రాజు ఎవరు?,"The Chalukyas of Vengi branched off from the Chalukyas of Badami. The Badami ruler Pulakeshin II (608–644 A.D) conquered the Vengi region in eastern Deccan, after defeating the remnants of the Vishnukundina dynasty. He appointed his brother Kubja Vishnuvardhana the governor of this newly acquired territory in 624 A.D. Vishnuvardhana's viceroyalty subsequently developed into an independent kingdom, possibly after Pulakeshin died fighting the Pallavas in the Battle of Vatapi.",te,True,83,Pulakeshin II,పులకేషిన్ II,False,True
బాయిలర్లు  ఎన్ని రకాలు?,"The fire-tube boiler developed as the third of the four major historical types of boilers: low-pressure tank or ""haystack"" boilers, flued boilers with one or two large flues, fire-tube boilers with many small tubes, and high-pressure water-tube boilers. Their advantage over flued boilers with a single large flue is that the many small tubes offer far greater heating surface area for the same overall boiler volume. The general construction is as a tank of water penetrated by tubes that carry the hot flue gases from the fire. The tank is usually cylindrical for the most part—being the strongest practical shape for a pressurized container—and this cylindrical tank may be either horizontal or vertical.",te,True,51,four,నాలుగు,False,True
పంజాబ్ రాష్ట్ర రాజధాని ఏంటి?,"Punjab () is a state in northern India. Forming part of the larger Punjab region of the Indian subcontinent, the state is bordered by the Indian states of Jammu and Kashmir to the north, Himachal Pradesh to the east, Haryana to the south and southeast, Rajasthan to the southwest, and the Pakistani province of Punjab to the west. The state covers an area of 50,362 square kilometres, 1.53% of India's total geographical area. It is the 20th-largest Indian state by area. With 27,704,236 inhabitants at the 2011 census, Punjab is the 16th-largest state by population, comprising 22 districts. Punjabi is the most widely spoken and official language of the state. The main ethnic group are the Punjabis, with Sikhs (58%) forming the demographic majority. The state capital is Chandigarh, a Union Territory and also the capital of the neighbouring state of Haryana. The five rivers from which the region took its name were Sutlej, Ravi, Beas, Chenab and Jhelum; Sutlej, Ravi and Beas are part of the Indian Punjab.",te,True,775,Chandigarh,చండీగఢ్,False,True
యునైటెడ్ అరబ్ ఎమిరేట్స్ లో ఎన్ని దేశాలు ఉన్నాయి?,"The United Arab Emirates (UAE; '), sometimes simply called the Emirates ( '), is a country in Western Asia at the southeast end of the Arabian Peninsula on the Persian Gulf, bordering Oman to the east and Saudi Arabia to the south, as well as sharing maritime borders with Qatar to the west and Iran to the north. The sovereign absolute monarchy is a federation of seven emirates consisting of Abu Dhabi (which serves as the capital), Ajman, Dubai, Fujairah, Ras Al Khaimah, Sharjah and Umm Al Quwain. Each emirate is governed by a ruler; together, they jointly form the Federal Supreme Council. One of the rulers serves as the President of the United Arab Emirates. In 2013, the UAE's population was 9.2 million, of which 1.4 million are Emirati citizens and 7.8 million are expatriates.",te,True,365,seven,ఏడు,False,True
భారతదేశంలో మొట్టమొదటి మెట్రోరైలు ఏ సంవత్సరంలో ప్రారంభమైంది?,"The Kolkata Metro is a rapid transit system serving the Kolkata metropolitan area in the Indian state of West Bengal. The network currently consists of one operational line of 27.22 km from Noapara to Kavi Subhash with five other lines in various phases of construction. The Kolkata Metro was the first metro railway in India, opening for commercial services from 1984. On 29 December 2010, Metro Railway, Kolkata became the 17th zone of the Indian Railways, operated by the Ministry of Railways. There are 300 metro services daily carrying over 700,000 passengers making it the second busiest metro system in India.",te,True,364,1984,1984,False,True
పంజాబ్ రాష్ట్ర రాజధాని ఏది?,"Punjab () is a state in northern India. Forming part of the larger Punjab region of the Indian subcontinent, the state is bordered by the Indian states of Jammu and Kashmir to the north, Himachal Pradesh to the east, Haryana to the south and southeast, Rajasthan to the southwest, and the Pakistani province of Punjab to the west. The state covers an area of 50,362 square kilometres, 1.53% of India's total geographical area. It is the 20th-largest Indian state by area. With 27,704,236 inhabitants at the 2011 census, Punjab is the 16th-largest state by population, comprising 22 districts. Punjabi is the most widely spoken and official language of the state. The main ethnic group are the Punjabis, with Sikhs (58%) forming the demographic majority. The state capital is Chandigarh, a Union Territory and also the capital of the neighbouring state of Haryana. The five rivers from which the region took its name were Sutlej, Ravi, Beas, Chenab and Jhelum; Sutlej, Ravi and Beas are part of the Indian Punjab.",te,True,775,Chandigarh,చండీగఢ్,False,True
ఆస్ట్రేలియా దేశ కరెన్సీ ఏంటి?,"The Australian dollar (sign: $; code: AUD) is the currency of the Commonwealth of Australia, including its external territories Christmas Island, Cocos (Keeling) Islands, and Norfolk Island, as well as the independent Pacific Island states of Kiribati, Nauru, and Tuvalu. The Australian dollar was legal tender of Papua New Guinea until 1 January 1976, when the Papua New Guinean kina became the sole legal tender. Within Australia, it is almost always abbreviated with the dollar sign ($), with A$ or AU$ sometimes used to distinguish it from other dollar-denominated currencies. It is subdivided into 100 cents.",te,True,4,Australian dollar,ఆస్ట్రేలియా డాలర్,False,True
బీహార్ రాష్ట్రానికి ఆనుకొని ఉన్న రాష్ట్రాలు ఎన్ని?,"Bihar (; ) is an Indian state considered to be a part of Eastern and Northern India. It is the thirteenth-largest Indian state, with an area of . The third-largest state by population, it is contiguous with Uttar Pradesh to its west, Nepal to the north, the northern part of West Bengal to the east, with Jharkhand to the south. The Bihar plain is split by the river Ganges, which flows from west to east. Three main regions converge in the state: Magadh, Mithila, and Bhojpur.",te,True,207,"Uttar Pradesh to its west, Nepal to the north, the northern part of West Bengal to the east, with Jharkhand","పశ్చిమాన ఉత్తర ప్రదేశ్, ఉత్తరాన నేపాల్, తూర్పున పశ్చిమ బెంగాల్, తూర్పున జార్ఖండ్",False,True
రోజర్ ఫెడరర్ తల్లి పేరేమిటి ?,"Federer was born in Basel, Switzerland. His father, Robert Federer, is a Swiss-German from Berneck in the Canton of St. Gallen, and his mother, Lynette Federer (née Durand), is an Afrikaner from Kempton Park, Gauteng, in South Africa. Federer has one sibling, his older sister, Diana, who is the mother of a set of twins. Since his mother is South African, he holds both Swiss and South African citizenship. He grew up in nearby Birsfelden, Riehen, and then Münchenstein, close to the French and German borders, and he speaks Swiss German, Standard German, English and French fluently, as well as functional Italian and Swedish; Swiss German is his native language. Federer served as a ball boy at his hometown Basel tournament, the Swiss Indoors, in 1992 and 1993.",te,True,144,Lynette Federer,లినెట్ ఫెడెరర్,False,True
ప్రపంచంలో  2018 నాటికి గోధుమల ఉత్పత్తిలో మొదటి స్థానంలో ఉన్న దేశం ఏది ?,"Wheat is produced in almost every state in the United States, and is the principal cereal grain grown in the country. The type and quantity vary between regions. The US is ranked third in production volume of wheat, with almost 58 million tons produced in the 2012–2013 growing season, behind only China and India (But the combined production of all European Union nations is larger than that of China). The US is ranked first in crop export volume; almost 50% of its total wheat production is exported.",te,True,298,China,చైనా,False,True
భారతదేశంలో సిక్ఖులు అధికంగా ఏ ప్రాంతంలో ఉంటారు?,"As per the latest figures of 2011 census, India has Sikh Population of 2.08 crores (20.8 million), which is only 1.72% of the country's total population. Out of the total Sikhs in India, 77% are concentrated in state of Punjab. Sikhism is the dominant religion in Punjab, where it is followed by 58% of the population, the only Indian state where Sikhism is the majority faith. ",te,True,220,Punjab,పంజాబ్,False,True
నోకియా సంస్థను మొట్టమొదట ఎక్కడ స్థాపించారు?,"Nokia Corporation (commonly referred to as Nokia; , , ) is a Finnish multinational telecommunications, information technology, and consumer electronics company, founded in 1865. Nokia's headquarters are in Espoo, in the greater Helsinki metropolitan area. In 2017, Nokia employed approximately 102,000 people across over 100 countries, did business in more than 130 countries, and reported annual revenues of around €23 billion. Nokia is a public limited company listed on the Helsinki Stock Exchange and New York Stock Exchange. It is the world's 415th-largest company measured by 2016 revenues according to the ""Fortune Global 500,"" having peaked at 85th place in 2009. It is a component of the Euro Stoxx 50 stock market index.",te,True,172,1865,1865,False,True
విశాఖపట్నం జిల్లాలో ఉన్న అతిపెద్ద హిందూ దేవాలయం పేరు ఏంటి?,"The Shri Varaha Lakshmi Narasimha temple, Simhachalam is a Hindu temple situated on the Simhachalam hill, which is 500 metres above the sea level in Visakhapatnam, Andhra Pradesh. It is dedicated to one of the Hindu trinity deities Vishnu, who is worshipped there as Varaha Narasimha. As per the temple's legend (which is divided into 32 chapters), Vishnu manifested in this peculiar form, with a boar head, human torso and a lion's tail, after saving his devotee Prahlada from a murder attempt by the latter's father Hiranyakashipu. Except on Akshaya Tritiya, the idol of Varaha Narasimha is covered with sandalwood paste throughout the year, which makes it resemble a Shiva Lingam.",te,True,4,Shri Varaha Lakshmi Narasimha,శ్రీ వరాహ లక్ష్మి నారాసింహా,False,True
2015లో తమిళనాడు రాష్ట్ర ముఖ్యమంత్రి ఎవరు?,"O. Panneerselvam (born 14 January 1951) popularly known as O.P.S. is an Indian politician, who has been Deputy Chief Minister of Tamil Nadu and Coordinator of All India Anna Dravida Munnetra Kazhagam (AIADMK) since 21 August 2017. He served as the 7th Chief Minister of Tamil Nadu in 2001-02, 2014-15, and from 6 December 2016 to 16 February 2017. He is a Senior Leader of the AIADMK political party and was a staunch loyalist of AIADMK Supremo J. Jayalalithaa. His first two terms as Chief Minister came when he replaced Jayalalithaa in the role, after she was forced to resign by the courts. His third term began following Chief Minister Jayalalithaa's death and ended two months later, Edappadi K. Palaniswami was appointed as the Chief Minister by Tamil Nadu Governor C. Vidyasagar Rao. He was sworn in as the Deputy Chief Minister of Tamil Nadu on 21 August 2017. He also holds portfolios of Finance, Housing, Rural Housing, Housing Development, Slum Clearance Board and Accommodation Control, Town Planning, Urban Development, and Chennai Metropolitan Development Authority. On 4 January 2018, O. Panneerselvam elected as Leader of the House in Tamil Nadu Legislative Assembly.",te,True,0,O. Panneerselvam,ఒ. పన్నెర్సెల్వామ్,False,True
2014లో ఫ్రాన్స్ దేశ అధ్యక్షుడిగా ఎవరు పనిచేసారు?,"The current President of France is Emmanuel Macron, who succeeded François Hollande on 14 May 2017.",te,True,66,François Hollande,ఫ్రాంకోయిస్ ఓలాండ్,False,True
బ్రెజిల్లో ప్రవహించే అతి పెద్ద నది ఏది?,"The Amazon River (, ; Spanish and ) in South America is the largest river by discharge volume of water in the world, and by some definitions it is the longest.
The headwaters of the Apurímac River on Nevado Mismi had been considered for nearly a century as the Amazon's most distant source, until a 2014 study found it to be the Cordillera Rumi Cruz at the headwaters of the Mantaro River in Peru. The Mantaro and Apurímac join, and with other tributaries form the Ucayali River, which in turn meets the Marañón River upstream of Iquitos, Peru, to form what countries other than Brazil consider to be the main stem of the Amazon. Brazilians call this section the Solimões River above its confluence with the Rio Negro to form what Brazilians call the Amazon at the Meeting of Waters () at Manaus, the river's largest city.",te,True,4,Amazon River,అమెజాన్ నది,False,True
కాలాన్ని చూడడానికి వాడే పరికరం పేరు ఏమిటి?,"A marine chronometer is a timepiece that is precise and accurate enough to be used as a portable time standard; it can therefore be used to determine longitude by means of celestial navigation. When first developed in the 18th century, it was a major technical achievement, as accurate knowledge of the time over a long sea voyage is necessary for navigation, lacking electronic or communications aids. The first true chronometer was the life work of one man, John Harrison, spanning 31 years of persistent experimentation and testing that revolutionized naval (and later aerial) navigation and enabling the Age of Discovery and Colonialism to accelerate.",te,True,2,marine chronometer,సముద్ర క్రోనోమీటర్,False,True
అమరావతీ పట్టణం ఏ రాష్ట్రానికి రాజధాని?,"Amaravati is the ""de facto"" capital city of the Indian state of Andhra Pradesh. The planned city is located on the southern banks of the Krishna river in Guntur district, within the Andhra Pradesh Capital Region, being built on a 217 sq km riverfront designed to have 51% of green spaces and 10% of water bodies. The word ""Amaravati"" derives from the historical Amaravathi Temple town, the ancient capital of the Satavahana dynasty. The foundation stone was laid on 22 October 2015, at Uddandarayunipalem area by the Prime Minister, Narendra Modi. The metropolitan area of Guntur and Vijayawada are the major conurbations of Amaravati.",te,True,64,Andhra Pradesh,ఆంధ్రప్రదేశ్,False,True
షారుఖ్ ఖాన్ నిర్మాత వహించిన మొదటి చిత్రం ఏది ?,"Khan's only release in 1999 was ""Baadshah"", in which he starred opposite Twinkle Khanna. Although the film underperformed at the box office, it earned him a Filmfare Award nomination for Best Performance in a Comic Role, which he lost to Govinda for ""Haseena Maan Jaayegi"". Khan became a producer in 1999 in a collaboration with the actress Juhi Chawla and the director Aziz Mirza for a production company called Dreamz Unlimited. The company's first production, ""Phir Bhi Dil Hai Hindustani"" (2000), starring Khan and Chawla, was a commercial failure. It was released one week after ""Kaho Naa... Pyaar Hai"", starring Hrithik Roshan, then a newcomer, who critics believed overshadowed Khan. Swapna Mitter of Rediff.com spoke of Khan's predictable mannerisms, saying ""Frankly, it's high time he innovated his act a little."" Khan did a supporting role in Kamal Hassan's ""Hey Ram"" (2000), which was made simultaneously in Tamil and Hindi. He thereby made his Tamil debut by playing the role of an archaeologist named Amjad Khan. He performed free of charge as he wanted to work with Kamal Haasan. On Khan's performance, T. Krithika Reddy of ""The Hindu"" wrote, ""Shah Rukh Khan, as usual comes up with an impeccable performance.""",te,True,464,Phir Bhi Dil Hai Hindustani,పిర్ బి డిల్ హే హిందూస్తానీ,False,True
ఆవర్తన పట్టికలో 7వ గ్రూపులో ఎన్ని మూలకాలు ఉన్నాయి?,"The actinide or actinoid (IUPAC nomenclature) series encompasses the 15 metallic chemical elements with atomic numbers from 89 to 103, actinium through lawrencium.",te,True,69,15,15,False,True
బాడ్మింటన్ క్రీడలో ఒలింపిక్స్ లో మొదటి పతకం సాధించిన భారతీయుడు ఎవరు?,The 2012 Summer Olympics saw an 83-member Indian contingent participating in the games and setting a new best for the country with a total of six medals. Wrestler Sushil Kumar became the first Indian with multiple individual Olympic medals (bronze at the 2008 Beijing Olympics and silver at the 2012 Summer Olympics) since Norman Pritchard in 1900. Saina Nehwal won bronze medal in badminton in Women's singles getting the country's first Olympic medal in badminton. Pugilist Mary Kom became the first Indian woman to win a medal in boxing with her bronze medal finish in Women's flyweight.,te,True,349,Saina Nehwal,సైనా నెహ్వాల్,False,True
2018 సంవత్సరంలో భారత్ ఎంత పవన విద్యుత్ ని ఉత్పత్తి చేసింది ?,"Wind power generation capacity in India has significantly increased in recent years. As of 30 June 2018 the total installed wind power capacity was 34.293 GW, the fourth largest installed wind power capacity in the world. Wind power capacity is mainly spread across the South, West and North regions. ",te,True,148,34.293 GW,34.293 GW,False,True
2018 నాటికి భారతదేశం లో కాలుష్యం అధికంగా ఉన్న నగరం ఏది?,"In May 2014 the World Health Organisation announced New Delhi as the most polluted city in the world. In November 2016, the Great smog of Delhi was an environmental event which saw New Delhi and adjoining areas in a dense blanket of smog, which was the worst in 17 years.",te,True,52,New Delhi,న్యూఢిల్లీ,False,True
సూఫీ తత్వమును ప్రతిపాదించింది ఎవరు?,"Modern academics and scholars have rejected early Orientalist theories asserting a non-Islamic origin of Sufism, The consensus is that it emerged in Western Asia. Many have asserted Sufism to be unique within the confines of the Islamic religion, and contend that Sufism developed from people like Bayazid Bastami, who, in his utmost reverence to the sunnah, refused to eat a watermelon because he did not find any proof that Muhammad ever ate it. According to the late medieval mystic Jami, Abd-Allah ibn Muhammad ibn al-Hanafiyyah (died c. 716) was the first person to be called a ""Sufi"".",te,True,298,Bayazid Bastami,బయాజిద్ బస్తమి,False,True
మనిషికి మొత్తం ఎన్ని మినరల్ అవసరం ఉంటుంది?,"At least twenty chemical elements are known to be ""required"" to support human biochemical processes by serving structural and functional roles as well as electrolytes. However, as many as twenty-nine elements in total (including hydrogen, carbon, nitrogen and oxygen) are suggested to be used by mammals, as inferred by biochemical and uptake studies. Calcium makes up 920 to 1200 grams of adult body weight, with 99% of it contained in bones and teeth. Phosphorus makes up about 1% of a person's body weight. The other major minerals (potassium, sodium, chlorine, sulfur and magnesium) make up only about 0.85% of the weight of the body. Together these eleven chemical elements (H, C, N, O, Ca, P, K, Na, Cl, S, Mg) make up 99.85% of the body. There is not scientific consensus on whether chromium is an essential trace element. The United States and Japan designate chromium as an essential nutrient, but the European Food Safety Authority (EFSA), representing the European Union, reviewed the question in 2014 and does not agree. ",te,True,9,twenty,ఇరవై,False,True
ఖగోళ వస్తువులను చూడడానికి వాడె పరికరం ఎవరు కనిపెట్టారు?,"Observational astronomy is a division of astronomy that is concerned with recording data about the observable universe, in contrast with theoretical astronomy, which is mainly concerned with calculating the measurable implications of physical models. It is the practice and study of observing celestial objects with the use of telescopes and other astronomical instruments.",te,True,327,telescopes,టెలిస్కోపులు,False,True
అర్జెంటైనా దేశ కరెన్సీ ఏంటి?,"The peso (established as the ""peso convertible"") is the currency of Argentina, identified by the symbol $ preceding the amount in the same way as many countries using dollar currencies. It is subdivided into 100 ""centavos"". Its ISO 4217 code is ARS.",te,True,4,peso,పెసో,False,True
ఆక్స్‌ఫర్డ్ విశ్వవిద్యాలయ ముద్రణాలయం ఎప్పుడు ప్రారంభించారు?,"The Isis Magazine is a student publication at the University of Oxford, where the magazine was established in 1892. Traditionally a rival to the student newspaper ""Cherwell"", ""Isis"" was finally acquired by the latter's publishing house, Oxford Student Publications Limited, in the late 1990s. It now operates as a termly magazine and website, providing an outlet for features journalism, although for most of its life it appeared weekly. The two publications are named after the two rivers in Oxford, ""Isis"" being the local name for the River Thames. ",te,True,110,1892,1892,False,True
ట్రినిడాడ్ మరియు టొబాగో దేశ  జాతీయ పక్షి ఏంటి?,"The national birds of Trinidad and Tobago are the scarlet ibis and the cocrico. The scarlet ibis is kept safe by the government by living in the Caroni Bird Sanctuary which was set up by the government for the protection of these birds. The Cocrico is more indigenous to the island of Tobago and are more likely to be seen in the forest. The hummingbird is considered another symbol of Trinidad and Tobago due to its significance to the indigenous peoples, however, it is not a national bird.",te,True,50,scarlet ibis and the cocrico,స్కార్లెట్ ఐబిస్ మరియు కోక్రికో,False,True
ఖగోళ వస్తువులను చూడడానికి వాడే పరికరం ఏమిటి?,"Observational astronomy is a division of astronomy that is concerned with recording data about the observable universe, in contrast with theoretical astronomy, which is mainly concerned with calculating the measurable implications of physical models. It is the practice and study of observing celestial objects with the use of telescopes and other astronomical instruments.",te,True,327,telescopes,టెలిస్కోపులు,False,True
గాంధీకి మరొక పేరు ఏంటి?,"Mohandas Karamchand Gandhi (; ; 2 October 1869 – 30 January 1948) was an Indian activist who was the leader of the Indian independence movement against British rule. Employing nonviolent civil disobedience, Gandhi led India to independence and inspired movements for civil rights and freedom across the world. The honorific Mahātmā (Sanskrit: ""high-souled"", ""venerable"") – applied to him first in 1914 in South Africa – is now used worldwide. In India, he is also called Bapu (Gujarati: endearment for ""father"", ""papa"") and Gandhi ji, and known as the Father of the Nation.",te,True,471,Bapu,బాపు,False,True
పశ్చిమ బెంగాల్ రాష్ట్ర రాజధాని ఏంటి?,"West Bengal (; ) is an Indian state, located in Eastern India on the Bay of Bengal. With over 91million inhabitants (as of 2011), it is India's fourth-most populous state. It has an area of . A part of the ethno-linguistic Bengal region of the Indian subcontinent, it borders Bangladesh in the east, and Nepal and Bhutan in the north. It also borders the Indian states of Odisha, Jharkhand, Bihar, Sikkim, and Assam. The state capital is Kolkata (Calcutta), the seventh-largest city in India. As for geography, West Bengal includes the Darjeeling Himalayan hill region, the Ganges delta, the Rarh region, and the coastal Sundarbans. The main ethnic group are the Bengalis, with Bengali Hindus forming the demographic majority.",te,True,438,Kolkata,కోల్కతా,False,True
కాన్సర్ ట్యూమర్లు ఎన్ని రకాలు ?,"This is a list of cancer types. Cancer is a group of diseases that involve abnormal increases in the number of cells, with the potential to invade or spread to other parts of the body. Not all tumors or lumps are cancerous; benign tumors are not classified as being cancer because they do not spread to other parts of the body. There are over 100 different known cancers that affect humans.",te,True,338,over 100,100 కంటే ఎక్కువ,False,True
భారతదేశంలోని అతి పెద్ద నూనె పరిశ్రమ ఏది,"Among petroleum products, high speed diesel oil accounted for 42.08%, followed by Motor Gasoline (15.02%). India produced 31.90 billion cubic meters of natural gas in 2016-17, a decline of 1.09% from the previous fiscal. Production of natural gas in India had a CAGR of -0.16% between 2007-08 and 2016-17. India accounted for 0.77% of world natural gas production in 2016-17.",te,True,26,high speed diesel oil,హై స్పీడ్ డీజిల్ ఆయిల్,False,True
వయొలిన్ ను మొదటగా ఎవరు తయారు చేసారు?,"The first clear record of a violin-like instrument comes from paintings by Gaudenzio Ferrari. In his ""Madonna of the Orange Tree"", painted 1530, a cherub is seen playing a bowed instrument which clearly has the hallmarks of violins. A few years later, on a fresco inside the cupola of the church of Madonna dei Miracoli in Saronno, angels play three instruments of the violin family, corresponding to violin, viola and cello. The instruments Ferrari depicts have bulging front and back plates, strings which feed into peg-boxes with side pegs, and f-holes. They do not have frets. The only real difference between these instruments and the modern violin is that Ferrari's have three strings, and a rather more extravagant curved shape. It is not clear exactly who made these first violins, but there is good evidence that they originate from northern Italy, in the vicinity (and at the time the political orbit) of Milan. Not only are Ferrari's paintings in this area, but at the time towns like Brescia and Cremona had a great reputation for the craftsmanship of stringed instruments.",te,True,736,It is not clear exactly who made these first violins,ఈ మొదటి వియాలాలను ఎవరు తయారు చేశారో స్పష్టంగా తెలియదు,False,True
గడియారాన్ని ఆంగ్లంలో ఏమని అంటారు?,"A watch is a timepiece intended to be carried or worn by a person. It is designed to keep working despite the motions caused by the person's activities. A wristwatch is designed to be worn around the wrist, attached by a watch strap or other type of bracelet. A pocket watch is designed for a person to carry in a pocket. The study of timekeeping is known as horology.",te,True,2,watch,చూడు,False,True
భూమి చుట్టూ తిరిగే ఉపగ్రహాలు ఎన్ని?,"The first satellite, Sputnik 1, was put into orbit around Earth and was therefore in geocentric orbit. By far this is the most common type of orbit with approximately 1,886 artificial satellites orbiting the Earth. Geocentric orbits may be further classified by their altitude, inclination and eccentricity.",te,True,167,"1,886","1,886",False,True
కోళికోడ్ జిల్లాలో ఎన్ని ప్రభుత్వ పాఠశాలలు ఉన్నాయి?,"There are 1,237 schools in Kozhikode district including 191 highschools.",te,True,10,"1,237","1,237",False,True
గడియారాన్ని ఇంగ్లీషులో ఏమని అంటారు?,"A watch is a timepiece intended to be carried or worn by a person. It is designed to keep working despite the motions caused by the person's activities. A wristwatch is designed to be worn around the wrist, attached by a watch strap or other type of bracelet. A pocket watch is designed for a person to carry in a pocket. The study of timekeeping is known as horology.",te,True,2,watch,చూడు,False,True
అమెరికా మారకద్రవ్యం ఏది ?,"The United States dollar (sign: $; code: USD; also abbreviated US$ and referred to as the dollar, U.S. dollar, or American dollar) is the official currency of the United States and its territories per the United States Constitution since 1792. In practice, the dollar is divided into 100 smaller cent (¢) units, but is occasionally divided into 1000 mills (₥) for accounting. The circulating paper money consists of Federal Reserve Notes that are denominated in United States dollars ().",te,True,18,dollar,డాలర్,False,True
నోకియా సంస్థను ఏ సంవత్సరంలో స్థాపించారు?,"Nokia Corporation (commonly referred to as Nokia; , , ) is a Finnish multinational telecommunications, information technology, and consumer electronics company, founded in 1865. Nokia's headquarters are in Espoo, in the greater Helsinki metropolitan area. In 2017, Nokia employed approximately 102,000 people across over 100 countries, did business in more than 130 countries, and reported annual revenues of around €23 billion. Nokia is a public limited company listed on the Helsinki Stock Exchange and New York Stock Exchange. It is the world's 415th-largest company measured by 2016 revenues according to the ""Fortune Global 500,"" having peaked at 85th place in 2009. It is a component of the Euro Stoxx 50 stock market index.",te,True,172,1865,1865,False,True
2018 నాటికి భారతదేశంలో ఎన్ని మతాలను గుర్తించారు?,"There are six religions in India which have been awarded ""National minority"" status—Muslims, Christians, Sikhs, Jains, Buddhists and Zoroastrians.",te,True,10,six,ఆరు,False,True
కేథరీన్ మిడిల్ టన్ ఎప్పుడు జన్మించింది?,"Catherine Elizabeth Middleton was born at the Royal Berkshire Hospital in Reading on 9 January 1982 into an upper-middle-class family. She was baptised at St Andrew's Bradfield, Berkshire, on 20 June 1982. She is the eldest of three children born to Michael Middleton (b. 1949), and his wife, Carole (née Goldsmith; b. 1955), a former flight dispatcher and flight attendant, respectively, who in 1987 founded Party Pieces, a privately held mail order company that sells party supplies and decorations with an estimated worth of £30 million. Her father's family has ties to British aristocracy and benefited financially from trust funds which they established over 100 years ago.
Her Middleton relatives were reported as having played host to British royalty ""as long ago as 1926"". She has a younger sister, Pippa, and a younger brother, James.",te,True,95,1982,1982 వ సంవత్సరం,False,True
సైప్రస్ దేశ రాజధాని ఏంటి?,"Nicosia ( ; ; ) is the largest city, capital, and seat of government of the island of Cyprus. It is located near the centre of the Mesaoria plain, on the banks of the River Pedieos.",te,True,0,Nicosia,నికోసియా,False,True
ద డార్క్ నైట్ చిత్ర విడుదల తేదీ ఏమిటి ?,"The Dark Knight is a 2008 superhero film directed, co-produced, and co-written by Christopher Nolan. Based on the DC Comics character Batman, the film is the second part of Nolan's ""The Dark Knight Trilogy"" and a sequel to 2005's ""Batman Begins"", starring an ensemble cast including Christian Bale, Michael Caine, Heath Ledger, Gary Oldman, Aaron Eckhart, Maggie Gyllenhaal and Morgan Freeman. In the film, Bruce Wayne / Batman (Bale), Police Lieutenant James Gordon (Oldman) and District Attorney Harvey Dent (Eckhart) form an alliance to dismantle organized crime in Gotham City, but are menaced by an anarchist mastermind known as the Joker (Ledger), who seeks to undermine Batman's influence and turn the city to chaos.",te,True,21,2008,2008 సంవత్సరము,False,True
2011 భారత్ రక్షణ శాఖ మంత్రి ఎవరు?,"Antony has served two terms as Defence Minister of India from 2006 to 2014, and was appointed three times as Chief Minister of the state of Kerala.",te,True,0,Antony,ఆంటోనీ,False,True
నూనెని ఆంగ్లంలో ఏమని అంటారు?,"First attested in English 1176, the word ""oil"" comes from Old French ""oile"", from Latin ""oleum"", which in turn comes from the Greek (""elaion""), ""olive oil, oil"" and that from (""elaia""), ""olive tree"", ""olive fruit"". The earliest attested forms of the word are the Mycenaean Greek , ""e-ra-wo"" and , ""e-rai-wo"", written in the Linear B syllabic script.",te,True,42,oil,నూనె,False,True
నూనె ని ఆంగ్లంలో ఏమని అంటారు?,"First attested in English 1176, the word ""oil"" comes from Old French ""oile"", from Latin ""oleum"", which in turn comes from the Greek (""elaion""), ""olive oil, oil"" and that from (""elaia""), ""olive tree"", ""olive fruit"". The earliest attested forms of the word are the Mycenaean Greek , ""e-ra-wo"" and , ""e-rai-wo"", written in the Linear B syllabic script.",te,True,42,oil,నూనె,False,True
శక్తిని కనుగొనడానికి సూత్రం ఏంటి?,"This formula states that the equivalent energy () can be calculated as the mass () multiplied by the speed of light ( = about m/s) squared. Similarly, anything having energy exhibits a corresponding mass given by its energy divided by the speed of light squared . Because the speed of light is a very large number in everyday units, the formula implies that even an everyday object at rest with a modest amount of mass has a very large amount of energy intrinsically. Chemical, nuclear, and other energy transformations may cause a system to lose some of its energy content (and thus some corresponding mass), releasing it as the radiant energy of light or as thermal energy for example.",te,True,75,mass () multiplied by the speed of light ( = about m/s) squared.,ద్రవ్యరాశి () ను వెలుగు వేగంతో గుణించాలి (సుమారు m/s) చదరపు.,False,True
మినీ కారు సంస్థను ఎవరు స్థాపించారు?,"The British Motor Corporation Limited (BMC) was a UK-based vehicle manufacturer, formed in early 1952 to give effect to an agreed merger of the Morris and Austin businesses.",te,True,91,early 1952,1952 ప్రారంభంలో,False,True
చంద్రుని యొక్క  గురుత్వాకర్షణ బలం ఎంత ?,"The acceleration due to gravity on the surface of the Moon is about 1.625 m/s2, about 16.6% that on Earth's surface or 0.166 . Over the entire surface, the variation in gravitational acceleration is about 0.0253 m/s2 (1.6% of the acceleration due to gravity). Because weight is directly dependent upon gravitational acceleration, things on the Moon will weigh only 16.6 % (≈ 1/6) of what they weigh on the Earth.",te,True,68,1.625 m/s2,1.625 m/s2,False,True
2014లో తెలంగాణ రాష్ట్రములో ఎన్ని జిల్లాలు ఉన్నాయి?,"In February 2014, the Andhra Pradesh Reorganisation Act, 2014 bill was passed by the Parliament of India for the formation of the Telangana state comprising ten districts. Hyderabad will remain as a joint capital for not exceeding ten years. The new state of Telangana came into existence on 2 June 2014 after approval from the President of India. Number of petitions questioning the validity of Andhra Pradesh Reorganisation Act, 2014 is long pending for the verdict since April 2014 before the supreme court constitutional bench.",te,True,157,ten,పది,False,True
2015 నాటికి దక్షిణ అమెరికాలో ఎన్ని దేశాలు ఉన్నాయి?,"It is bordered on the west by the Pacific Ocean and on the north and east by the Atlantic Ocean; North America and the Caribbean Sea lie to the northwest. It includes twelve sovereign states (Argentina, Bolivia, Brazil, Chile, Colombia, Ecuador, Guyana, Paraguay, Peru, Suriname, Uruguay, and Venezuela), a part of France (French Guiana), and a non-sovereign area (the Falkland Islands, a British Overseas Territory though this is disputed by Argentina). In addition to this, the ABC islands of the Kingdom of the Netherlands, Trinidad and Tobago, and Panama may also be considered part of South America.",te,True,167,twelve,పన్నెండు,False,True
2011 వరకు బ్రూస్ విల్లీస్ మొత్తం ఎన్ని అవార్డులను గెల్చుకున్నాడు?,"Willis is the recipient of several accolades, including a Golden Globe, two Primetime Emmy Awards, and two People's Choice Awards. He received a star on the Hollywood Walk of Fame in 2006.",te,True,58,"Golden Globe, two Primetime Emmy Awards, and two People's Choice Awards.","గోల్డెన్ గ్లోబ్, రెండు ప్రైమ్ టైమ్ ఎమ్మీ అవార్డులు, మరియు రెండు పీపుల్స్ ఛాయిస్ అవార్డులు.",False,True
ది ఫెడరేషన్ ఆఫ్ సెయింట్ కిట్స్ అండ్ నెవిస్ రాజధాని ఏది ?,"The capital city is Basseterre on the larger island of Saint Kitts. The smaller island of Nevis lies approximately 3 km (2 mi) southeast of Saint Kitts across a shallow channel called ""The Narrows"".",te,True,20,Basseterre,బాస్సెటర్,False,True
తెరాస పూర్తి పేరు ఏమిటి?,"Telangana Rashtra Samithi (abbreviated as TRS) is an Indian regional political party based in Telangana. Founded on 27 April 2001 by K. Chandrashekar Rao, with a single point agenda of creating a separate Telangana state with Hyderabad as its capital. It has been instrumental in carrying forth a sustained agitation for the granting of statehood to Telangana.",te,True,0,Telangana Rashtra Samithi,తెలంగాణ రాష్ర్ట సమితి,False,True
పర్షియన్ భాషలో ఎన్ని అక్షరాలు ఉంటాయి?,"The Persian script is a modified version of the Arabic script. It is an abjad, meaning vowels are underrepresented in writing. The writing direction is mostly but not exclusively right-to-left; mathematical expressions, numeric dates and numbers bearing units are embedded from left to right. The script is cursive, meaning most letters in a word connect to each other; when they are typed, contemporary word processors automatically join adjacent letterforms. However, some Persian compounds do not join, and Persian adds four letters to the basic set for a total of 32 characters.",te,True,568,32,32,False,True
విశాఖపట్నం జిల్లాలో అతిపెద్ద పట్టణం ఏది?,"Visakhapatnam (also known as Vizag () and Waltair () is the largest city and the financial capital of the Indian state of Andhra Pradesh. The city is the administrative headquarters of Visakhapatnam district and the Eastern Naval Command of the Indian Navy, State headquarters of Indian Coast Guard. Its geographical location is amidst the Eastern Ghats and the coast of the Bay of Bengal. It is the most populous city in the state with a population of 2,035,922 as of 2011, making it the 14th largest city in the country. It is also the 9th most populous metropolitan area in India with a population of 5,018,000. With an output of $43.5 billion, Visakhapatnam is the ninth-largest contributor to India's overall gross domestic product as of 2016.",te,True,42,Waltair,వాల్టైర్,False,True
చార్లేస్స్ డికెన్స్ రచించిన మొదటి నవల ఏది?,"Dickens's literary success began with the 1836 serial publication of ""The Pickwick Papers"". Within a few years he had become an international literary celebrity, famous for his humour, satire, and keen observation of character and society. His novels, most published in monthly or weekly instalments, pioneered the serial publication of narrative fiction, which became the dominant Victorian mode for novel publication. Cliffhanger endings in his serial publications kept readers in suspense. The instalment format allowed Dickens to evaluate his audience's reaction, and he often modified his plot and character development based on such feedback. For example, when his wife's chiropodist expressed distress at the way Miss Mowcher in ""David Copperfield"" seemed to reflect her disabilities, Dickens improved the character with positive features. His plots were carefully constructed, and he often wove elements from topical events into his narratives. Masses of the illiterate poor chipped in ha'pennies to have each new monthly episode read to them, opening up and inspiring a new class of readers.",te,True,69,"""The Pickwick Papers""","""పిక్విక్ పేపర్స్""",False,True
దక్షిణ సూడాన్ దేశ రాజధాని ఏది ?,"South Sudan (), officially known as the Republic of South Sudan, is a landlocked country in East-Central Africa. The country gained its independence from the Republic of the Sudan in 2011, making it the newest country with widespread recognition. Its capital and largest city is Juba.",te,True,279,Juba,జుబా,False,True
టైటానిక్ చిత్ర దర్శకుడు ఎవరు?,"James Francis Cameron (born August 16, 1954) is a Canadian filmmaker, philanthropist, and deep-sea explorer. After working in special effects, he found major success after directing and writing the science fiction action film ""The Terminator"" (1984). He then became a popular Hollywood director and was hired to write and direct ""Aliens"" (1986); three years later he followed up with ""The Abyss"" (1989). He found further critical acclaim for his use of special effects in """" (1991). After his film ""True Lies"" (1994), Cameron took on his biggest film at the time, ""Titanic"" (1997), which earned him Academy Awards for Best Picture, Best Director and Best Film Editing.",te,True,0,James Francis Cameron,జేమ్స్ ఫ్రాన్సిస్ కెమెరాన్,False,True
భారత జాతీయ క్రీడా ఏది?,"India is home to a diverse population playing many different kinds of sports across the country. Cricket is the most popular sport in India. Field hockey is the most successful sport for India at Olympics in which India has won eight Olympic gold medals. Kabaddi is the most popular indigenous sport in the country. Other popular sports in India are badminton, football, basketball, chess, shooting, wrestling, boxing, tennis, squash, weightlifting, gymnastics, athletics and table tennis. Some indigenous sports are also popular in India such as Kho-kho, Kabaddi, Fighter kite, Polo and Gillidanda among others. There are some popular sports which have originated in India such as Chess, Snooker and Kabbadi. India has won Olympic medals in Badminton, Wrestling, Shooting, Weightlifting, Boxing and Tennis. India has also won World Cups in Cricket, Field Hockey and Kabbadi.",te,True,97,Cricket,క్రికెట్,False,True
ఆర్చిలను మొదటగా ఎప్పుడు కట్టారు?,"The Romans were the first builders in Europe, perhaps the first in the world, to fully appreciate the advantages of the arch, the vault and the dome. Throughout the Roman empire, their engineers erected arch structures such as bridges, aqueducts, and gates. They also introduced the triumphal arch as a military monument. Vaults began to be used for roofing large interior spaces such as halls and temples, a function that was also assumed by domed structures from the 1st century BC onwards.",te,True,469,1st century BC,క్రీ. పూ. 1వ శతాబ్దం,False,True
నేషనల్ స్పీచ్ అండ్ డిబేట్ అసోసియేషన్ ఎక్కడ ఉంది?,"Bruno E. Jacob, a professor at Ripon College, first envisioned the League after receiving a letter that inquired whether an honor society existed for high school debaters. Noting that no such society existed, Jacob drafted and circulated a proposal for what would become America's oldest and largest high school debate and speech honor society. The League welcomed its first member school on March 28, 1925.",te,True,271,America,అమెరికా,False,True
భూచర జీవులు మొత్తం ఎన్ని రకాలు?,"The following table lists estimated numbers of described extant species for the animal groups with the largest numbers of species, along with their principal habitats (terrestrial, fresh water, and marine), and free-living or parasitic ways of life. Species estimates shown here are based on numbers described scientifically; much larger estimates have been calculated based on various means of prediction, and these can vary wildly. For instance, around 25,000–27,000 species of nematodes have been described, while published estimates of the total number of nematode species include 10,000–20,000; 500,000; 10 million; and 100 million. Using patterns within the taxonomic hierarchy, the total number of animal species—including those not yet described—was calculated to be about 7.77 million in 2011.",te,True,781,7.77 million,7.77 మిలియన్లు,False,True
సూర్యుడి మీద గల ఉష్ణోగ్రత ఎంత ?,"The Sun's color is white, with a CIE color-space index near (0.3, 0.3), when viewed from space or when the Sun is high in the sky. When measuring all the photons emitted, the Sun is actually emitting more photons in the green portion of the spectrum than any other. When the Sun is low in the sky, atmospheric scattering renders the Sun yellow, red, orange, or magenta. Despite its typical whiteness, most people mentally picture the Sun as yellow; the reasons for this are the subject of debate.
The Sun is a G2V star, with ""G2"" indicating its surface temperature of approximately 5,778 K (5,505 °C, 9,941 °F), and ""V"" that it, like most stars, is a main-sequence star. The average luminance of the Sun is about 1.88 giga candela per square metre, but as viewed through Earth's atmosphere, this is lowered to about 1.44 Gcd/m2. However, the luminance is not constant across the disk of the Sun (limb darkening).",te,True,601,"9,941 °F","9,941 °F",False,True
2015లో మధ్యప్రదేశ్ రాష్ట్ర ముఖ్యమంత్రి ఏ రాజకీయ పార్టీకి చెందిన వాడు?,"He was the 17th Chief Minister of Madhya Pradesh, a central Indian state. He replaced Babulal Gaur as chief minister on 29 November 2005. As a leader of the Bharatiya Janata Party, he has served as its general secretary and as president of its Madhya Pradesh state unit. He joined the Rashtriya Swayamsevak Sangh in 1972, as a 13-year-old. He was a five-time Member of Parliament, representing Vidisha in the Lok Sabha from 1991 to 2006 before resigning for assembly re-election as per the rules of holding CM office. At present, he represents Budhni constituency, a tehsil place in Sehore district, in the Madhya Pradesh assembly.",te,True,157,Bharatiya Janata Party,భారతీయ జనతా పార్టీ,False,True
టైటానిక్ చిత్ర దర్శకుడు ఎవరు ?,"James Francis Cameron (born August 16, 1954) is a Canadian filmmaker, philanthropist, and deep-sea explorer. After working in special effects, he found major success after directing and writing the science fiction action film ""The Terminator"" (1984). He then became a popular Hollywood director and was hired to write and direct ""Aliens"" (1986); three years later he followed up with ""The Abyss"" (1989). He found further critical acclaim for his use of special effects in """" (1991). After his film ""True Lies"" (1994), Cameron took on his biggest film at the time, ""Titanic"" (1997), which earned him Academy Awards for Best Picture, Best Director and Best Film Editing.",te,True,0,James Francis Cameron,జేమ్స్ ఫ్రాన్సిస్ కెమెరాన్,False,True
2018 నాటికే ఆంధ్ర ప్రదేశ్ కు ఎన్ని రైల్వేజోన్ లు ఉన్నాయి?,"The South Central Railway (abbreviated SCR and दमरे) is one of the 17 zones of Indian Railways. The jurisdiction of the zone is spread over the states of Andhra Pradesh, Maharashtra, Telangana, and some portions of Karnataka, Madhya Pradesh and Tamil Nadu. It has six divisions under its administration, which include Guntakal, Guntur, Nanded, Secunderabad, Hyderabad, and Vijayawada.",te,True,67,17,17 వ వచనము,False,True
గుజరాత్ రాష్ట్ర రాజధాని ఏంటి?,"Gujarat ( """"  ) is a state in Western India and Northwest India, a coastline of – most of which lies on the Kathiawar peninsula – and a population in excess of 60 million. It is the sixth largest Indian state by area and the ninth largest state by population. Gujarat is bordered by Rajasthan to the northeast, Daman and Diu to the south, Dadra and Nagar Haveli and Maharashtra to the southeast, Madhya Pradesh to the east, and the Arabian Sea and the Pakistani province of Sindh to the west. Its capital city is Gandhinagar, while its largest city is Ahmedabad. The Gujarati-speaking people of India are indigenous to the state. The economy of Gujarat is the third-largest state economy in India with in gross domestic product and a per capita GDP of .",te,True,513,Gandhinagar,గాంధీనగర్,False,True
భూమికి ఉన్న సహజ ఉపగ్రహం ఏది?,"Because of this shift in meaning, the term ""moon"", which had continued to be used in a generic sense in works of popular science and in fiction, has regained respectability and is now used interchangeably with ""natural satellite"", even in scientific articles. When it is necessary to avoid both the ambiguity of confusion with Earth's natural satellite the Moon and the natural satellites of the other planets on the one hand, and artificial satellites on the other, the term ""natural satellite"" (using ""natural"" in a sense opposed to ""artificial"") is used. To further avoid ambiguity, the convention is to capitalize the word Moon when referring to Earth's natural satellite, but not when referring to other natural satellites.",te,True,43,"""moon""","""చంద్రుడు""",False,True
హీలియం అణువుని కనుగొన్నది ఎవరు ?,"Helium is named for the Greek Titan of the Sun, Helios. It was first detected as an unknown yellow spectral line signature in sunlight during a solar eclipse in 1868 by Georges Rayet, Captain C. T. Haig, Norman R. Pogson, and Lieutenant John Herschel, and was subsequently confirmed by French astronomer Jules Janssen. Janssen is often jointly credited with detecting the element along with Norman Lockyer. Janssen recorded the helium spectral line during the solar eclipse of 1868 while Lockyer observed it from Britain. Lockyer was the first to propose that the line was due to a new element, which he named. The formal discovery of the element was made in 1895 by two Swedish chemists, Per Teodor Cleve and Nils Abraham Langlet, who found helium emanating from the uranium ore cleveite. In 1903, large reserves of helium were found in natural gas fields in parts of the United States, which is by far the largest supplier of the gas today.",te,True,169,"Georges Rayet, Captain C. T. Haig, Norman R. Pogson, and Lieutenant John Herschel","జార్జ్ రేట్, కెప్టెన్ సి. టి. హైగ్, నార్మన్ ఆర్. పోగ్సన్, మరియు లెఫ్టినెంట్ జాన్ హెర్షెల్",False,True
సూడాన్ దేశ రాజధాని ఏది?,"Sudan (, ; ""as-Sūdān""), officially the Republic of the Sudan ( ""Jumhūriyyat as-Sūdān""), is a country in Northeast Africa. It is bordered by Egypt to the north, the Red Sea to the northeast, Eritrea to the east, Ethiopia to the southeast, South Sudan to the south, the Central African Republic to the southwest, Chad to the west, and Libya to the northwest. It houses 37 million people (2017) and occupies a total area of 1,861,484 square kilometres (718,722 square miles), making it the third-largest country in Africa. Sudan's predominant religion is Islam, and its official languages are Arabic and English. The capital is Khartoum, located at the confluence of the Blue and White Nile. ",te,True,625,Khartoum,ఖార్టూమ్,False,True
2009నాటికి భారతదేశ ప్రజల సంఖ్య ఎంత?,"1,166,079,217 (July 2009 est. CIA), 1,210 million (2011 census), 1,281,935,911 (July 2017 est.)",te,True,0,"1,166,079,217","1,166,079,217",False,True
సెప్టెంబర్ 11 దాడులలో ఎంతమంది మరణించారు?,"The September 11 attacks (also referred to as 9/11) were a series of four coordinated terrorist attacks by the Islamic terrorist group al-Qaeda against the United States on the morning of Tuesday, September 11, 2001. The attacks killed 2,996 people, injured over 6,000 others, and caused at least $10 billion in infrastructure and property damage.<ref name=""PEARL9/11""></ref> Additional people died of 9/11-related cancer and respiratory diseases in the months and years following the attacks.",te,True,236,"2,996","2,996",False,True
మదరాసు రాష్ట్రంలో అతిపెద్ద పట్టణం ఏది?,"Tamil Nadu (""Tamiḻ Nāḍu"" ""Tamil Country"", formerly Madras State) is one of the 29 states of India. Its capital and largest city is Chennai (formerly known as Madras). Tamil Nadu lies in the southernmost part of the Indian subcontinent and is bordered by the union territory of Puducherry and the South Indian states of Kerala, Karnataka, and Andhra Pradesh. It is bounded by the Eastern Ghats on the north, by the Nilgiri Mountains, the Meghamalai Hills, and Kerala on the west, by the Bay of Bengal in the east, by the Gulf of Mannar and the Palk Strait on the southeast, and by the Indian Ocean on the south. The state shares a maritime border with the nation of Sri Lanka.",te,True,131,Chennai,చెన్నై,False,True
భారతదేశంలో ఏర్పడిన  క్రొత్త రాష్ట్రం పేరేమిటి ?,"Telangana () is a state in south India. It is situated on the centre-south stretch of the Indian peninsula on the high Deccan Plateau. It is the twelfth largest state and the twelfth-most populated state in India with a geographical area of and 35,193,978 residents as per 2011 census. On 2 June 2014, the area was separated from the northwestern part of Andhra Pradesh as the newly formed 29th state with Hyderabad as its historic permanent capital. Its other major cities include Warangal, Nizamabad, Khammam and Karimnagar. Telangana is bordered by the states of Maharashtra to the north, Chhattisgarh to the east, Karnataka to the west, and Andhra Pradesh to the east and south. The terrain of Telangana region consists mostly of hills, mountain ranges, and thick dense forests distribution of 27,292 sq. km. As of 2018, the state of Telangana is divided into 31 districts.",te,True,0,Telangana,తెలంగాణ,False,True
డెన్మార్క్ లో ప్రవహించే నదుల సంఖ్య ఎంత  ?,"Denmark's northernmost point is Skagen's point (the north beach of the Skaw) at 57° 45' 7"" northern latitude; the southernmost is Gedser point (the southern tip of Falster) at 54° 33' 35"" northern latitude; the westernmost point is Blåvandshuk at 8° 4' 22"" eastern longitude; and the easternmost point is Østerskær at 15° 11' 55"" eastern longitude. This is in the archipelago Ertholmene north-east of Bornholm. The distance from east to west is , from north to south .
The country is flat with little elevation, having an average height above sea level of . The highest natural point is Møllehøj, at . A sizeable portion of Denmark's terrain consists of rolling plains whilst the coastline is sandy, with large dunes in northern Jutland. Although once extensively forested, today Denmark largely consists of arable land. It is drained by a dozen or so rivers, and the most significant include the Gudenå, Odense, Skjern, Suså and Vidå—a river that flows along its southern border with Germany.",te,True,840,dozen,పన్నెండు,False,True
కృష్ణా జిల్లాలో మునిసిపాలిటి హోదా కలిగిన పట్టణాలు ఎన్ని ఉన్నాయి?,"The district has four revenue divisions, namely Vijayawada, Nuzvid, Machilipatnam and Gudivada, each headed by a sub collector. These revenue divisions are divided into 50 mandals in the district. These 50 mandals consists of 49 mandal parishads, 973 panchayats, 1005 villages and 5 municipalities. There are 20 towns (or urban settlements) in the district, including 1 municipal corporation, 5 municipalities, 3 nagar panchayat and 11 census towns. Vijayawada city is the only municipal corporation and the 5 municipalities in the district are Gudivada, Jaggaiahpeta, Machilipatnam, Nuzivid and Pedana. Vuyyuru, Nandigama and Tiruvuru were constituted as nagar panchayats in the year 2011. The 11 census towns are Kanuru,
Poranki, Tadigadapa, Yanamalakuduru, Kankipadu, Ramavarappadu, Prasadampadu, Guntupalli, Ibrahimpatnam, Kondapalle, Tiruvuru.",te,True,281,5,5,False,True
భార‌తీయ రైల్వే వ్య‌వ‌స్థ‌ను ఎప్పుడు ప్రారంభించారు?,"The first railway proposals for India were made in Madras in 1832. The country's first train, ""Red Hill Railway"" (built by Arthur Cotton to transport granite for road-building), ran from Red Hills to the Chintadripet bridge in Madras in 1837. In 1845, the ""Godavari Dam Construction Railway"" was built by Cotton at Dowleswaram in Rajahmundry, to supply stone for the construction of a dam over the Godavari River. In 1851, the ""Solani Aqueduct Railway"" was built by Proby Cautley in Roorkee to transport construction materials for an aqueduct over the Solani River.",te,True,237,1837,1837,False,True
కంప్యూటర్ ను ఎవరు కనుగొన్నారు?,"Charles Babbage, an English mechanical engineer and polymath, originated the concept of a programmable computer. Considered the ""father of the computer"", he conceptualized and invented the first mechanical computer in the early 19th century. After working on his revolutionary difference engine, designed to aid in navigational calculations, in 1833 he realized that a much more general design, an Analytical Engine, was possible. The input of programs and data was to be provided to the machine via punched cards, a method being used at the time to direct mechanical looms such as the Jacquard loom. For output, the machine would have a printer, a curve plotter and a bell. The machine would also be able to punch numbers onto cards to be read in later. The Engine incorporated an arithmetic logic unit, control flow in the form of conditional branching and loops, and integrated memory, making it the first design for a general-purpose computer that could be described in modern terms as Turing-complete.",te,True,0,Charles Babbage,చార్లెస్ బాబేజ్,False,True
కంప్యూటర్ ని కనుగొన్న వ్యక్తి ఎవరు ?,"Charles Babbage, an English mechanical engineer and polymath, originated the concept of a programmable computer. Considered the ""father of the computer"", he conceptualized and invented the first mechanical computer in the early 19th century. After working on his revolutionary difference engine, designed to aid in navigational calculations, in 1833 he realized that a much more general design, an Analytical Engine, was possible. The input of programs and data was to be provided to the machine via punched cards, a method being used at the time to direct mechanical looms such as the Jacquard loom. For output, the machine would have a printer, a curve plotter and a bell. The machine would also be able to punch numbers onto cards to be read in later. The Engine incorporated an arithmetic logic unit, control flow in the form of conditional branching and loops, and integrated memory, making it the first design for a general-purpose computer that could be described in modern terms as Turing-complete.",te,True,0,Charles Babbage,చార్లెస్ బాబేజ్,False,True
కంప్యూటర్ సృష్టికర్త ఎవరు ?,"Charles Babbage, an English mechanical engineer and polymath, originated the concept of a programmable computer. Considered the ""father of the computer"", he conceptualized and invented the first mechanical computer in the early 19th century. After working on his revolutionary difference engine, designed to aid in navigational calculations, in 1833 he realized that a much more general design, an Analytical Engine, was possible. The input of programs and data was to be provided to the machine via punched cards, a method being used at the time to direct mechanical looms such as the Jacquard loom. For output, the machine would have a printer, a curve plotter and a bell. The machine would also be able to punch numbers onto cards to be read in later. The Engine incorporated an arithmetic logic unit, control flow in the form of conditional branching and loops, and integrated memory, making it the first design for a general-purpose computer that could be described in modern terms as Turing-complete.",te,True,0,Charles Babbage,చార్లెస్ బాబేజ్,False,True
గ్రీకు భాష ఎన్ని దేశాలలో మాట్లాడతారు?,"During antiquity, Greek was a widely spoken lingua franca in the Mediterranean world, West Asia and many places beyond. It would eventually become the official parlance of the Byzantine Empire and develop into Medieval Greek. In its modern form, Greek is the official language in two countries, Greece and Cyprus, a recognised minority language in seven other countries, and is one of the 24 official languages of the European Union. The language is spoken by at least 13.2 million people today in Greece, Cyprus, Italy, Albania, Turkey, and the Greek diaspora.",te,True,498,"Greece, Cyprus, Italy, Albania, Turkey, and the Greek diaspora","గ్రీస్, సైప్రస్, ఇటలీ, అల్బేనియా, టర్కీ, గ్రీకు ప్రవాసులు",False,True
2018 నాటికి గూగుల్  సంస్థలో గల ఉద్యోగుల సంఖ్య ఎంత ?," Google has 94,372 employees. Google's diversity report states that 31 percent of its workforce are women and 69 percent are men, with the ethnicity of its workforce being predominantly white (56%) and Asian (35%). Within tech roles, however, 20 percent were women; and 25 percent of leadership roles were held by women. The report also announced that Intel's former vice-president, CDO, and CHRO Danielle Brown would be joining Google as its new Vice-President of Diversity. ",te,True,12,"94,372","94,372",False,True
కంప్యూటర్ ను కనుగొన్నది ఎవరు?,"Charles Babbage, an English mechanical engineer and polymath, originated the concept of a programmable computer. Considered the ""father of the computer"", he conceptualized and invented the first mechanical computer in the early 19th century. After working on his revolutionary difference engine, designed to aid in navigational calculations, in 1833 he realized that a much more general design, an Analytical Engine, was possible. The input of programs and data was to be provided to the machine via punched cards, a method being used at the time to direct mechanical looms such as the Jacquard loom. For output, the machine would have a printer, a curve plotter and a bell. The machine would also be able to punch numbers onto cards to be read in later. The Engine incorporated an arithmetic logic unit, control flow in the form of conditional branching and loops, and integrated memory, making it the first design for a general-purpose computer that could be described in modern terms as Turing-complete.",te,True,0,Charles Babbage,చార్లెస్ బాబేజ్,False,True
కంప్యూటర్‌ ను కనుగొన్నది ఎవరు?,"Charles Babbage, an English mechanical engineer and polymath, originated the concept of a programmable computer. Considered the ""father of the computer"", he conceptualized and invented the first mechanical computer in the early 19th century. After working on his revolutionary difference engine, designed to aid in navigational calculations, in 1833 he realized that a much more general design, an Analytical Engine, was possible. The input of programs and data was to be provided to the machine via punched cards, a method being used at the time to direct mechanical looms such as the Jacquard loom. For output, the machine would have a printer, a curve plotter and a bell. The machine would also be able to punch numbers onto cards to be read in later. The Engine incorporated an arithmetic logic unit, control flow in the form of conditional branching and loops, and integrated memory, making it the first design for a general-purpose computer that could be described in modern terms as Turing-complete.",te,True,0,Charles Babbage,చార్లెస్ బాబేజ్,False,True
ప్రోటీన్ లోపం వల్ల వచ్చే వ్యాధి ఏది ?,"Protein deficiency and malnutrition (PEM) can lead to variety of ailments including mental retardation and kwashiorkor. Symptoms of kwashiorkor include apathy, diarrhea, inactivity, failure to grow, flaky skin, fatty liver, and edema of the belly and legs. This edema is explained by the action of lipoxygenase on arachidonic acid to form leukotrienes and the normal functioning of proteins in fluid balance and lipoprotein transport.",te,True,107,kwashiorkor,కుషీ కార్కర్,False,True
HTTP ని ఎవరు కనుగొన్నారు?,"The term hypertext was coined by Ted Nelson in 1965 in the Xanadu Project, which was in turn inspired by Vannevar Bush's 1930s vision of the microfilm-based information retrieval and management ""memex"" system described in his 1945 essay ""As We May Think"". Tim Berners-Lee and his team at CERN are credited with inventing the original HTTP, along with HTML and the associated technology for a web server and a text-based web browser. Berners-Lee first proposed the ""WorldWideWeb"" project in 1989—now known as the World Wide Web. The first version of the protocol had only one method, namely GET, which would request a page from a server. The response from the server was always an HTML page.",te,True,256,Tim Berners-Lee and his team,టిమ్ బెర్నర్స్-లీ మరియు అతని బృందం,False,True
ఆంధ్ర ప్రదేశ్ లో ఉన్న అతిపెద్ద ఉప్పునీటి సరస్సు ఏది?,"Pulicat Lagoon is the second largest brackish water lagoon in India, after Chilika Lake. Pulicat Lagoon is considered to be the second largest brackish water body in India measuring 759* km2. The Lagoon is one of the three important wetlands to attract North-East Monsoon rain clouds during October to December season to Tamil Nadu. The lagoon comprises the following regions, which adds up 759 km2 according to Andhra Pradesh Forest Department*:
1) Pulicat Lake (Tamil Nadu-TN & Andhra Pradesh-AP)
2) Marshy/Wetland Land Region (AP)
3) Venadu Reserve Forest (AP)
4) Pernadu Reserve Forest (AP)
The lagoon was cut across in the middle the Sriharikota Link Road, which divided the water body into lake and marshy land. The lake encompasses the Pulicat Lake Bird Sanctuary. The barrier island of Sriharikota separates the lake from the Bay of Bengal and is home to the Satish Dhawan Space Centre.
Major part of the lake comes under Nellore district of Andhra pradesh.",te,True,0,Pulicat Lagoon,పులికాట్ లాగూన్,False,True
2002లో థాయిలాండ్ ప్రధానమంత్రి ఎవరు?,"Thaksin Shinawatra (; ; ; ; born 26 July 1949) is a Thai businessman, politician, visiting professor, and fugitive from Thai justice. He served in the Thai Police from 1973 to 1987. He was the Prime Minister of Thailand from 2001 to 2006.
Thaksin founded the mobile phone operator Advanced Info Service and the IT and telecommunications conglomerate Shin Corporation in 1987, ultimately making him one of the richest people in Thailand. He founded the Thai Rak Thai Party (TRT) in 1998 and, after a landslide electoral victory, became prime minister in 2001. He was the first democratically elected prime minister of Thailand to serve a full term and was re-elected in 2005 by an overwhelming majority.",te,True,0,Thaksin Shinawatra,థాక్సిన్ షినావత్రా,False,True
భారతదేశం జాతీయ జెండాలో తెలుపు రంగు దేనికి చిహ్నం?,"Gandhi first proposed a flag to the Indian National Congress in 1921. The flag was designed by Pingali Venkayya. In the centre was a traditional spinning wheel, symbolising Gandhi's goal of making Indians self-reliant by fabricating their own clothing. The design was then modified to include a white stripe in the centre for other religious communities, and provide a background for the spinning wheel. Subsequently, to avoid sectarian associations with the colour scheme, saffron, white and green were chosen for the three bands, representing courage and sacrifice, peace and truth, and faith and chivalry respectively.",te,True,568,peace and truth,"శాంతి, సత్యం",False,True
పీచుపదార్ధాల నుంచి ఏ విటమిన్ వస్తుంది?,"Chemically defined as oligosaccharides occurring naturally in most plants, inulins have nutritional value as carbohydrates, or more specifically as fructans, a polymer of the natural plant sugar, fructose. Inulin is typically extracted by manufacturers from enriched plant sources such as chicory roots or Jerusalem artichokes for use in prepared foods. Subtly sweet, it can be used to replace sugar, fat, and flour, is often used to improve the flow and mixing qualities of powdered nutritional supplements, and has significant potential health value as a prebiotic fermentable fiber.",te,True,75,inulins,ఇన్యులిన్లు,False,True
సముద్రంలో నివసించే అతి పెద్ద జంతువు ఏది?,"Among animals, the largest species are all marine mammals, specifically whales. The blue whale is believed to be the largest animal to have ever lived. The largest land animal classification is also dominated by mammals, with the African bush elephant being the most massive of these.",te,True,84,blue whale,బ్లూ వేల్,False,True
వోల్టేజ్ ను ఏ పరికరంతో కొలుస్తారు?,A digital voltmeter (DVM) measures an unknown input voltage by converting the voltage to a digital value and then displays the voltage in numeric form. DVMs are usually designed around a special type of analog-to-digital converter called an integrating converter.,te,True,2,digital voltmeter,డిజిటల్ వోల్టేమీటర్,False,True
న్యూజిలాండ్‌ దేశ రాజధాని ఏది ?,"Wellington has been the capital of New Zealand since 1865. New Zealand's first capital city was Old Russell (Okiato) in 1840–41. Auckland was the second capital from 1841 until 1865, when Parliament was permanently moved to Wellington after an argument that persisted for a decade. As the members of parliament could not agree on the location of a more central capital, Wellington was decided on by three Australian commissioners.",te,True,0,Wellington,వెల్లింగ్టన్,False,True
బెనిటో అమిల్‌కేర్ ఆండ్రియా ముస్సోలినీ తల్లిదండ్రులు పేర్లేమిటి?,"Benito Mussolini's father, Alessandro Mussolini, was a blacksmith and a socialist, while his mother, Rosa (née Maltoni), was a devout Catholic schoolteacher. Owing to his father's political leanings, Mussolini was named Benito after Mexican leftist president Benito Juárez, while his middle names Andrea and Amilcare were from Italian socialists Andrea Costa and Amilcare Cipriani. Benito was the eldest of his parents' three children. His siblings Arnaldo and Edvige followed.",te,True,19,"father, Alessandro Mussolini, was a blacksmith and a socialist, while his mother, Rosa (née Maltoni), was a devout Catholic schoolteacher","తండ్రి, అలెస్సాండ్రో ముస్సోలినీ, ఒక చెత్త మరియు ఒక సోషలిస్ట్, అయితే అతని తల్లి, రోసా (née Maltoni), ఒక భక్తుడు కాథలిక్ పాఠశాల ఉపాధ్యాయుడు",False,True
2018 నాటికీ అమెరికా సంయుక్త రాష్ట్రాలు ఎన్ని ?,"The United States of America is a federal republic consisting of 50 states, a federal district (Washington, D.C., the capital city of the United States), five major territories, and various minor islands. The 48 contiguous states and Washington, D.C., are in central North America between Canada and Mexico; the two other states, Alaska and Hawaii, are in the northwestern part of North America and an archipelago in the mid-Pacific, respectively, while the territories are scattered throughout the Pacific Ocean and the Caribbean Sea.",te,True,65,50,50,False,True
లెబనాన్ దేశ మొదటి ప్రధానమంత్రి ఎవరు?,"The region eventually was ruled by the Ottoman Empire from 1516 to 1918. Following the collapse of the empire after World War I, the five provinces that constitute modern Lebanon came under the French Mandate of Lebanon. The French expanded the borders of the Mount Lebanon Governorate, which was mostly populated by Maronites and Druze, to include more Muslims. Lebanon gained independence in 1943, establishing confessionalism, a unique, Consociationalism-type of political system with a power-sharing mechanism based on religious communities. Bechara El Khoury, President of Lebanon during the independence, Riad El-Solh, first Lebanese prime minister and Emir Majid Arslan II, first Lebanese minister of defence, are considered the founders of the modern Republic of Lebanon and are national heroes for having led the country's independence. Foreign troops withdrew completely from Lebanon on 31 December 1946. Lebanon has been a member of the United Nations since its founding in 1945 as well as of the Arab League (1945), the Non-Aligned Movement (1961), Organisation of the Islamic Cooperation (1969) and the Organisation internationale de la francophonie (1973).",te,True,611,Riad El-Solh,రియాద్ ఎల్-సోల్,False,True
గాడ్ అఫ్ క్రికెట్ అన్ని ఎవరిని అంటారు?,"Sachin Ramesh Tendulkar (; born 24 April 1973) is a former Indian international cricketer and a former captain of the Indian national team, regarded as one of the greatest batsman of all time. He is the highest run scorer of all time in International cricket. Tendulkar took up cricket at the age of eleven, made his Test debut on 15 November 1989 against Pakistan in Karachi at the age of sixteen, and went on to represent Mumbai domestically and India internationally for close to twenty-four years. He is the only player to have scored one hundred international centuries, the first batsman to score a double century in a ODI, the holder of the record for the most number of runs in both Test and ODI, and the only player to complete more than 30,000 runs in international cricket. He is colloquially known as Little Master or Master Blaster, and often referred to as the God of Cricket by Indian cricket followers.
In 2001, Sachin Tendulkar became the first batsman to complete 10,000 ODI runs in his 259 innings. In 2002, halfway through his career, ""Wisden Cricketers' Almanack"" ranked him the second greatest Test batsman of all time, behind Don Bradman, and the second greatest ODI batsman of all time, behind Viv Richards. Later in his career, Tendulkar was a part of the Indian team that won the 2011 World Cup, his first win in six World Cup appearances for India. He had previously been named ""Player of the Tournament"" at the 2003 edition of the tournament, held in South Africa. In 2013, he was the only Indian cricketer included in an all-time Test World XI named to mark the 150th anniversary of ""Wisden Cricketers' Almanack"".",te,True,0,Sachin Ramesh Tendulkar,సచిన్ రమేష్ టెండూల్కర్,False,True
ఆంధ్ర ప్రదేశ్ రాష్ట్ర పునర్విభజన చట్టం ఎప్పుడు అమలు లోకి వచ్చింది?,"The Andhra Pradesh Reorganisation Act, 2014, popularly known as the Telangana Act is an Act of Indian Parliament that bifurcated the state of Andhra Pradesh into Telangana and the residuary Andhra Pradesh state, due to the Telangana movement. The Act defined the boundaries of the two states, determined how the assets and liabilities were to be divided, and laid out the status of Hyderabad as the permanent capital of new Telangana state and temporary capital of the Andhra Pradesh state.",te,True,39,2014,2014 సంవత్సరం,False,True
జమ్ము మరియు కాశ్మీర్ రాష్ట్రం లో అతిపెద్ద నగరం పేరేమిటి?,"Srinagar () is the largest city and the summer capital of the Indian state of Jammu and Kashmir. It lies in the Kashmir Valley on the banks of the Jhelum River, a tributary of the Indus, and Dal and Anchar lakes. The city is known for its natural environment, gardens, waterfronts and houseboats. It is also known for traditional Kashmiri handicrafts and dried fruits. It is the northernmost city of India with over 1 million people.",te,True,0,Srinagar () is the largest city and the summer capital of the Indian state of Jammu and Kashmi,శ్రీనగర్ () భారతదేశం యొక్క జమ్మూ కాశ్మీర్ రాష్ట్రం యొక్క అతిపెద్ద నగరం మరియు వేసవి రాజధాని,False,True
ఆంగ్లంలో అతిపెద్ద పదం ఏది?,"Antidisestablishmentarianism, at 28 letters, is the longest non-coined, non-systematic English word in Oxford Dictionaries. It refers to a 19th-century political movement that opposed the disestablishment of the Church of England as the state church of England.",te,True,0,Antidisestablishmentarianism,వ్యవస్థాపక వ్యతిరేకత,False,True
షేక్ చిన మౌలానా ఎప్పుడు మరణించాడు?,"Sheik Chinna Moulana (12 May 1924, Guntur, Andhra Pradesh – 13 April 1999, Srirangam, Tamil Nadu), popularly known as Sheik, was a legendary nadhaswaram player in the Carnatic tradition. He was awarded the Madras Music Academy's Sangeetha Kalanidhi in 1998. He achieved high position through his outstanding control over the instrument, rendering the Krities in the Gayaki style and for his extraordinary style of Raga Alapana.",te,True,60,13 April 1999,"ఏప్రిల్ 13, 1999",False,True
క్యాన్సర్ మొత్తం ఎన్ని రకాలుగా గుర్తించారు?,"Cancer is a group of diseases involving abnormal cell growth with the potential to invade or spread to other parts of the body. These contrast with benign tumors, which do not spread to other parts of the body. Possible signs and symptoms include a lump, abnormal bleeding, prolonged cough, unexplained weight loss and a change in bowel movements. While these symptoms may indicate cancer, they may have other causes. Over 100 types of cancers affect humans.
Tobacco use is the cause of about 22% of cancer deaths. Another 10% are due to obesity, poor diet, lack of physical activity or excessive drinking of alcohol. Other factors include certain infections, exposure to ionizing radiation and environmental pollutants. In the developing world, 15% of cancers are due to infections such as ""Helicobacter pylori"", hepatitis B, hepatitis C, human papillomavirus infection, Epstein–Barr virus and human immunodeficiency virus (HIV). These factors act, at least partly, by changing the genes of a cell. Typically, many genetic changes are required before cancer develops. Approximately 5–10% of cancers are due to inherited genetic defects from a person's parents. Cancer can be detected by certain signs and symptoms or screening tests. It is then typically further investigated by medical imaging and confirmed by biopsy.
Many cancers can be prevented by not smoking, maintaining a healthy weight, not drinking too much alcohol, eating plenty of vegetables, fruits and whole grains, vaccination against certain infectious diseases, not eating too much processed and red meat and avoiding too much sunlight exposure. Early detection through screening is useful for cervical and colorectal cancer. The benefits of screening in breast cancer are controversial. Cancer is often treated with some combination of radiation therapy, surgery, chemotherapy and targeted therapy. Pain and symptom management are an important part of care. Palliative care is particularly important in people with advanced disease. The chance of survival depends on the type of cancer and extent of disease at the start of treatment. In children under 15 at diagnosis, the five-year survival rate in the developed world is on average 80%. For cancer in the United States, the average five-year survival rate is 66%.
In 2015, about 90.5 million people had cancer. About 14.1 million new cases occur a year (not including skin cancer other than melanoma). It caused about 8.8 million deaths (15.7% of deaths). The most common types of cancer in males are lung cancer, prostate cancer, colorectal cancer and stomach cancer. In females, the most common types are breast cancer, colorectal cancer, lung cancer and cervical cancer. If skin cancer other than melanoma were included in total new cancer cases each year, it would account for around 40% of cases. In children, acute lymphoblastic leukemia and brain tumors are most common, except in Africa where non-Hodgkin lymphoma occurs more often. In 2012, about 165,000 children under 15 years of age were diagnosed with cancer. The risk of cancer increases significantly with age, and many cancers occur more commonly in developed countries. Rates are increasing as more people live to an old age and as lifestyle changes occur in the developing world. The financial costs of cancer were estimated at $1.16 trillion USD per year .
",te,True,423,100,100,False,True
హిందీ చలనచిత్ర పరిశ్రమ ఎక్కడ ఉంది?,"Hindi cinema, often metonymously referred to as Bollywood and formerly known as Bombay cinema, is the Indian Hindi-language film industry, based in the city of Mumbai (formerly Bombay), Maharashtra, India. The term being a portmanteau of ""Bombay"" and ""Hollywood"", Bollywood is a part of the larger cinema of India (also known as Indywood), which includes other production centers producing films in other Indian languages. Linguistically, Bollywood films tend to use a colloquial dialect of Hindi-Urdu, or Hindustani, mutually intelligible to both Hindi and Urdu speakers, while modern Bollywood films also increasingly incorporate elements of Hinglish.",te,True,160,Mumbai,ముంబై,False,True
సచిన్ టెండూల్కర్ తన క్రీడాజీవితంలో ఎన్ని టెస్ట్ మ్యాచ్‌ లు ఆడాడు?,"In 2010, ""Time"" magazine included Sachin in its annual Time 100 list as one of the ""Most Influential People in the World"".
In December 2012, Tendulkar announced his retirement from ODIs. He retired from Twenty20 cricket in October 2013 and subsequently retired from all forms of cricket on 16 November 2013 after playing his 200th Test match, against the West Indies in Mumbai's Wankhede Stadium. Tendulkar played 664 international cricket matches in total, scoring 34,357 runs.",te,True,414,664,664 వ వంశం,False,True
2015లో విశాఖపట్నం జిల్లా అక్షరాస్యత శాతం ఎంత?,"According to the 2011 census Visakhapatnam district has a population of 4,288,113 This gives it a ranking of 44th in India (out of a total of 640) and 4th in its state. The district has a population density of . Its population growth rate over the decade 2001-2011 was 11.89%. Visakhapatnam has a sex ratio of 1003 females for every 1000 males, and a literacy rate of 67.7%.",te,True,368,67.7%,67.7%,False,True
పలమనేరు పట్టణ వైశాల్యం ఎంత?,"Palamaner is located in Chittoor District, Andhra Pradesh at . It has an average elevation of 683 meters (2,244 ft). Being close to Karnataka and Tamil Nadu state borders, people here bear a mixed culture. ",te,True,94,"683 meters (2,244 ft)","683 మీటర్లు (2,244 అడుగులు)",False,True
సౌరవిద్యుత్‌ ఉత్పత్తిని మొట్టమొదటగా ఏ దేశం ప్రారంభించింది?,"Spain is one of the top ten countries by solar photovoltaics installed capacity and the first country for concentrated solar power (CSP) in the world.
In 2016, the cumulative total solar power installed was 6,969 MW, of which 4,669 MW were solar PV installations and 2,300 MW were concentrated solar power. 
In 2016, nearly 8 TWh of electrical power was produced from photovoltaics, and 5 TWh from CSP plants. During 2016 Photovoltaics accounted for 3% of total electricity generation and solar thermal an additional 1.9%.",te,True,0,Spain,స్పెయిన్,False,True
మొదటగా సునామి ఎప్పుడు వచ్చింది ?,"Tsunamis are an often underestimated hazard in the Mediterranean Sea and parts of Europe. Of historical and current (with regard to risk assumptions) importance are the 1755 Lisbon earthquake and tsunami (which was caused by the Azores–Gibraltar Transform Fault), the 1783 Calabrian earthquakes, each causing several tens of thousands of deaths and the 1908 Messina earthquake and tsunami. The tsunami claimed more than 123,000 lives in Sicily and Calabria and is among the most deadly natural disasters in modern Europe. The Storegga Slide in the Norwegian Sea and some examples of tsunamis affecting the British Isles refer to landslide and meteotsunamis predominantly and less to earthquake-induced waves.",te,True,169,1755,1755 వ సంవత్సరం,False,True
ఇంటెల్ సంస్థని స్థాపించింది ఎవరు ?,"Intel Corporation was founded on July 18, 1968, by semiconductor pioneers Robert Noyce and Gordon Moore (of Moore's law), and widely associated with the executive leadership and vision of Andrew Grove. The company's name was conceived as portmanteau of the words ""int""egrated and ""el""ectronics, with co-founder Noyce having been a key inventor of the integrated circuit (microchip). The fact that ""intel"" is the term for intelligence information also made the name appropriate. Intel was an early developer of SRAM and DRAM memory chips, which represented the majority of its business until 1981. Although Intel created the world's first commercial microprocessor chip in 1971, it was not until the success of the personal computer (PC) that this became its primary business.",te,True,0,"Intel Corporation was founded on July 18, 1968, by semiconductor pioneers Robert Noyce and Gordon Moore","ఇంటెల్ కార్పొరేషన్ను జూలై 18, 1968 న సెమీకండక్టర్ మార్గదర్శకులు రాబర్ట్ నోయిస్ మరియు గోర్డాన్ మూర్ స్థాపించారు",False,True
2017లో ఆంధ్రప్రదేశ్ లో మొత్తం ఎన్ని జిల్లాలు ఉన్నాయి?,"It has a total of 13 districts, nine in Coastal Andhra Region and four in Rayalaseema Region.",te,True,0,It has a total of 13 districts,ఇందులో మొత్తం 13 జిల్లాలు ఉన్నాయి.,False,True
ప్రపంచంలోనే అతిపెద్ద పూరీ జగన్నాద్ క్షేత్రం ఎక్కడ ఉంది?,"Jagannath is considered a non-sectarian deity. He is significant regionally in the Indian states of Odisha, Chhattisgarh, West Bengal, Jharkhand, Bihar, Gujarat, Assam, Manipur and Tripura. He is also significant to the Hindus of Bangladesh. The Jagannath temple in Puri, Odisha is particularly significant in Vaishnavism, and is regarded as one of the Char Dham pilgrimage sites in India. The Jagannath temple is massive, over 200 feet high in the ""Nagara"" [Hindu temple style, and one of the best surviving specimens of Kalinga Architecture aka Odisha art and architecture. It has been one of the major pilgrimage destination for Hindus since about 800 CE.",te,True,246,"Jagannath temple in Puri, Odisha",ఒడిశా లోని పురి లో జగన్నాథ్ ఆలయం,False,True
మొదటి ట్యూబ్ లెస్ టైర్ ను కనుగొన్నది ఎవరు?,"In 1947, BFGoodrich developed the first tubeless tire in the United States. The tubeless tire eliminate the need for an inner tube, which improves performance and safety, as well as enhanced comfort for the car's occupants.",te,True,9,BFGoodrich,బి. ఎఫ్. గుడ్ రిచ్,False,True
ఆక్సిజన్ రసాయన పేరు ఏమిటి?,"Oxygen is a chemical element with symbol O and atomic number 8. It is a member of the chalcogen group on the periodic table, a highly reactive nonmetal, and an oxidizing agent that readily forms oxides with most elements as well as with other compounds. By mass, oxygen is the third-most abundant element in the universe, after hydrogen and helium. At standard temperature and pressure, two atoms of the element bind to form dioxygen, a colorless and odorless diatomic gas with the formula . Diatomic oxygen gas constitutes 20.8% of the Earth's atmosphere. As compounds including oxides, the element makes up almost half of the Earth's crust.",te,True,41,O and atomic number 8,O మరియు అణు సంఖ్య 8,False,True
2016లో మధ్యప్రదేశ్ రాష్ట్ర ముఖ్యమంత్రి ఎవరు?,"Sunder Lal Patwa (11 November 1924 – 28 December 2016) was an Indian politician, who served as the 11th Chief Minister of Madhya Pradesh and a cabinet minister in the Government of India. He was born in the village of Kukreshawar located between Manasa and Rampura in the Nimach District of Madhya Pradesh.",te,True,0,Sunder Lal Patwa,సుందర్ లాల్ పాట్వా,False,True
2015నాటికి  తెలంగాణ రాష్ట్రంలో ఎన్ని జిల్లాలు ఉన్నాయి?,"Telangana () is a state in south India. It is situated on the centre-south stretch of the Indian peninsula on the high Deccan Plateau. It is the twelfth largest state and the twelfth-most populated state in India with a geographical area of and 35,193,978 residents as per 2011 census. On 2 June 2014, the area was separated from the northwestern part of Andhra Pradesh as the newly formed 29th state with Hyderabad as its historic permanent capital. Its other major cities include Warangal, Nizamabad, Khammam and Karimnagar. Telangana is bordered by the states of Maharashtra to the north, Chhattisgarh to the east, Karnataka to the west, and Andhra Pradesh to the east and south. The terrain of Telangana region consists mostly of hills, mountain ranges, and thick dense forests distribution of 27,292 sq. km. As of 2018, the state of Telangana is divided into 31 districts.",te,True,864,31,31,False,True
స్నెల్స్ నియమమును మొదటగా ఎవరు కనుగొన్నారు ?,"Although named after Dutch astronomer Willebrord Snellius (1580–1626), the law was first accurately described by the Persian scientist Ibn Sahl at the Baghdad court in 984. In the manuscript ""On Burning Mirrors and Lenses"", Sahl used the law to derive ",te,True,135,Ibn Sahl,ఇబ్న్ సాహ్ల్,False,True
ప్రపంచంలో ఎన్ని సముద్రాలు ఉన్నాయి?,"The ""Seven Seas"" (as in the idiom ""sail the Seven Seas"") is an ancient phrase for all of the world's oceans. Since the 19th century, the term has been taken to include seven oceanic bodies of water:
The World Ocean is also collectively known as just ""the sea.” The International Hydrographic Organization lists over 70 distinct bodies of water called seas.",te,True,4,"""Seven Seas""","""ఏడు సముద్రాలు""",False,True
2018 సంవత్సరంలో భారత్ ప్రధాని గా ఎవరు పని చేసారు?,"Narendra Damodardas Modi (; born 17 September 1950) is an Indian politician serving as the 14th and current Prime Minister of India since 2014. He was the Chief Minister of Gujarat from 2001 to 2014, and is the Member of Parliament for Varanasi. Modi is a member of the Bharatiya Janata Party (BJP) and the Rashtriya Swayamsevak Sangh (RSS).",te,True,0,Narendra Damodardas Modi,నరేంద్ర దమోదార్దస్ మోదీ,False,True
అమృతసర్ జిల్లాలో ఏ మతస్తులు అధికంగా ఉంటారు?,"According to 2011 Census of India, Hinduism and Sikhism were the main religions of the Amritsar city at 49.4% and 48% of the population, respectively. Sikhs form a majority of close to 70% in the Amritsar District on a whole.",te,True,35,Hinduism,హిందూమతం,False,True
వస్తువు యొక్క నాణ్యత ను ఏ శాఖ నిర్దారిస్తుంది?,"The concept of a quality as we think of it now first emerged from the Industrial Revolution.. Previously goods had been made from start to finish by the same person or team of people, with handcrafting and tweaking the product to meet 'quality criteria'. Mass production brought huge teams of people together to work on specific stages of production where one person would not necessarily complete a product from start to finish. In the late 19th century pioneers such as Frederick Winslow Taylor and Henry Ford recognized the limitations of the methods being used in mass production at the time and the subsequent varying quality of output. Birland established Quality Departments to oversee the quality of production and rectifying of errors, and Ford emphasized standardization of design and component standards to ensure a standard product was produced. Management of quality was the responsibility of the Quality department and was implemented by Inspection of product output to 'catch' defects.",te,True,662,Quality Departments,నాణ్యతా విభాగాలు,False,True
గోదావరి నది ఏ ప్రాంతంలో బంగాళాఖాతంలో కలుస్తుంది?,"The Godavari originates in the Western Ghats of central India near Nashik in Maharashtra, from the Arabian Sea. It flows for , first eastwards across the Deccan Plateau then turns southeast, entering the West Godavari district and East Godavari district of Andhra Pradesh, until it splits into two distributaries that widen into a large river delta and flow into the Bay of Bengal.",te,True,231,East Godavari,తూర్పు గోదావరి,False,True
2011 భారత జనగణన గణాంకాల ప్రకారం మహారాష్ట్ర రాష్ట్ర జనాభా ఎంత ?,"According to the provisional results of the 2011 national census, Maharashtra is the richest state in India and second most populous state in India with a population of 112,374,333 (9.28% of India's population) of which male and female are 58,243,056 and 54,131,277 respectively. The total population growth in 2011 was 15.99 percent while in the previous decade it was 22.57 percent. Since independence, the decadal growth rate of population has remained higher (except in the year 1971) than the national average. For the first time, in the year 2011, it was found to be lower than the national average. The 2011 census for the state found 55% of the population to be rural with 45% being urban based.
Marathis comprise the majority of the population. Maratha, Mahar, Buddhist, Kunbi, Muslim, Dhangar, Brahmin, Mali, Mang, Lingayat, Gond, Teli, Bhil, Koli, Dhimar, Rajput, Banjara, Lambadi, Gowari, Agri, Christian, Chambar, Koshti, Vani, Komati, Warli, Mannerwarlu, Jain, Vanjari, Sunar, Kumbhar, Dewang, Kalar are the major communities of Maharashtra .",te,True,169,"112,374,333","112,374,333",False,True
గుంటూరు జిల్లాలో ఉన్న అతిపెద్ద నగరం ఏది?,"Guntur district is an administrative district in the Coastal Andhra region of the Indian state of Andhra Pradesh. The administrative seat of the district is located at Guntur, the largest city of the district in terms of area and population. It has a coastline of approximately 100 km and is situated on the right bank of Krishna River, that separates it from Krishna district and extends till it empties into the Bay of Bengal. It is bounded on the south by Prakasam district and on the west by the state of Telangana. It has an area of and is the 2nd most populous district in the state, with a population of 4,889,230 as per 2011 census of India.",te,True,168,Guntur,గుంటూర్,False,True
బెంగళూరు నగరంలో గల అతిపెద్ద చర్చి ఏది ?,"Infant Jesus Church at Vivek Nagar, which is now the biggest church in Karnataka and a popular pilgrimage centre, has a long history of sacrifice and devotion. The Church was first conceived by Fr. Paul Kinatukara in the sixties and the foundation was laid in April 1970 by Rev. Dr. Lourduswamy, the then Archbishop of Bangalore. The missionary zeal (in spite of daunting hurdles) of Fr. L. Peter established the church on a firm footing and the church was opened to devotees in the year 1979, to honour and glorify the divine Infant Jesus of Prague. Designed by the Architects of Thomas Associates, the church with a fan shaped hall can accommodate about 2500 people. It has 9 faces and openings running all round the church. People seated anywhere in the interior of the church feel that the altar is facing them. The podium is raised above road level with steps and ramp on either side. The replica of the nativity scene in the nativity church of Jerusalem is the main mural of size x . The remarkable feature of the church is the secular nature of the devotees who throng seeking blessings, particularly on Thursdays and Saturdays. St Mary's Feast is celebrated in September every year when devotees gather at the Church dressed in saffron colour.",te,True,0,Infant Jesus Church,శిశువు యేసు చర్చి,False,True
కుష్ఠు వ్యాధిని భారతదేశంలో మొదటిసారి ఎక్కడ కనుగొన్నారు ?,"In 2009, a 4,000-year-old skeleton was uncovered in India that was found to contain traces of leprosy. The discovery was made at a site called Balathal, which is today part of Rajasthan. This is believed to be the oldest known physical case of the disease. This pre-dated by 1500 years the previous earliest recognized case, dating to 6th-century Egypt. It is believed that the excavated skeleton belonged to a male, who was in his late 30s and belonged to the Ahar Chalcolithic culture. Archaeologists have said that this is the first such example that dates to prehistoric India. This finding supports the evidence of the disease spreading to India by human migration routes from its origin in Africa.",te,True,143,Balathal,బాలాథల్,False,True
సాహిత్యంలో నోబెల్ బహుమతిని పొందిన మొదటి వ్యక్తి ఎవరు?,"The Nobel Prize in Literature () is awarded annually by the Swedish Academy to authors for outstanding contributions in the field of literature. It is one of the five Nobel Prizes established by the 1895 will of Alfred Nobel, which are awarded for outstanding contributions in chemistry, physics, literature, peace, and physiology or medicine. As dictated by Nobel's will, the award is administered by the Nobel Foundation and awarded by a committee that consists of five members elected by the Swedish Academy. The first Nobel Prize in Literature was awarded in 1901 to Sully Prudhomme of France. Each recipient receives a medal, a diploma and a monetary award prize that has varied throughout the years. In 1901, Prudhomme received 150,782 SEK, which is equivalent to 8,823,637.78 SEK in January 2018. The award is presented in Stockholm at an annual ceremony on December 10, the anniversary of Nobel's death.",te,True,571,Sully Prudhomme,సల్లీ ప్రుడ్హోమ్,False,True
హ్యారీ పోట్టర్ చిత్ర కథానాయకుడు ఎవరు?,"Daniel Jacob Radcliffe (born 23 July 1989) is an English actor and producer. He is known for playing the titular protagonist in the ""Harry Potter"" film series, based on the novels by J. K. Rowling.",te,True,0,Daniel Jacob Radcliffe,డేనియల్ జాకబ్ రాడ్క్లిఫ్,False,True
24 చిత్ర కథానాయకుడి పేరేమిటి?,"The main setting is Sangala, a fictional African country, where Jack Bauer (Kiefer Sutherland) tries to find peace with himself, and works as a missionary with Carl Benton (Robert Carlyle), who built the Okavango school to aid war orphans. Bauer is served a subpoena to appear before the United States Senate regarding human rights violations, but refuses to go, and a shadow organization among the United States government aids General Juma (Tony Todd) and his militia in a coup d'état.",te,True,64,Jack Bauer (Kiefer Sutherland,జాక్ బౌయర్ (కిఫెర్ సుథర్లాండ్),False,True
కీటకాలలో అతి చిన్న కీటకం ఏది?,"Fairyflies include the smallest known insect, ""Dicopomorpha echmepterygis"" from Costa Rica, which have males that are only long. They do not have wings or eyes, their mouths are mere holes, and their antennae are simply spherical blobs. The ends of their legs have been modified into suction cups for clutching at females long enough to fertilize them. They are so small, their entire bodies are smaller than a single-celled ""Paramecium"". Four male individuals, lined up end-to-end, would just about encompass the width of a period at the end of a typical printed sentence. The females of the species, however, are typical fairyflies, and are much larger. The smallest flying insect is also a mymarid, ""Kikiki huna"" from Hawaii, which is long.",te,True,47,Dicopomorpha echmepterygis,డికోపోమోర్ఫా ఎచ్మెప్టెరిగిస్,False,True
ప్రపంచంలో అతిచిన్న వైశాల్యం కలిగిన దేశం ఏది?,"Vatican City (), officially Vatican City State (; ), is an independent city-state enclaved within Rome, Italy. Established with the Lateran Treaty (1929), it is distinct from yet under ""full ownership, exclusive dominion, and sovereign authority and jurisdiction"" of the Holy See (). With an area of 44 hectares (110 acres), and a population of about 1,000, it is the smallest state in the world by both area and population.",te,True,0,Vatican City,వాటికన్ సిటీ,False,True
వర్ణ చిత్ర దర్శకుడు ఎవరు?,"Irandaam Ulagam () is a 2013 Indian Tamil-language romantic fantasy film written and directed by Selvaraghavan. Starring Arya and Anushka Shetty, the film features soundtrack composed by Harris Jayaraj, background score by Anirudh Ravichander and cinematography handled by Ramji. After several months of production, the film was released worldwide on 22 November 2013. The film was dubbed in Telugu and released as ""Varna"". It was also dubbed in Hindi with the title ""Veer Yoddha"".",te,True,97,Selvaraghavan,సెల్వరాఘవాన్,False,True
నిర్మాణం ని ఆంగ్లములో ఏమంటారు?,"A construction worker is a tradesperson, laborer, or professional employed in the physical construction of the built environment and its infrastructure.",te,True,91,construction,నిర్మాణం,False,True
శ్రీకృష్ణుడిని పెంచిన తండ్రి పేరేమిటి ?,"The tenth and eleventh books of the ""Bhagavata Purana"" are widely considered to be a poetic masterpiece, full of imagination and metaphors, with no relation to the realism of pastoral life found in the ""Harivamsa"". Krishna's life is presented as a cosmic play (""lila""), where his youth is set as a princely life with his foster father Nanda portrayed as a king. Krishna's life is closer to that of a human being in ""Harivamsa"", but is a symbolic universe in the ""Bhagavata Purana"", where Krishna is within the universe and beyond it, as well as the universe itself, always. The ""Bhagavata Purana"" manuscripts also exist in many versions, in numerous Indian languages.",te,True,335,Nanda,నాండా,False,True
బాస్కెట్ బాల్ క్రీడ ఎప్పుడు పుట్టింది?,"The history of basketball began with its invention in 1891 in Springfield, Massachusetts by Canadian physical education instructor James Naismith as a less injury-prone sport than football. The game became established fairly quickly and grew very popular as the 20th century progressed, first in America and then throughout the world. After basketball became established in American colleges, the professional game followed. The American National Basketball Association (NBA), established in 1946, grew to a multibillion-dollar enterprise by the end of the century, and basketball became an integral part of American culture.",te,True,54,1891,1891,False,True
శాన్ మారినో దేశ అధికారిక భాష ఏది?,"San Marino is a nation enclaved within Italy. San Marino recognizes only one official language, Italian. Many Sammarinese people speak English as a second language and French as a third.",te,True,96,Italian,ఇటాలియన్,False,True
విశాఖపట్నం జిల్లా ఆంధ్రప్రదేశ్ లో ఎన్నో అతిపెద్ద జిల్లా?,"The state is made up of the two major regions of Rayalaseema, in the inland southwestern part of the state, and Coastal Andhra to the east and northeast, bordering the Bay of Bengal. The state comprises thirteen districts in total, nine of which are located in Coastal Andhra and four in Rayalaseema. The largest city and commercial hub of the state are Visakhapatnam, located on the Bay of Bengal, with a GDP of US$43.5 billion; the second largest city in the state is Vijayawada, located on the banks of the Krishna River, which has a GDP of US$3 billion (). The economy of Andhra Pradesh is the seventh-largest state economy in India with in gross domestic product and a per capita GDP of .",te,True,305,largest city,అతిపెద్ద నగరం,False,True
అణు సిద్ధాంతంని ప్రతిపాదించింది ఎవరు ?,"John Dalton FRS (; 6 September 1766 – 27 July 1844) was an English chemist, physicist, and meteorologist. He is best known for introducing the atomic theory into chemistry, and for his research into colour blindness, sometimes referred to as Daltonism in his honour.",te,True,0,John Dalton,జాన్ డాల్టన్,False,True
ఆంగ్లేయులు తమ మొదటి స్థావరాన్ని ఎక్కడ ఏర్పరుచుకున్నారు ?,British Camp is an Iron Age hill fort located at the top of Herefordshire Beacon in the Malvern Hills. The hill fort is protected as a Scheduled Ancient Monument and is owned and maintained by Malvern Hills Conservators. The fort is thought to have been first constructed in the 2nd century BC. A Norman castle was built on the site.,te,True,60,Herefordshire Beacon in the Malvern Hills,మాల్వర్న్ హిల్స్ లోని హెర్ఫోర్డ్షైర్ బేకాన్,False,True
భారతదేశంలో హెచ్ పి గ్యాస్ సంస్థ ప్రధానకార్యాలయం ఎక్కడ ఉంది?,"Hindustan Petroleum Corporation Limited (HPCL) (, ) is an Indian state-owned oil and natural gas company with its headquarters at Mumbai, Maharashtra. It has about 25% market-share in India among public-sector companies (PSUs) and a strong marketing infrastructure. Oil and Natural Gas Corporation owns 51.11% shares in HPCL and others are distributed amongst financial institutes, public and other investors. The company is ranked 367th on the ""Fortune Global 500"" list of the world's biggest corporations as of 2016.",te,True,130,Mumbai,ముంబై,False,True
నీరు యొక్క రసాయన నిర్మాణం ఏంటి?,"The dissociation constant for this dissociation is commonly symbolized as ""K"" and has a value of about at 25 °C; see here for values at other temperatures. Pure water has a concentration of the hydroxide ion () equal to that of the hydrogen ion (), which gives a pH of 7 at 25 °C.",te,True,263,pH of 7 at 25 °C.,25 °C వద్ద pH 7.,False,True
తుపాకీ గుండును ఎవరు కనుగొన్నారు?,"Square bullets have origins that almost pre-date civilization and were used by slingers in slings. They were typically made out of copper or lead. The most notable use of square bullet designs was done by, James Puckle and Kyle Tunis who patented them, where they were briefly used in one version of the Puckle gun. The early use of these in the black-powder era was soon discontinued due to irregular and unpredictable flight patterns.",te,True,206,James Puckle and Kyle Tunis,జేమ్స్ పక్లే మరియు కైల్ ట్యూనిస్,False,True
సెయింట్ పీటర్స్‌బర్గ్ లో ఉన్న జనాభా ఎంత?,"Saint Petersburg () is Russia's second-largest city after Moscow, with 5 million inhabitants in 2012, part of the Saint Petersburg agglomeration with a population of 6.2 million (2015). An important Russian port on the Baltic Sea, it has a status of a federal subject (a federal city).",te,True,71,5 million,5 మిలియన్లు,False,True
విద్యుత్ కేంద్రం భారతదేశంలో మొదటగా ఎక్కడ ఆరంభించారు?,"Sidrapong Hydroelectric Power Station ( Sidrapong Hydel Power Station), located at the foothills of Arya Tea Estate from Darjeeling town, is the oldest hydel power station or hydroelectric power plant in India. commissioned on 10 November 1897, its original capacity was 2 × 65 kW, which was expanded in phases for increased demands to a total 1000 kW in 1916. Having reached the limit of the water supply, the machinery was replaced in 1931 for more-efficient triple-phase transmission.",te,True,0,Sidrapong Hydroelectric Power Station,సిద్రాపోంగ్ జల విద్యుత్ కేంద్రం,False,True
క్రికెట్‌ ఆటను మొదటగా ఏ దేశంలో ఆడారు?,"The earliest definite reference to cricket is dated Monday, 17 January 1597 (i.e., an ""Old Style"" Julian date which is 1598 by modern reckoning under the Gregorian calendar). It is a deposition in the records of a legal case at Guildford, Surrey, re the use of a parcel of land c.1550 and John Derrick, a coroner, testified that he had at that time played cricket on the land when he was a boy. Derrick's testimony makes clear that the sport was being played c.1550, but its true origin is a mystery. All that can be said with a fair degree of certainty is that its beginning was earlier than 1550, somewhere in south-east England within the counties of Kent, Sussex and Surrey. Unlike other games with batsmen, bowlers and fielders, such as stoolball and rounders, cricket can only be played on relatively short grass, especially as the ball was delivered along the ground until the 1760s. Therefore, forest clearings and land where sheep had grazed would have been suitable places to play.",te,True,623,England,ఇంగ్లాండ్,False,True
తెలంగాణ రాష్ట్ర మొదటి ముఖ్యమంత్రి ఎవరు?,"Kalvakuntla Chandrashekar Rao (born 17 February 1954) better known and abbreviated as K.C.R., is an Indian politician and the first Chief Minister of Telangana, a new state formed by the division of Andhra Pradesh in 2014. He is the leader and Founder of the Telangana Rashtra Samithi, a regional party in India. He is a Member of the Legislative Assembly (Telangana) from the Gajwel constituency of Siddipet District in Telangana. Previously, he served as the Member of the Legislative Assembly (Andhra Pradesh) from Siddipet and also as the Member of Parliament from Mahbubnagar, Karimnagar and Medak. He took oath as the first Chief Minister of the new state of Telangana on 2 June 2014. He went for early elections in 2018, when his cabinet recommended to dissolve the legislative lower house, Nine months before the completion of his term . He again took oath as the Chief Minister of Telangana for the second term on 13th December 2018.",te,True,0,Kalvakuntla Chandrashekar Rao,కల్వాకుంత్లా చంద్రశేఖర్ రావు,False,True
భూమి గురుత్వాకర్షణ శక్తి ఎంత?,"The precise strength of Earth's gravity varies depending on location. The nominal ""average"" value at Earth's surface, known as is, by definition, 9.80665 m/s2. This quantity is denoted variously as , (though this sometimes means the normal equatorial value on Earth, 9.78033 m/s2), , gee, or simply (which is also used for the variable local value). ",te,True,146,9.80665 m/s2,9.80665 m/s2,False,True
కస్తూరిబాయి గాంధీకి ఎంతమంది కుమారులు?,"Kasturba and Gandhi had five sons, with their eldest dying at a young age. Although the proceeding four sons survived to adulthood, Kasturba never fully recovered from the death of her first child. The first two sons were born before Gandhi first went abroad. Later on, in 1906, Gandhi took a vow of chastity, or brahamacharya. Some reports indicated that Kasturba felt that this opposed her role as a traditional Hindu wife. However, Kasturba quickly defended her marriage when a friend suggested she was unhappy. Kasturba's relatives also insisted that the greatest good was to remain and obey her husband, the Mahatma. When he left to study in London in 1888, she remained in India to raise their newborn son Harilal. The couple later had three more sons: Manilal, Ramdas, and Devdas. Kasturba's relationship with her husband can be described by the following extract from Ramachandra Guha's novel ""Gandhi Before India""; ""They had, in the emotional as well as sexual sense, always been true to one another. Perhaps because of their periodic, extended separations, Kasturba deeply cherished their time together.""",te,True,24,five,ఐదు,False,True
2018 నాటికి ఉత్తర ప్రదేశ్ రాష్ట్ర ముఖ్యమంత్రి ఎవరు ?,"Yogi Adityanath (born Ajay Mohan Bisht on 5 June 1972) is an Indian monk and Hindu nationalist politician who is the current Chief Minister of Uttar Pradesh, in office since 19 March 2017.",te,True,0,Yogi Adityanath,యోగి ఆదిత్యనాథ్,False,True
ఏ.పి.జె. అబ్దుల్ కలామ్ భారతదేశానికి ఎన్ని సంవత్సరాలు ప్రధానమంత్రిగా పనిచేశాడు?,"Avul Pakir Jainulabdeen Abdul Kalam (; 15 October 1931 – 27 July 2015) was an Indian Tamil politician and aerospace scientist who served as the 11th President of India from 2002 to 2007. He was born and raised in Rameswaram, Tamil Nadu and studied physics and aerospace engineering. He spent the next four decades as a scientist and science administrator, mainly at the Defence Research and Development Organisation (DRDO) and Indian Space Research Organisation (ISRO) and was intimately involved in India's civilian space programme and military missile development efforts. He thus came to be known as the ""Missile Man of India"" for his work on the development of ballistic missile and launch vehicle technology. He also played a pivotal organisational, technical, and political role in India's ""Pokhran-II"" nuclear tests in 1998, the first since the original nuclear test by India in 1974.",te,True,173,2002 to 2007,2002 నుండి 2007 వరకు,False,True
హైదరాబాదు నగర విస్తీర్ణత ఎంత?,Hyderabad is located in central Telangana and is spread over an area of 260 km2. The city lies in the Deccan Plateau and rises to an average height of 536 m above the sea level. The city lies at 17.366° N latitude and 78.476° E longitude.,te,True,72,260 km2,260 కిలోమీటర్ల చదరపు,False,True
2015 ఆంధ్రప్రదేశ్ ఎన్నికలలో తెలుగుదేశం పార్టీ ఎన్ని స్థానాలు గెలుచుకుంది?,"Andhra Pradesh legislature assembly has 175 seats. For the election of its members, the state is divided into 175 Assembly Constituencies in which the candidate securing the largest number of votes is declared elected. In the Andhra Pradesh Assembly Elections 2014, the Telugu Desam Party formed the state government having secured a majority of 102 seats.",te,True,346,102,102,False,True
తమిళనాడు రాష్ట్రంలోని జిల్లాల సంఖ్య ఎంత ?,"The Governor is the constitutional head of the state while the Chief Minister is the head of the government and the head of the council of ministers. The Chief Justice of the Madras High Court is the head of the judiciary. The present Governor, Chief Minister and the Chief Justice are Banwarilal Purohit (governor), Edappadi K. Palaniswami and Vijaya Kamlesh Tahilramani respectively. Administratively the state is divided into 33 districts. Chennai (formerly known as Madras) is the state capital. It is the fourth largest urban agglomeration in India and is also one of the major Metropolitan cities of India. The state comprises 39 Lok Sabha constituencies and 234 Legislative Assembly constituencies.",te,True,429,33,33,False,True
2010 నాటికి అమృత్‌సర్ జిల్లాలో అక్షరాస్యత శాతం ఎంత?,"According to the 2011 census Amritsar district has a population of 2,490,891, roughly equal to the nation of Kuwait or the US state of Nevada. This gives it a ranking of 175th in India (out of a total of 640). The district has a population density of . Its population growth rate over the decade 2001-2011 was 15.48%. Amritsar has a sex ratio of 884 females for every 1000 males, and a literacy rate of 77.2%.",te,True,403,77.2%.,77.2 శాతం.,False,True
ఆంధ్ర ప్రదేశ్ రాష్ట్ర అవతరణ దినోత్సవం ఎప్పుడు?,"After reorganisation in 1956, regions of the state west of the red and blue lines merged with Bombay and Mysore States, respectively, and the rest of the state (Telangana) was merged with Andhra State to form Andhra Pradesh State.",te,True,24,1956,1956లో,False,True
పారిస్ లో ఎన్ని విశ్వవిద్యాలయాలు ఉన్నాయి?,"The University of Paris, founded in the 12th century, is often called the Sorbonne after one of its original medieval colleges. It was broken up into thirteen autonomous universities in 1970, following the student demonstrations in 1968. Most of the campuses today are in the Latin Quarter where the old university was located, while others are scattered around the city and the suburbs.",te,True,150,thirteen,పదమూడు,False,True
ఉష్ణోగ్రతని దేనితో కొలుస్తారు?,"A thermometer is a device that measures temperature or a temperature gradient. A thermometer has two important elements: (1) a temperature sensor (e.g. the bulb of a mercury-in-glass thermometer or the digital sensor in an infrared thermometer) in which some change occurs with a change in temperature; and (2) some means of converting this change into a numerical value (e.g. the visible scale that is marked on a mercury-in-glass thermometer or the digital readout on an infrared model). Thermometers are widely used in technology and industry to monitor processes, in meteorology, in medicine, and in scientific research.",te,True,2,thermometer,థర్మోమీటర్,False,True
ఉష్ణోగ్రతను కొలిచే పరికరం పేరేమిటి?,"A thermometer is a device that measures temperature or a temperature gradient. A thermometer has two important elements: (1) a temperature sensor (e.g. the bulb of a mercury-in-glass thermometer or the digital sensor in an infrared thermometer) in which some change occurs with a change in temperature; and (2) some means of converting this change into a numerical value (e.g. the visible scale that is marked on a mercury-in-glass thermometer or the digital readout on an infrared model). Thermometers are widely used in technology and industry to monitor processes, in meteorology, in medicine, and in scientific research.",te,True,2,thermometer,థర్మోమీటర్,False,True
ఉష్ణోగ్రత ఏ పరికరంతో కొలుస్తారు?,"A thermometer is a device that measures temperature or a temperature gradient. A thermometer has two important elements: (1) a temperature sensor (e.g. the bulb of a mercury-in-glass thermometer or the digital sensor in an infrared thermometer) in which some change occurs with a change in temperature; and (2) some means of converting this change into a numerical value (e.g. the visible scale that is marked on a mercury-in-glass thermometer or the digital readout on an infrared model). Thermometers are widely used in technology and industry to monitor processes, in meteorology, in medicine, and in scientific research.",te,True,2,thermometer,థర్మోమీటర్,False,True
మంటలను ఆర్పే వాయువు ఏది?,"Wet chemical (potassium acetate, potassium carbonate, or potassium citrate) extinguishes the fire by forming an air-excluding soapy foam blanket over the burning oil through the chemical process of saponification (an alkali reacting with a fat to form a soap) and by the water content cooling the oil below its ignition temperature. Generally, class A and K (F in Europe) only, although older models also achieved class B and C fire-fighting capability in the past, current models are rated A:K (Amerex, Ansul, Buckeye and Strike First) or K only (Badger/Kidde).",te,True,0,Wet chemical,తడి రసాయనము,False,True
2018లో అనకాపల్లి పట్టణ జనాభా ఎంత?,"As of the 2001 Indian census, Anakapalle had a population of 84,523. Males constitute 50% of the population and females 50%. Anakapalle has an average literacy rate of 67%, higher than the national average of 59.5%, with 54% of the males and 46% of females literate. 10% of the population is under 6 years of age.",te,True,61,"84,523.","84,523 మంది.",False,True
మనిషికి ఎక్కువగా కావాల్సిన మినరల్ ఏది?,"In the context of nutrition, a mineral is a chemical element required as an essential nutrient by organisms to perform functions necessary for life. Minerals originate in the earth and cannot be made by living organisms. Plants get minerals from soil. Most of the minerals in a human diet come from eating plants and animals or from drinking water. As a group, ""minerals"" are one of the four groups of essential nutrients, the others of which are vitamins, essential fatty acids, and essential amino acids. The five major minerals in the human body are calcium, phosphorus, potassium, sodium, and magnesium. All of the remaining elements in a human body are called ""trace elements"". The trace elements that have a specific biochemical function in the human body are sulfur, iron, chlorine, cobalt, copper, zinc, manganese, molybdenum, iodine and selenium.",te,True,553,"calcium, phosphorus, potassium, sodium, and magnesium","కాల్షియం, ఫాస్ఫోర్స్, పొటాషియం, సోడియం, మగ్నీషియం",False,True
వ్యాసుడు రచించిన ప్రసిద్ధ గ్రంధం ఏంటి?,"Vyasa (; , literally ""Compiler"") is a central and revered figure in most Hindu traditions. He is also sometimes called Veda Vyāsa (वेदव्यास, ""veda-vyāsa"", ""the one who classified the Vedas"") or Krishna Dvaipāyana (referring to his dark complexion and birthplace). He is generally considered the author of the Mahabharata, as well as a character in it and the scribe of both the Vedas and Puranas, also known as Puranik. Vyasa is also considered to be one of the seven Chiranjivins (long lived, or immortals), who are still in existence according to Hindu belief.",te,True,309,Mahabharata,మహాభారతం,False,True
విమానాన్ని నడిపిన మొదటి మహిళ ఎవరు?,"Rosina Ferrario, first female pilot of Italy, earned her license on January 3, 1913 and was as unsuccessful as Marvingt had been to get her government or the Red Cross to allow women to transport wounded soldiers during World War I. Elena Caragiani-Stoenescu, Romania's first woman pilot got the same response from her government about flying for the war effort and turned to journalism. On December 1, 1913, Lyubov Golanchikova signed a contract to become the first female test pilot. She agreed to test ""Farman-22"" aircraft manufactured in the Chervonskaya airplane workshop of The first woman on the African Continent to earn a pilot's license was Ann Maria Bocciarelli of Kimberley, South Africa.",te,True,0,Rosina Ferrario,రోసినా ఫెరారీయో,False,True
సైకిల్ ని ఏ దేశం వారు మొదటగా ఉపయోగించారు?,"The first verifiable claim for a practically used bicycle belongs to German Baron Karl von Drais, a civil servant to the Grand Duke of Baden in Germany. Drais invented his Laufmaschine (German for ""running machine"") in 1817, that was called ""Draisine"" (English) or ""draisienne"" (French) by the press. Karl von Drais patented this design in 1818, which was the first commercially successful two-wheeled, steerable, human-propelled machine, commonly called a velocipede, and nicknamed hobby-horse or dandy horse. It was initially manufactured in Germany and France. Hans-Erhard Lessing (Drais' biographer) found from circumstantial evidence that Drais' interest in finding an alternative to the horse was the starvation and death of horses caused by crop failure in 1816, the Year Without a Summer (following the volcanic eruption of Tambora in 1815). On his first reported ride from Mannheim on June 12, 1817, he covered 13 km (eight miles) in less than an hour. Constructed almost entirely of wood, the draisine weighed 22 kg (48 pounds), had brass bushings within the wheel bearings, iron shod wheels, a rear-wheel brake and 152 mm (6 inches) of trail of the front-wheel for a self-centering caster effect. This design was welcomed by mechanically minded men daring to balance, and several thousand copies were built and used, primarily in Western Europe and in North America. Its popularity rapidly faded when, partly due to increasing numbers of accidents, some city authorities began to prohibit its use. However, in 1866 Paris a Chinese visitor named Bin Chun could still observe foot-pushed velocipedes.",te,True,144,Germany,జర్మనీ,False,True
వంటకాలలో వాడే అతి ముఖ్యమైన ఉప్పు దేని నుండి వస్తుంది?,"Salt is processed from salt mines, and by the evaporation of seawater (sea salt) and mineral-rich spring water in shallow pools. Its major industrial products are caustic soda and chlorine; salt is used in many industrial processes including the manufacture of polyvinyl chloride, plastics, paper pulp and many other products. Of the annual global production of around two hundred million tonnes of salt, about 6% is used for human consumption. Other uses include water conditioning processes, de-icing highways, and agricultural use. Edible salt is sold in forms such as sea salt and table salt which usually contains an anti-caking agent and may be iodised to prevent iodine deficiency. As well as its use in cooking and at the table, salt is present in many processed foods.",te,True,61,seawater (sea salt) and mineral-rich spring water in shallow pools. Its major industrial products are caustic soda and chlorine,సముద్రపు నీరు (సముద్రపు ఉప్పు) మరియు ఖనిజాలతో సమృద్ధిగా ఉన్న లోతైన జలాశయాలు. దీని ప్రధాన పారిశ్రామిక ఉత్పత్తులు కాస్టిక్ సోడా మరియు క్లోరిన్,False,True
బంగాళాఖాతం శ్రీ పొట్టి శ్రీరాములు నెల్లూరు జిల్లాకు ఏ దిశలో ఉంది?,"Nellore district (officially: Sri Potti Sriramulu Nellore district), located in Coastal Andhra region is one of the 13 districts of Andhra Pradesh. The population of the district according to the Census 2011 was 2,966,082 of which 29.07% were urban. Nellore city is its administrative headquarters. The district is bordered by the Bay of Bengal to the east, Kadapa district to the west, Prakasam District to the north, Chittoor district and Thiruvallur district of Tamil Nadu to the south.",te,True,352,east,తూర్పు,False,True
వెనుకబడిన కులాలకు 27% రిజర్వేషన్ కల్పించాలని విశ్వనాథ్ ప్రతాప్ సింగ్ ఎప్పుడు నిర్ణయం తీసుకున్నాడు?,"A significant change began in 1978 when the Mandal Commission was established to assess the situation of the socially and educationally backward classes. The commission did not have exact population figures for the OBCs and so used data from the 1931 census, thus estimating the group's population at 52 per cent. In 1980 the commission's report recommended that a reserved quota for OBCs of 27 per cent should apply in respect of services and public sector bodies operated by the Union Government. It called for a similar change to admissions to institutes of higher education, except where states already had more generous requirements. It was not until the 1990s that the recommendations were implemented in Union Government jobs.",te,True,317,1980,1980,False,True
2002లో బీహార్ రాష్ట్ర ముఖ్యమంత్రి  పేరేమిటి?,"He entered politics at Patna University as a student leader and was elected as then youngest member of the Lok Sabha in 1977 as a Janata Party candidate at the age of 29. He became Chief Minister of Bihar in 1990 but had to resign in 1997 following escalating corruption charges relating to the Fodder Scam. From 1997 to 2005 his wife Rabri Devi ruled as the Chief Minister of the state."" His party came to power in Bihar Legislative Assembly election, 2015 in partnership with Nitish Kumar of JD(U), but Nitish Kumar dumped Lalu's party from the power in July 2017 after the Enforcement Directorate and CBI lodged several criminal cases against Lalu, his wife Rabri, his son and former deputy Chief Minister, Tejashwi Yadav, in another disproportionate assets and railway tender bribery scam during Lalu's stint as the Railway Minister. On 3 October 2013, he was sentenced to five years of rigorous imprisonment and fine for his role in the first Fodder Scam by CBI court, then again for 3.5 years in a second fodder scam case on the same day 23 December 2017 when his member of parliament daughter Misa Bharti was also officially charged by Enforcement Directorate in disproportionate assets, while 3 more fodder scam cases against him are also pending in the court. Yadav was found guilty in third fodder scam case in January, 2018. In March, 2018 Special CBI Court convicted him in the fourth fodder scam case which is related to swindling of Rs. 3.13 crore from the Dumka treasury. In Dumka Treasury case total Rs 60 lakh fine imposed (Rs 30 lakh under PC act and Rs 30 lakh under IPC) and 14 years' imprisonment (7 years under IPC and 7 years under Prevention of Corruption Act) on Lalu Prasad Yadav in to run consecutively.",te,True,335,Rabri Devi,రాబ్రీ దేవి,False,True
బంజారాలు భారత దేశంలో ఏ ప్రాంతంలో నివసించేవారు?,"The Banjara (also called Vanjara, Lamans, Lambadi, Lambhani, Lambani and Gormati) are a community usually described as nomadic people with origins in Rajasthan. They spread gradually into Kashmir, Bengal, Karnataka and Gujarat, and are now found all over India.",te,True,150,Rajasthan,రాజస్థాన్,False,True
హెర్క్యులస్ తల్లి పేరేంటి?,"In Greek mythology, Alcmene () or Alcmena (; Ancient Greek: Ἀλκμήνη or Doric: Ἀλκμάνα, Latin: Alcumena means ""strong in wrath"") was the wife of Amphitryon by whom she bore two children, Iphicles and Laonome. She is, however, better known as the mother of Heracles whose father was the god Zeus. Alcmene was also called Electryone (Ἠλεκτρυώνην), a patronymic name as a daughter of Electryon.",te,True,20,Alcmene,అల్క్మెను,False,True
2018లో అమెరికాలో అత్యంత ఎక్కువ జనసాంధ్రత కలిగిన నగరం ఏది?,"Portland is the largest city in the U.S. state of Oregon and the seat of Multnomah County. It is a major port in the Willamette Valley region of the Pacific Northwest, at the confluence of the Willamette and Columbia rivers. As of 2017, Portland had an estimated population of 647,805, making it the 26th-largest city in the United States, and the second-most populous in the Pacific Northwest (after Seattle). Approximately 2.4 million people live in the Portland metropolitan statistical area (MSA), making it the 25th most populous MSA in the United States. Its Combined Statistical Area (CSA) ranks 18th-largest with a population of around 3.2 million. Approximately 60% of Oregon's population resides within the Portland metropolitan area.",te,True,401,Seattle,సీటెల్,False,True
ప్రపంచ సైన్స్ దినోత్సవంను ఎప్పుడు జరుపుకుంటారు?,"World Science Day for Peace and Development highlights the important role that science has in society and is celebrated each year on November 10. It also highlights the need to engage the wider public in debates on emerging scientific issues. World Science Day was proclaimed by the United Nations Educational, Scientific and Cultural Organization (UNESCO) in 2001 and celebrated for the first time in 2002.",te,True,133,November 10,నవంబర్ 10,False,True
బ్రాహ్మణ చిత్ర కథానాయకుడు ఎవరు?,"Bobbili Brahmanna is a 1984 Telugu Action film, produced by U. Suryanarayana Raju under Gopi Krishna Movies and directed by K. Raghavendra Rao. It stars Krishnam Raju, Sharada and Jayasudha in the lead roles, with music composed by Chakravarthy. The film was recorded as a ""Blockbuster"" at the box office.",te,True,153,"Krishnam Raju, Sharada and Jayasudha","కృష్ణం రాజూ, శరద, జయసుద్ధ",False,True
తెలంగాణ రాష్ట్ర అవతరణ దినోత్సవాన్ని ఎప్పుడు జరుపుకుంటారు?,"Telangana () is a state in south India. It is situated on the centre-south stretch of the Indian peninsula on the high Deccan Plateau. It is the twelfth largest state and the twelfth-most populated state in India with a geographical area of and 35,193,978 residents as per 2011 census. On 2 June 2014, the area was separated from the northwestern part of Andhra Pradesh as the newly formed 29th state with Hyderabad as its historic permanent capital. Its other major cities include Warangal, Nizamabad, Khammam and Karimnagar. Telangana is bordered by the states of Maharashtra to the north, Chhattisgarh to the east, Karnataka to the west, and Andhra Pradesh to the east and south. The terrain of Telangana region consists mostly of hills, mountain ranges, and thick dense forests distribution of 27,292 sq. km. As of 2018, the state of Telangana is divided into 31 districts.",te,True,289,2 June,జూన్ 2,False,True
లేబర్ లీడర్ చిత్ర కథానాయకుడు ఎవరు?,"The Labour Leader is a 1917 British silent drama film directed by Thomas Bentley and starring Fred Groves, Fay Compton and Owen Nares. The film was based on an original screenplay by Kenelm Foss.",te,True,94,Fred Groves,ఫ్రెడ్ గ్రోవ్స్,False,True
ట్రాన్స్ ఫార్మర్ లలో  ఏ విధమైన విద్యుత్ ని వాడుతారు?,"A transformer is a static electrical device that transfers electrical energy between two or more circuits. A varying current in one coil of the transformer produces a varying magnetic flux, which, in turn, induces a varying electromotive force across a second coil wound around the same core.
Electrical energy can be transferred between the two coils, without a metallic connection between the two circuits. Faraday's law of induction discovered in 1831 described the induced voltage effect in any coil due to changing magnetic flux encircled by the coil.",te,True,109,varying current,వేరియబుల్ కరెంట్,False,True
భారత దేశ మొదటి ప్రధాన మంత్రిగా జవాహర్‌లాల్ నెహ్రూ పదవిని ఎప్పుడు చేపట్టాడు?,"Jawaharlal Nehru took charge as the first Prime Minister of India on 15 August 1947, and chose 15 other members for his cabinet. Vallabhbhai Patel served as the first Deputy Prime Minister until his death on 15 December 1950. Lord Mountbatten, and later C. Rajagopalachari, served as Governor-General until 26 January 1950, when Rajendra Prasad was elected as the first President of India.",te,True,69,15 August 1947,1947 ఆగస్టు 15,False,True
భారతదేశ మొదటి ప్రధాని ఎవరు ?,"The Prime Minister's National Relief Fund (PMNRF) was set up by the first Prime Minister of India—Jawaharlal Nehru—in 1948, to assist displaced people from Pakistan. The fund, now, is primarily used to assist the families of those who are killed during natural disasters such as earthquakes, cyclones and flood and secondarily to reimburse medical expenses of people with chronic and deadly diseases. Donations to the PMNRF are 100% tax-deductible under section 80G of the ""Income Tax Act, 1961"".",te,True,98,Jawaharlal Nehru,జవహర్లాల్ నెహ్రూ,False,True
వరంగల్ ను కాకతీయులు ఎన్ని సంవత్సరాలు పాలించారు?,"Warangal was the ancient capital of kakatiya dynasty. It was ruled by many kings such as BetaRaja I, ProlaRaja I, BetaRaja II, ProlaRaja II, Rudradeva, Mahadeva, Ganapathideva, Prataparudra and Rani Rudrama Devi who is the only woman to rule over Telugu region. Beta Raja I is the founder of Kakatiya Dynasty and ruled the kingdom for 30 years and was succeeded by his son Prola Raja I who shifted his capital to Hanamkonda.",te,True,335,30,30,False,True
భారతదేశ మొట్టమొదటి ప్రధాని ఎవరు ?,"The Prime Minister's National Relief Fund (PMNRF) was set up by the first Prime Minister of India—Jawaharlal Nehru—in 1948, to assist displaced people from Pakistan. The fund, now, is primarily used to assist the families of those who are killed during natural disasters such as earthquakes, cyclones and flood and secondarily to reimburse medical expenses of people with chronic and deadly diseases. Donations to the PMNRF are 100% tax-deductible under section 80G of the ""Income Tax Act, 1961"".",te,True,98,Jawaharlal Nehru,జవహర్లాల్ నెహ్రూ,False,True
భారతదేశ మొదటి ప్రధానమంత్రి పేరేమిటి?,"Since 1947, there have been 14 different prime ministers. The first few decades after 1947 saw the Indian National Congress' (INC) almost complete domination over the political map of India. India's first prime minister—Jawaharlal Nehru—took oath on 15 August 1947. Nehru went on to serve as prime minister for 17 consecutive years, winning four general elections in the process. His tenure ended in May 1964, on his death. After the death of Nehru, Lal Bahadur Shastri—a former home minister and a leader of the Congress party—ascended to the position of prime minister. Shastri's tenure saw the Indo-Pakistani War of 1965. Shashtri subsequently died of a reported heart attack in Tashkent, after signing the Tashkent Declaration.",te,True,220,Jawaharlal Nehru,జవహర్లాల్ నెహ్రూ,False,True
విశాఖపట్నం జిల్లాలో ఎన్ని ఎకరాల అటవీ ప్రాంతం ఉంది?,The Kambalakonda Wildlife Sanctuary is a forest located near Visakhapatnam. It is under the control of Andhra Pradesh Forest Department since 10 March 1970. Earlier the land was under the control of Maharajah of Vizianagaram. It was named after the local hillock Kambalakonda. It is a dry evergreen forest mixed with scrub and meadows and covers an area of 70.70 square kilometers. The indicator species is the Indian leopard.,te,True,357,70.70 square kilometers,70.70 చదరపు కిలోమీటర్లు,False,True
ఆంధ్రప్రదేశ్ లో జాతీయ పొగాకు పరిశోధన సంస్థ ఎక్కడ ఉంది?,"India has 96,865 registered tobacco farmers and many more who are not registered. Around 0.25% of India's cultivated land is used for tobacco production. Since 1947, the Indian government has supported growth in the tobacco industry. India has seven tobacco research centers that are located in Jeelugumilli, A.P., Kandukuru, A.P., Guntur, A.P., Kalavacherla, A.P., Hunsur, Karnataka., Vedasandur, Tamil Nadu, Dinhata, West Bengal and Rajamundry houses the core research institute. The government has set up Tobacco Board, Guntur which works to increase exports of Indian tobacco. Guntur is also well known place for tobacco plantation. The Central Tobacco Research Institute works under the aegis of Indian Council of Agricultural Research. Tobacco crop is cultivated in an area of 0.45 M ha (0.27% of the net cultivated area) producing ≈750 M kg of tobacco leaf. India is the 2nd largest producer and exporter (in quantity terms) after China and Brazil, respectively. The production of Flue-Cured Virginia (FCV) tobacco is about 300 million kg from an area of 0.20 M ha while 450 M kg non-FCV tobacco is produced from an area of 0.25 M ha. In the global scenario, Indian tobacco accounts for 10% of the area and 9% of the total production. By virtue of the dominant role played by this commercial crop, the Indian Central Tobacco Committee (ICTC) established Central Tobacco Research Institute (CTRI) in Rajahmundry (Andhra Pradesh) in 1947. The Institute was under the administrative control of ICTC, Madras from 1947 to 1965 and subsequently transferred to the Indian Council of Agricultural Research (ICAR), New Delhi. ICAR acts as a repository of information and provides consultancy on agriculture, horticulture, resource management, animal sciences, agricultural engineering, fisheries, agricultural extension, agricultural education, home science, and agricultural communication. It has the mandate to co-ordinate agricultural research and development programmes and to develop linkages at national and international level with related organisations to enhance the quality of life of the farming community.",te,True,332,Guntur,గుంటూర్,False,True
2018 నాటికీ భారతదేశంలో ఇస్లాం మతస్థులు ఎంత శాతం ఉన్నారు?,"Islam is the second largest religion in India, with 14.2% of the country's population or roughly 172 million people identifying as adherents of Islam (2011 census) as an ethnoreligious group. Islam first came to the western coast of India when Arab traders as early as the 7th century CE came to coastal Malabar and Konkan-Gujarat. Cheraman Juma Mosque in Kerala is thought to be the first mosque in India, built in 629 CE by Malik Deenar. Following an expedition by the governor of Bahrain to Bharuch in the 7th century CE, immigrant Arab and Persian trading communities from South Arabia and the Persian Gulf began settling in coastal Gujarat. Ismaili Shia Islam was introduced to Gujarat in the second half of the 11th century, when Fatimid Imam Al-Mustansir Billah sent missionaries to Gujarat in 467 AH/1073 CE. Islam arrived in North India in the 12th century via the Turkic invasions and has since become a part of India's religious and cultural heritage. Over the centuries, there has been significant integration of Hindu and Muslim cultures across India and Muslims have played a notable role in economics, politics and culture of India.",te,True,0,"Islam is the second largest religion in India, with 14.2% of the country's population","భారతదేశంలో ఇస్లాం మతం రెండవ అతిపెద్ద మతం, దేశ జనాభాలో 14.2%",False,True
క్రికెట్ ఆట ఎక్కడ ఆడుతారు?,"Cricket is a bat-and-ball game played between two teams of eleven players on a field at the centre of which is a pitch with a wicket at each end, each comprising two bails balanced on three stumps. The batting side scores runs by striking the ball bowled at the wicket with the bat, while the bowling and fielding side tries to prevent this and dismiss each player (so they are ""out""). Means of dismissal include being bowled, when the ball hits the stumps and dislodges the bails, and by the fielding side catching the ball after it is hit by the bat, but before it hits the ground. When ten players have been dismissed, the innings ends and the teams swap roles. The game is adjudicated by two umpires, aided by a third umpire and match referee in international matches. They communicate with two off-field scorers who record the match's statistical information.",te,True,0,Cricket is a bat-and-ball game played between two teams of eleven players on a field,క్రికెట్ అనేది ఒక మైదానంలో 11 మంది ఆటగాళ్లతో కూడిన రెండు జట్ల మధ్య ఆడే బ్యాట్-ఎండ్-బాల్ గేమ్,False,True
హెర్బలిజం పైన పరిశోధన చేసిన మొదటి వ్యక్తి ఎవరు?,"In India, Ayurveda medicine has used many herbs such as turmeric possibly as early as 4,000 BC. Earliest Sanskrit writings such as the Rig Veda, and Atharva Veda are some of the earliest available documents detailing the medical knowledge that formed the basis of the Ayurveda system. Many other herbs and minerals used in Ayurveda were later described by ancient Indian herbalists such as Charaka and Sushruta during the 1st millennium BC. The ""Sushruta Samhita"" attributed to Sushruta in the 6th century BC describes 700 medicinal plants, 64 preparations from mineral sources, and 57 preparations based on animal sources.",te,True,390,Charaka and Sushruta,చారకా మరియు సుష్రుత్,False,True
దృష్టి లోపం ఉన్నవారు వాడే లిపీ ఏమిటి?,"Braille (; ) is a tactile writing system used by people who are visually impaired. It is traditionally written with embossed paper. Braille users can read computer screens and other electronic supports using refreshable braille displays. They can write braille with the original slate and stylus or type it on a braille writer, such as a portable braille notetaker or computer that prints with a braille embosser.",te,True,0,Braille,బ్రెయిల్,False,True
ఆంద్రప్రదేశ్ ముఖ్యమంత్రి ఎవరు?,"Nara Chandrababu Naidu (born 20 April 1950) is an Indian politician who has been Chief Minister of Andhra Pradesh since 2014. He is the first chief minister of the state since it was divided. Previously he served as Chief Minister of United Andhra Pradesh from 1994 to 2004, before the state was divided, and as the Leader of the opposition in the United Andhra Pradesh Legislative Assembly from 2004 to 2014. He is currently the National President of Telugu Desam Party.",te,True,0,Nara Chandrababu Naidu,నారా చంద్రబాబు నాయుడు,False,True
2018 లో math నోబెల్ బహుమతిని ఎవరు గెలుచుకున్నారు?,"In 2018, he was awarded the Fields Medal, commonly described as the Nobel Prize of mathematics, becoming the second Australian (after Terence Tao) and the second person of Indian descent (after Manjul Bhargava) to be so honoured. The short citation for the medal declared that Venkatesh was being honoured for ""his synthesis of analytic number theory, homogeneous dynamics, topology, and representation theory, which has resolved long-standing problems in areas such as the equidistribution of arithmetic objects."" University of Western Australia Professor Michael Giudici said of his former classmate's work that ""[i]f it was easy for me to explain, then he wouldn't have received the Fields Medal"". Australian mathematician and media personality Adam Spencer said that ""[t]his century will be built by mathematicians, whether it's computer coding, algorithms, machine learning, artificial intelligence, app design and the like"" and that ""we should acknowledge the magnificence of the mathematical mind."" Director of the Australian Mathematical Sciences Institute Professor Geoff Prince said ""Akshay is an exciting and innovative leader in his field whose work will continue to have wide-ranging implications for mathematics"" and a worthy recipient of the Fields medal ""given his contribution to improving mathematicians' understanding of analytic number theory, algebraic number theory, and representation theory"".",te,True,1094,Akshay,అక్షయ్,False,True
ఇ ఈ చిత్ర సంగీత దర్శకుడు ఎవరు?,"E (English: ""The Fly"") is a 2006 Tamil medical thriller film directed by S. P. Jananathan, who won the Indian National Award in 2004 for his debut, ""Iyarkai"". Jiiva, Nayantara, Pasupathy, Ashish Vidyarthi, and Karunaas play lead roles. The film's music is composed by director Srikanth Deva son of Deva.The film was appreciated for its fresh storyline.",te,True,277,Srikanth Deva,శ్రీకాంత్ దేవా,False,True
అంతర్జాతీయ ఫుట్ బాల్ ఆటలో మొట్టమొదటి సారి గెలిచింది ఏ దేశస్తులు?,"Argentina, Uruguay, the United States and Yugoslavia each won their respective groups to qualify for the semi-finals. In the final, hosts and pre-tournament favourites Uruguay defeated Argentina 4–2 in front of a crowd of 68,346 people, and became the first nation to win the World Cup.",te,True,168,Uruguay,ఉరుగ్వే,False,True
చిత్తూరు జిల్లా లో ఉన్న అతిపెద్ద వెంకటేశ్వర స్వామి దేవాలయం ఎక్కడ ఉంది?,"Tirumala is a census town in Chittoor district of the Indian state of Andhra Pradesh. The town is a part of Tirupati Urban Development Authority and located in Tirupati (rural) mandal of Tirupati revenue division. It is a hill town where Tirumala Venkateswara Temple is located, which is the abode of Lord Venkateswara.",te,True,0,Tirumala,తిరుమల,False,True
ప్రపంచంలో అతి భయంకరమైన తుఫాన్ ఎప్పుడు వచ్చింది?,"The 1970 Bhola cyclone was a devastating tropical cyclone that struck East Pakistan and India's West Bengal on November 12, 1970. It remains the deadliest tropical cyclone ever recorded and one of the deadliest natural disasters. At least 500,000 people lost their lives in the storm, primarily as a result of the storm surge that flooded much of the low-lying islands of the Ganges Delta. This cyclone was the sixth cyclonic storm of the 1970 North Indian Ocean cyclone season, and also the season's strongest.",te,True,111,"November 12, 1970","నవంబర్ 12, 1970",False,True
చీమలు సుమారుగా ఎన్ని రకాలు ఉన్నాయి?,"Ants are eusocial insects of the family Formicidae and, along with the related wasps and bees, belong to the order Hymenoptera. Ants evolved from wasp-like ancestors in the Cretaceous period, about 140 million years ago, and diversified after the rise of flowering plants. More than 12,500 of an estimated total of 22,000 species have been classified. They are easily identified by their elbowed antennae and the distinctive node-like structure that forms their slender waists.",te,True,296,"estimated total of 22,000","అంచనా వేసిన మొత్తం 22,000",False,True
స్టాన్ఫోర్డ్ విశ్వవిద్యాలయ వ్యవస్థాపకుడు ఎవరు?,"The university was founded in 1885 by Leland and Jane Stanford in memory of their only child, Leland Stanford Jr., who had died of typhoid fever at age 15 the previous year. Stanford was a U.S. Senator and former Governor of California who made his fortune as a railroad tycoon. The school admitted its first students on October 1, 1891, as a coeducational and non-denominational institution.",te,True,38,Leland and Jane Stanford,లిలాండ్ మరియు జేన్ స్టాన్ఫోర్డ్,False,True
ఆస్ట్రేలియా జాతీయ జంతువు పేరు ఏంటి?,"The emu is popularly but unofficially considered as a faunal emblem – the national bird of Australia. It appears as a shield bearer on the Coat of arms of Australia with the red kangaroo, and as a part of the Arms also appears on the Australian 50 cent coin. It has featured on numerous Australian postage stamps, including a pre-federation New South Wales 100th Anniversary issue from 1888, which featured a 2 pence blue emu stamp, a 36 cent stamp released in 1986, and a $1.35 stamp released in 1994. The hats of the Australian Light Horse are decorated with emu feather plumes.",te,True,4,emu,ఎము,False,True
కొవ్వులు ఎన్ని రకాలు ?,"Fat is one of the three main macronutrients, along with the other two: carbohydrate and protein. Fats molecules consist of primarily carbon and hydrogen atoms, thus they are all hydrocarbon molecules. Examples include cholesterol, phospholipids and triglycerides.",te,True,218,"cholesterol, phospholipids and triglycerides.","కొలెస్ట్రాల్, ఫాస్ఫోలిపిడ్స్ మరియు ట్రిగ్లిసెరైడ్స్.",False,True
కర్ణాటక రాష్ట్రంలో సముద్రతీర జిల్లాలు ఎన్ని ఉన్నాయి?,"Karnataka is bordered by the Arabian Sea to the west, Goa to the northwest, Maharashtra to the north, Telangana to the northeast, Andhra Pradesh to the east, Tamil Nadu to the southeast, and Kerala to the south. The state covers an area of , or 5.83 percent of the total geographical area of India. It is the seventh largest Indian state by area. With 61,130,704 inhabitants at the 2011 census, Karnataka is the eighth largest state by population, comprising 30 districts. Kannada, one of the classical languages of India, is the most widely spoken and official language of the state alongside Konkani, Marathi, Tulu, Tamil, Telugu, Malayalam, Kodava and Beary. Karnataka also has the only 3 naturally Sanskrit-speaking districts in India.",te,True,459,30,30,False,True
ఎక్కువ చిత్రాలలో నటించిన తెలుగు నటుడు ఎవరు?,"Brahmanandam Kanneganti (born 1 February 1956) is an Indian film actor and comedian, known for his works predominantly in Telugu cinema. He currently holds the Guinness World Record for the most screen credits for a living actor. He was honoured with the Padma Shri, for his contribution to Indian cinema in 2009. Brahmanandam is regarded as one of the finest comic actors of India, noted particularly for his comic expressions. He has acted in more than 1,000 films to date and has been one of the most highly paid comedy actors in Indian Cinema. Brahmanandam has garnered five state Nandi Awards, one Filmfare Award South, six CineMAA Awards, and three South Indian International Movie Awards for best comedy.",te,True,0,Brahmanandam Kanneganti,బ్రాహ్మణందమ్ కన్నెగాంటి,False,True
సర్ థామస్ మోర్ ఏ దేశానికి చెందిన వాడు?,"Sir Thomas More (7 February 1478 6 July 1535), venerated in the Catholic Church as Saint Thomas More, was an English lawyer, social philosopher, author, statesman, and noted Renaissance humanist. He was also a councillor to Henry VIII, and Lord High Chancellor of England from October 1529 to 16 May 1532. He wrote ""Utopia"", published in 1516, about the political system of an imaginary, ideal island nation.",te,True,109,English,ఇంగ్లీష్,False,True
నోకియా సంస్థను ఎవరు స్థాపించారు?,"Nokia is a Finnish multinational corporation founded on the 12 May 1865 as a single paper mill operation. Through the 19th century the company expanded, branching into several different products. In 1967, the Nokia corporation was formed. In the late 20th century, the company took advantage of the increasing popularity of computer and mobile phones. However, increased competition and other market forces caused changes in Nokia's business arrangements. In 2014, Nokia's mobile phone business was sold to Microsoft.",te,True,60,12 May 1865,"మే 12, 1865",False,True
తాటి చెట్టు ఏ జాతికి చెందిన చెట్టు?,"The Arecaceae are a botanical family of perennial plants. Their growth form can be climbers, shrubs, trees and stemless plants, all commonly known as palms. Those having a tree form are colloquially called palm trees. They are flowering plants, a family in the monocot order Arecales. Currently 181 genera with around 2600 species are known, most of them restricted to tropical and subtropical climates. Most palms are distinguished by their large, compound, evergreen leaves, known as fronds, arranged at the top of an unbranched stem. However, palms exhibit an enormous diversity in physical characteristics and inhabit nearly every type of habitat within their range, from rainforests to deserts.",te,True,4,Arecaceae,అరేకాసీలు,False,True
నేపాల్ దేశ రాజధాని ఏది?,"Kathmandu (; , ""Yei"", Nepali pronunciation: ) is the capital city and largest city of Nepal with a population of 1.5 million in the city proper, and 3 million in its wider urban agglomeration across the Kathmandu Valley, which includes the towns of Lalitpur, Kirtipur, Madhyapur Thimi, Bhaktapur making the total population roughly 2.5 million people and the municipalities across Kathmandu valley. Kathmandu is also the largest metropolis in the Himalayan hill region. Nepali is the most spoken language in the city, while English is widely understood.",te,True,0,Kathmandu,కాథ్మాండూ,False,True
ఉదర భాగం ని ఆంగ్లంలో ఏమని అంటారు?,"""Midriff"" is an old term in the English language, coming into use before 1000 AD. In Old English it was written as ""midhrif"", with the old word ""hrif"" literally meaning stomach; in Middle English it was ""mydryf"". The word fell into obsolescence after the 18th century.",te,True,1,Midriff,మిడ్రిఫ్,False,True
భారత్ - పాక్ దేశాల మధ్య జరిగిన మొదటి ఒప్పందం ఎప్పుడు జరిగింది?,"The Karachi Agreement of 1949 was signed by the military representatives of India and Pakistan, supervised by the United Nations Commission for India and Pakistan, establishing a cease-fire line in Kashmir following the Indo-Pakistani War of 1947. It established a cease-fire line which has been monitored by United Nations observers from the United Nations since then.
",te,True,25,1949,1949లో,False,True
2017 నాటికీ కెనడా లో ఏ రాష్ట్ర జనాభా ఎక్కువ?,"Ontario (; ) is one of the 13 provinces and territories of Canada and is located in east-central Canada. It is Canada's most populous province accounting for 38.3 percent of the country's population, and is the second-largest province in total area. Ontario is fourth-largest in total area when the territories of the Northwest Territories and Nunavut are included. It is home to the nation's capital city, Ottawa, and the nation's most populous city, Toronto, which is also Ontario's provincial capital.",te,True,0,Ontario,అంటారియో,False,True
భద్రాద్రి కొత్తగూడెం జిల్లాలో ప్రసిద్ధిగాంచిన హిందూ దేవాలయం ఏమిటి?,"The Sri Sita Ramachandraswamy temple is a South Indian Hindu temple dedicated to Rama, the seventh incarnation of the god Vishnu. It is located on the shores of the Godavari River in the town of Bhadrachalam, a part of the Bhadradri Kothagudem district in Telangana state. Often simply referred to as Bhadrachalam or Bhadradri, the temple is considered one of the ""Divya Kshetrams"" of Godavari and is also revered as Dakshina Ayodhya. According to the legend, Vishnu appeared to Meru son Bhadra as Rama to answer the latter's prayers. However, Vishnu forgot that Rama was a mortal human and appeared as Vaikuntha Rama with four hands. Sita and Lakshmana form part of the temple's moolavar.",te,True,4,Sri Sita Ramachandraswamy,శ్రీ సితా రామచంద్రస్వామి,False,True
టార్జాన్ చిత్ర దర్శకుడు ఎవరు ?,"Tarzan is a 1999 American animated adventure film produced by Walt Disney Feature Animation for Walt Disney Pictures. The 37th animated feature film from Disney the tenth and the last released during the Disney Renaissance era, it is based on the story ""Tarzan of the Apes"" by Edgar Rice Burroughs, being the first animated major motion picture version of the story. Directed by Chris Buck and Kevin Lima from a screenplay by Tab Murphy, Bob Tzudiker, and Noni White, the film stars the voices of Tony Goldwyn, Minnie Driver, Glenn Close, and Rosie O'Donnell, with Brian Blessed, Lance Henriksen, Wayne Knight, and Nigel Hawthorne.",te,True,379,Chris Buck and Kevin Lima,క్రిస్ బాక్ మరియు కెవిన్ లిమా,False,True
2017లో న్యూ మెక్సికో రాష్ట్ర గవర్నర్ ఎవరు?,"Susana Martinez (born July 14, 1959) is an American politician and attorney who served as the 31st governor of New Mexico from 2011 to 2019. A member of the Republican Party, she chaired the Republican Governors Association (RGA) from 2015 to 2016. She was the first female Governor of New Mexico and first Hispanic female state chief executive in the United States.
Born in El Paso, Texas, Martinez is a graduate of the University of Oklahoma College of Law. After being admitted to the State Bar of New Mexico, she began her prosecuting career in 1986 as an Assistant District Attorney for the 3rd Judicial District of New Mexico, based in Las Cruces. She was appointed Deputy District Attorney in 1992. She joined the Republican Party and ran for District Attorney in 1996; she served three terms from 1997 to 2011.",te,True,0,Susana Martinez,సుసానా మార్టినెజ్,False,True
2015 నాటికి  ఉత్తర ప్రదేశ్ రాష్ట్ర ముఖ్యమంత్రి ఎవరు ?,"The Chief Minister of Uttar Pradesh Akhilesh Yadav announced as ex-gratia of for the family on 30 September 2015. He also directed the District Magistrate and Senior Superintendent of Police of Noida to provide police protection to the family. On 3 October 2015, the ex-gratia was raised to . Mohammad Akhlaq's elder son Mohammad Sartaj, a technician in the Indian Air Force, said that he has decided to move the family out of Dadri. The family has shifted to Delhi on 6 Oct.",te,True,36,Akhilesh Yadav,అఖిలేష్ యాదవ్,False,True
హిందువులకు ముఖ్యమైన పండుగ ఏది ?,"Diwali, Deepavali or Dipavali is the Hindu festival of lights, which is celebrated every autumn in the northern hemisphere (spring in southern hemisphere). One of the most popular festivals of Hinduism, Diwali symbolises the spiritual ""victory of light over darkness, good over evil and knowledge over ignorance."" Light is a metaphor for knowledge and consciousness. During the celebration, temples, homes, shops and office buildings are brightly illuminated. The preparations, and rituals, for the festival typically last five days, with the climax occurring on the third day coinciding with the darkest night of the Hindu lunisolar month Kartika. In the Gregorian calendar, the festival generally falls between mid-October and mid-November.",te,True,0,Diwali,దీపావళి,False,True
2004 సునామీలో ఎంత మంది ఇండోనేషియా ప్రజలు మరణించారు?,"A series of large tsunamis up to high were created by the underwater seismic activity that became known collectively as the Boxing Day tsunamis. Communities along the surrounding coasts of the Indian Ocean were seriously affected, and the tsunamis killed an estimated 227,898 people in 14 countries. The Indonesian city of Banda Aceh reported the largest number of victims. The earthquake was one of the deadliest natural disasters in recorded history. The direct results caused major disruptions to living conditions and commerce particularly in Indonesia, Sri Lanka, India, and Thailand.",te,True,268,"227,898","227,898",False,True
డెన్మార్క్ జాతీయ జెండాలో ఎన్ని రంగులు ఉంటాయి?,"The flag of Denmark (, ) is red with a white Scandinavian cross that extends to the edges of the flag; the vertical part of the cross is shifted to the hoist side.",te,True,28,red with a white Scandinavian,తెలుపు స్కాండినేవియన్ తో ఎరుపు,False,True
"ప్రజల చేత, ప్రజల కొరకు, ప్రజలే ఎన్నుకొనే ప్రభుత్వ విధానాన్ని ఏం అంటారు?","Democracy ( """", literally ""Rule by 'People'"") is a system of government where the citizens exercise power by voting. In a direct democracy, the citizens as a whole form a governing body and vote directly on each issue. In a representative democracy the citizens elect representatives from among themselves. These representatives meet to form a governing body, such as a legislature. In a constitutional democracy the powers of the majority are exercised within the framework of a representative democracy, but the constitution limits the majority and protects the minority, usually through the enjoyment by all of certain individual rights, e.g. freedom of speech, or freedom of association. ""Rule of the majority"" is sometimes referred to as democracy. Democracy is a system of processing conflicts in which outcomes depend on what participants do, but no single force controls what occurs and its outcomes.",te,True,0,Democracy,ప్రజాస్వామ్యం,False,True
చీరలను ఎక్కువగా ఏ దేశంలో ధరిస్తారు?,"Shari () is the national wear of Bangladeshi women. Most women who are married wear sharee as their regular dress while young-unmarried girls wear sharee as an occasional dress.
The ""shari"" is worn by women throughout Bangladesh. Sari is the most popular dress for women in Bangladesh, both for casual and formal occasion. Although Dhakai Jamdani (hand made shari) is worldwide known and most famous to all women who wear shari but there are also many variety of shari in Bangladesh. There are many regional variations of them in both silk and cotton. e.g.- Tanta/Tant cotton shari, Dhakai Banarasi sari, Rajshahi silk, Tangail Tant saree, Tassar silk shari, Manipuri shari and Katan shari are the most popular in Bangladesh.
It is the uniform of the air hostesses of Biman Bangladesh Airlines.",te,True,274,Bangladesh,బంగ్లాదేశ్,False,True
కేరళ రాష్ట్రంలో ప్రముఖ అయ్యప్ప దేవాలయం ఎక్కడ ఉంది?,"The Sabarimala temple is a temple complex located at Sabarimala inside Periyar Tiger Reserve in Pathanamthitta District, Kerala, India. It is the largest annual pilgrimage in the world with an estimate of between 17 million and 50 million devotees visiting every year. The temple is dedicated to the Hindu celibate deity Ayyappan also known as ""Dharma Sastha"", who according to belief is the son of Shiva and feminine incarnation of Vishnu. The traditions of Sabarimala are a confluence of Shaivism, Shaktism, Vaishnavism, and other Śramaṇa traditions.",te,True,0,The Sabarimala temple,సబరిమాల ఆలయం,False,True
మొఘల్ సామ్రాజ్య స్థాపకుడు ఎవరు ?,"The beginning of the empire is conventionally dated to the victory by its founder Babur over Ibrahim Lodi, the last ruler of the Delhi Sultanate, in the First Battle of Panipat (1526). During the reign of Humayun, the successor of Babur, the empire was briefly interrupted by the Sur Empire. The ""classic period"" of the Mughal Empire started in 1556 with the ascension of Akbar the Great to the throne. Some Rajput kingdoms continued to pose a significant threat to the Mughal dominance of northwestern India, but most of them were subdued by Akbar. All Mughal emperors were Muslims; Akbar, however, propounded a syncretic religion in the latter part of his life called Dīn-i Ilāhī, as recorded in historical books like ""Ain-i-Akbari"" and ""Dabistān-i Mazāhib"". The Mughal Empire did not try to intervene in the local societies during most of its existence, but rather balanced and pacified them through new administrative practices and diverse and inclusive ruling elites, leading to more systematic, centralised, and uniform rule. Traditional and newly coherent social groups in northern and western India, such as the Marathas, the Rajputs, the Pashtuns, the Hindu Jats and the Sikhs, gained military and governing ambitions during Mughal rule, which, through collaboration or adversity, gave them both recognition and military experience.",te,True,82,Babur,బాబుర్,False,True
వరి శాస్త్రీయ నామం ఏంటి?,"Oryza sativa, commonly known as Asian rice, is the plant species most commonly referred to in English as rice. ""Oryza sativa"" is a grass with a genome consisting of 430Mb across 12 chromosomes. It is renowned for being easy to genetically modify, and is a model organism for cereal biology.",te,True,0,Oryza sativa,ఒరిజా సాటివా,False,True
మధ్య ఆసియాలో ఎన్ని దేశాలు ఉన్నాయి?,"Central Asia is a diverse land with many ethnic groups, languages, religions and tribes. The nations which make up Central Asia are five of the former Soviet republics: Kazakhstan, Kyrgyzstan, Turkmenistan, Tajikistan, and Uzbekistan, which have a total population of about /1e6 round 0 million. Afghanistan is not always considered part of the region, but when it is, Central Asia has a total population of about 122 million (2016). Additionally, Pakistan has a large population of central Asian peoples even though it is not categorized as a central Asian nation. Most central Asians belong to religions which were introduced to the area within the last 1,500 years, such as Sunni Islam, Shia Islam, Ismaili Islam, Tengriism, and Syriac Christianity. Buddhism, however, was introduced to Central Asia over 2,200 years ago, and Zoroastrianism, over 2,500 years ago.",te,True,132,five,ఐదు,False,True
సరస్వతీ నది ఏయే రాష్ట్రాల గుండా ప్రవహిస్తోంది ?,"The river Saraswati is a river flowing through Indore, the commercial capital of the Indian state of Madhya Pradesh. It is a tributary of the polluted Kahn River.
It also doesn't contain freshwater but instead has become polluted over the course of time carries sewage due to pollution.
For the past few years efforts are being done to revive the dying river by the means of projects.
",te,True,101,Madhya Pradesh,మధ్యప్రదేశ్,False,True
సింగపూరు దేశ రాజధాని ఏది?,"Singapore (), officially the Republic of Singapore (Malay: ; Chinese: ; Tamil: ), is a sovereign city-state and island country in Southeast Asia. It lies one degree () north of the equator, at the southern tip of the Malay Peninsula, with Indonesia's Riau Islands to the south and Peninsular Malaysia to the north. Singapore's territory consists of one main island along with 62 other islets. Since independence, extensive land reclamation has increased its total size by 23% (). The country is known for its transition from a developing to a developed one in a single generation under the leadership of its founding father, Lee Kuan Yew.",te,True,41,Singapore,సింగపూర్,False,True
థెర్మిట్ వెల్డింగ్ చేయటానికి ఎంత ఉష్ణోగ్రత కావాలి?,"The equipment is relatively inexpensive and simple, generally employing the combustion of acetylene in oxygen to produce a welding flame temperature of about 3100 °C. The flame, since it is less concentrated than an electric arc, causes slower weld cooling, which can lead to greater residual stresses and weld distortion, though it eases the welding of high alloy steels. A similar process, generally called oxyfuel cutting, is used to cut metals.",te,True,158,3100 °C,3100 °C,False,True
టెట్రాక్లోరైడ్ లో ఎన్ని క్లోరిన్ అణువులు ఉంటాయి ?,"In the carbon tetrachloride molecule, four chlorine atoms are positioned symmetrically as corners in a tetrahedral configuration joined to a central carbon atom by single covalent bonds. Because of this symmetrical geometry, CCl is non-polar. Methane gas has the same structure, making carbon tetrachloride a halomethane. As a solvent, it is well suited to dissolving other non-polar compounds, fats, and oils. It can also dissolve iodine. It is somewhat volatile, giving off vapors with a smell characteristic of other chlorinated solvents, somewhat similar to the tetrachloroethylene smell reminiscent of dry cleaners' shops.",te,True,38,four,నాలుగు,False,True
సింగపూర్ దేశ రాజధాని ఏది?,"Singapore (), officially the Republic of Singapore (Malay: ; Chinese: ; Tamil: ), is a sovereign city-state and island country in Southeast Asia. It lies one degree () north of the equator, at the southern tip of the Malay Peninsula, with Indonesia's Riau Islands to the south and Peninsular Malaysia to the north. Singapore's territory consists of one main island along with 62 other islets. Since independence, extensive land reclamation has increased its total size by 23% (). The country is known for its transition from a developing to a developed one in a single generation under the leadership of its founding father, Lee Kuan Yew.",te,True,41,Singapore,సింగపూర్,False,True
హిమాచల్ ప్రదేశ్ రాష్ట్ర ముఖ్యమంత్రి ఎవరు?,"Jai Ram Thakur (born 6 January 1965) is an Indian politician, who is the 14th and the current Chief Minister of Himachal Pradesh. He was elected BJP legislative party leader on 24 December 2017 after the defeat of Chief Ministerial candidate of BJP, Prem Kumar Dhumal in the assembly elections held in November 2017. He has been an MLA in Himachal Pradesh Assembly since 1998 and previously served as Cabinet Minister in BJP Government of Himachal Pradesh. He was Minister of Rural Development and Panchayati Raj from 2009-2012. He is elected to Himachal Pradesh Assembly from Seraj in Mandi. He won his first election in the year of 1998 from now delimited constituency of Chachiot (Seraj).",te,True,0,Jai Ram Thakur,జై రామ్ థాకుర్,False,True
అమెరికాలోని అతి పొడవైన నది ఎక్కడ ఉంది?,"The Missouri River is the longest river in North America. Rising in the Rocky Mountains of western Montana, the Missouri flows east and south for before entering the Mississippi River north of St. Louis, Missouri. The river takes drainage from a sparsely populated, semi-arid watershed of more than half a million square miles (1,300,000 km2), which includes parts of ten U.S. states and two Canadian provinces. When combined with the lower Mississippi River, it forms the world's fourth longest river system.",te,True,4,Missouri River,మిస్సౌరీ నది,False,True
సి. కె. నాయుడు ఆఖరి అంతర్జాతీయ టెస్ట్ మ్యాచ్ ఏ సంవత్సరంలో ఆడాడు ?,"Cottari Kanakaiya Nayudu ( (31 October 1895 – 14 November 1967), also known as CK, was the first captain of the Indian cricket team in Test matches. He played first-class cricket regularly till 1958, and returned for one last time in 1963 at the age of 68. In 1923, the ruler of Holkar invited him to Indore and made him a Captain (land and air) in his army, conferring on him the honour of a Colonel in Holkar's Army.",te,True,234,1963,1963,False,True
విదేశీ మారక ద్రవ్య ఒప్పందం ఎప్పుడు ప్రారంభమైంది?,The year 1880 is considered by at least one source to be the beginning of modern foreign exchange: the gold standard began in that year.,te,True,9,1880,1880,False,True
1988 లో సాహిత్య రంగంలో ఎవరికీ నోబెల్ బహుమతి లభించింది?,"Naguib Mahfouz ( """", ; December 11, 1911 – August 30, 2006) was an Egyptian writer who won the 1988 Nobel Prize for Literature. He is regarded as one of the first contemporary writers of Arabic literature, along with Tawfiq el-Hakim, to explore themes of existentialism. He published 34 novels, over 350 short stories, dozens of movie scripts, and five plays over a 70-year career. Many of his works have been made into Egyptian and foreign films.",te,True,0,Naguib Mahfouz,నాగ్యూబ్ మహ్ఫుజ్,False,True
సన్ గ్రూప్ సంస్థ ఎప్పుడు ప్రారంభమైంది?,"SUN Group is an Indian media conglomerate company based in Chennai, Tamil Nadu, India. It was founded by Kalanithi Maran in 1992.",te,True,124,1992,1992,False,True
బ్రహ్మ దేవుడు ఏ లోకంలో ఉంటాడు?,"Brahmaloka (Sanskrit: ब्रह्मालोक, IAST: Brahmāloka), is the abode of Lord Brahma, the creator god and part of a Trimurti along with Vishnu and Shiva in Hinduism. Located on Mount Meru, It is also referred to as Brahmapura or Satyaloka or Satya bagecha (bagecha means garden)in the puranas. Brahmaloka is a garden of all kinds of flowers. <br> But this Satyaloka is not necessary the same divine cosmic plane as mentioned in the Nada Bindu Upanishad and in the Shiva Purana. The creator Ishvara, Sadashiva and the kashmiric Paramshiva are high above the trimurti-brahma.",te,True,0,Brahmaloka,బ్రాహ్మణుడు,False,True
2018లో భారత్ ఎన్ని అంతర్జాతీయ వన్డే క్రికెట్ మ్యాచ్ లను ఆడింది?,"The India cricket team toured Australia from November 2018 to January 2019 to play four Tests, three One Day Internationals (ODIs) and three Twenty20 International (T20I) matches. Initially, the Test match at the Adelaide Oval was planned to be a day/night fixture, but the Board of Control for Cricket in India (BCCI) declined the offer from Cricket Australia to play the match under lights. In April 2018, the Western Australian Cricket Association confirmed that the Perth Stadium would host its first ever Test match. During the second Test, it became the tenth venue in Australia to host a Test match.",te,True,95,three,మూడు,False,True
మణిపూర్ రాష్ట్ర రాజధాని ఏది?,"Manipur () is a state in Northeast India, with the city of Imphal as its capital. It is bounded by Nagaland to the north, Mizoram to the south, and Assam to the west; Burma (Myanmar) lies to its east. The state covers an area of and has a population of almost 3 million, including the Meitei, who are the majority group in the state, Loi, Yaithibi, Kuki, and Naga peoples, who speak a variety of Sino-Tibetan languages. Manipur has been at the crossroads of Asian economic and cultural exchange for more than 2,500 years. It has long connected the Indian subcontinent to Southeast Asia, China (or East Asia), Siberia, Micronesia and Polynesia, enabling migration of people, cultures, and religions.",te,True,59,Imphal,ఇమ్ఫాల్,False,True
బంగ్లాదేశ్ జాతీయ క్రీడ ఏది ?,"Sport in Bangladesh is a popular form of entertainment as well as an essential part of Bangladeshi culture. Cricket is the most popular sport in Bangladesh. Kabaddi is the national sport of Bangladesh. Bangladesh is one of the top 10 cricketing nation of the world and have regularly qualified for World cup since 1999, the Country achieved arguably their greatest heights in Cricket when they defeated three of top-rated teams in 2015 Cricket World Cup to qualify for the quarterfinals. In 2015, they white-washed Pakistan and clinched the series by 3-0 and in another major achievement they won a series against India by 2-1 and in the same year they stunned South Africa, by defeating them 2-1 in an ODI series and cemented their spot in Champions Trophy 2017. Traditional sports like Athletics, Swimming, Kabaddi, Boli Khela, Lathi Khela are mostly played in the rural areas while foreign sports like cricket, football, hockey, volleyball, handball, golf, badminton etc. are more popular among the urban folks. The National Sports Council (NSC) is the governing body to control all the sports federations and councils in the country and is responsible to the ministry of youth and sports. There are a total of 42 different sports federations affiliated with the NSC. ""Bangladesh Games"" is the largest domestic multi-sport tournament in the country where athletes and sports teams from all the districts participate.",te,True,157,Kabaddi,కబడ్డీ,False,True
కేరళ రాష్ట్రంలో అతిపెద్ద జిల్లా ఏది?,"Palakkad District is one of the 14 districts of the Indian state of Kerala. Also, it is the largest district in Kerala from 2006. The city of Palakkad is the district headquarters. Palakkad is bordered on the northwest by the Malappuram District, on the southwest by the Thrissur District, on the northeast by The Nilgiris District and on the east by Coimbatore district of Tamil Nadu. The district is 24.4% urbanized according to the census of 2011. The district is nicknamed ""the granary of Kerala"" and ""Rice bowl of Kerala"".
",te,True,0,Palakkad District,పలాక్కాడ్ జిల్లా,False,True
మణిపూర్ రాష్ట్ర రాజధాని ఏది ?,"Manipur () is a state in Northeast India, with the city of Imphal as its capital. It is bounded by Nagaland to the north, Mizoram to the south, and Assam to the west; Burma (Myanmar) lies to its east. The state covers an area of and has a population of almost 3 million, including the Meitei, who are the majority group in the state, Loi, Yaithibi, Kuki, and Naga peoples, who speak a variety of Sino-Tibetan languages. Manipur has been at the crossroads of Asian economic and cultural exchange for more than 2,500 years. It has long connected the Indian subcontinent to Southeast Asia, China (or East Asia), Siberia, Micronesia and Polynesia, enabling migration of people, cultures, and religions.",te,True,51,city of Imphal,ఇమ్ఫాల్ నగరం,False,True
భారతదేశంలో అతి పురాతన వృక్షం ఎక్కడ ఉంది?,"The Great Banyan is a banyan tree (""Ficus benghalensis"") located in Acharya Jagadish Chandra Bose Indian Botanic Garden, Howrah, near Kolkata, India. The great banyan tree draws more visitors to the garden than its collection of exotic plants from five continents. Its main trunk became diseased after it was struck by two cyclones, so in 1925 the main trunk of the tree was amputated to keep the remainder healthy; this has left it as a clonal colony, rather than a single tree. A road was built around its circumference, but the tree continues to spread beyond it.
",te,True,4,Great Banyan,గ్రేట్ బానియన్,False,True
మౌరిటానియ దేశ కరెన్సీ ఏంటి?,"The ouguiya (sign: UM; ; currency code: MRU), also spelled ""ougiya"", is the currency of Mauritania. Each ouguiya constitutes five khoums (singular and plural in English, , meaning ""one fifth""). As such it is one of two circulating currencies, along with the Malagasy ariary, whose division units are not based on a power of ten.",te,True,4,ouguiya,ఉగియ,False,True
హైందవ మతం ప్రకారం పరమశివుని భార్య పేరు ఏమిటి?,"As a family man and householder, he has a wife, Parvati and two sons, Ganesha and Kartikeya. His epithet (""The husband of "") refers to this idea, and Sharma notes that two other variants of this name that mean the same thing, and , also appear in the sahasranama. in epic literature is known by many names, including the benign . She is identified with Devi, the Divine Mother; Shakti (divine energy) as well as goddesses like Tripura Sundari, Durga, Kali, Kamakshi and Minakshi. The consorts of Shiva are the source of his creative energy. They represent the dynamic extension of Shiva onto this universe. His son Ganesha is worshipped throughout India and Nepal as the Remover of Obstacles, Lord of Beginnings and Lord of Obstacles. Kartikeya is worshipped in South India (especially in Tamil Nadu, Kerala and Karnataka) by the names Subrahmanya, Subrahmanyan, Shanmughan, Swaminathan and Murugan, and in Northern India by the names Skanda, Kumara, or Karttikeya.",te,True,48,Parvati,పార్వతి,False,True
మొదటి మానవరహిత ఉపగ్రహం ఏది ?,"Sputnik 1 ( or ; ""Satellite-1"", or ""PS-1"", Простейший Спутник-1 or ""Prosteyshiy Sputnik-1"", ""Elementary Satellite 1"") was the first artificial Earth satellite. The Soviet Union launched it into an elliptical low Earth orbit on 4 October 1957, orbiting for three weeks before its batteries died, then silently for two more months before falling back into the atmosphere. It was a 58 cm (23 in) diameter polished metal sphere, with four external radio antennas to broadcast radio pulses. Its radio signal was easily detectable even by radio amateurs, and the 65° inclination and duration of its orbit made its flight path cover virtually the entire inhabited Earth. This surprise success precipitated the American Sputnik crisis and triggered the Space Race, a part of the Cold War. The launch ushered in new political, military, technological, and scientific developments.",te,True,0,Sputnik 1,స్పుత్నిక్ 1,False,True
భారతదేశంలో అతిపెద్ద క్రికెట్ స్టేడియం ఎక్కడ ఉంది?,"Sardar Patel Gujarat Stadium (Motera Stadium) is one of the premier cricket stadiums of India in the Motera locality of Ahmedabad. Because of its location, the stadium is commonly called Motera Stadium to avoid confusion with another stadium of the same name in Navrangpura, Ahmedabad. Sardar Patel stadium is owned by Gujarat Cricket Association and comes under the aegis of the West Zone. It is equipped with floodlights for day-and-night games and is a regular venue for Test cricket and One Day Internationals (ODI) matches. It is currently undergoing redevelopment after being demolished completely in late 2015. The new stadium will be the largest cricket stadium in the world with a seating capacity of 110,000 spectators, overtaking the Melbourne Cricket Ground in Australia.",te,True,101,Motera locality of Ahmedabad,అహ్మదాబాద్ లోని మోటెరా ప్రాంతం,False,True
కృష్ణా జిల్లాలో ఉన్న అంతర్జాతీయ విమానాశ్రయం పేరు ఏమిటి?,"The Vijayawada Airport at Gannavaram provides air connectivity to major metropolitan cities of the country. On 3rd, May 2017, Vijayawada Airport was upgraded from Domestic to International. International Flights 
Started from December 4th, 2018 by Indigo Airlines to Singapore . During the 2016–17 fiscal year, it registered domestic passenger movement growth rate of 56.1% with a total passenger count of 622,354 and aircraft movement recorded a growth of 54.8% with 10,333 aircraft.",te,True,4,Vijayawada Airport,విజయవదా విమానాశ్రయం,False,True
2018 నాటికి గుజరాత్ రాష్ట్ర గవర్నర్ ఎవరు?,"Om Prakash Kohli is Governor of Gujarat and a former member of Rajya Sabha. He was president of the Delhi unit of the Bharatiya Janata Party in 1999-2000. He served as a member of the Rajya Sabha from 1994 to 2000. He has been the president of the Delhi University Teacher's Association (DUTA) and of the ABVP. He studied at Ramjas School and Khalsa School, New Delhi. Kohli is a Master of Arts in Hindi from the University of Delhi and was a lecturer at Hansraj College and Deshbandhu College for over 37 years. He was arrested under MISA during the Emergency.
From 8 September 2016 to 19 January 2018, he held the additional charge of the office of Governor of Madhya Pradesh along with Gujarat.",te,True,0,Om Prakash Kohli,ఓం ప్రకాష్ కోహ్లీ,False,True
కృష్ణా జిల్లా ఉన్న అంతర్జాతీయ విమానాశ్రయం పేరు ఏమిటి?,"State runs APSRTC bus services from Vijayawada and Eluru to this village.
Nidamanuru lies on National Highway 16. Nidamanuru railway station serves with rail services. Nearest airport is Vijayawada international airport ( Gannavaram) which is 9KM away.",te,True,187,Vijayawada international airport,విజయవదా అంతర్జాతీయ విమానాశ్రయం,False,True
హిందూ మతం పురాణాల ప్రకారం శని దేవుని భార్య పేరు ఏమిటి?,"According to the Shaivism sect, the highest form of Shiva is formless, limitless, transcendent and unchanging absolute Brahman, and the primal Atman (soul, self) of the universe. There are many both benevolent and fearsome depictions of Shiva. In benevolent aspects, he is depicted as an omniscient Yogi who lives an ascetic life on Mount Kailash as well as a householder with wife Parvati and his two children, Ganesha and Kartikeya. In his fierce aspects, he is often depicted slaying demons. Shiva is also known as Adiyogi Shiva, regarded as the patron god of yoga, meditation and arts.",te,True,382,Parvati,పార్వతి,False,True
అమెరికా జెండాలో ఎరుపు రంగు దేనికి చిహ్నం?,"The flag of the United States of America, often referred to as the American flag, is the national flag of the United States. It consists of thirteen equal horizontal stripes of red (top and bottom) alternating with white, with a blue rectangle in the canton (referred to specifically as the ""union"") bearing fifty small, white, five-pointed stars arranged in nine offset horizontal rows, where rows of six stars (top and bottom) alternate with rows of five stars. The 50 stars on the flag represent the 50 states of the United States of America, and the 13 stripes represent the thirteen British colonies that declared independence from the Kingdom of Great Britain, and became the first states in the U.S. Nicknames for the flag include the Stars and Stripes, Old Glory, and the Star-Spangled Banner.",te,True,575,the thirteen British colonies that declared independence from the Kingdom of Great Britain,గ్రేట్ బ్రిటన్ రాజ్యం నుండి స్వతంత్రతను ప్రకటించిన 13 బ్రిటీష్ కాలనీలు,False,True
ప్రపంచంలో అతిపొడవైన వ్యక్తి ఎవరు ?,"Robert Pershing Wadlow (February 22, 1918 – July 15, 1940), also known as the Alton Giant and the Giant of Illinois, was an American who became famous as the tallest person in recorded history for whom there is irrefutable evidence. He was born and raised in Alton, Illinois.",te,True,0,Robert Pershing Wadlow,రాబర్ట్ పెర్షింగ్ వాడ్లో,False,True
మంచిర్యాల జిల్లాలో ఎన్ని జీవ నదులు ప్రవహిస్తున్నాయి?,"Seven major rivers along with their numerous tributaries make up the river system of India. The largest basin system of the rivers pour their waters into the Bay of Bengal; however, some of the rivers whose courses take them through the western part of the country and towards the east of the state of Himachal Pradesh empty into the Arabian Sea. Parts of Ladakh, northern parts of the Aravalli range and the arid parts of the Thar Desert have inland drainage.",te,True,0,Seven,ఏడు,False,True
జాకీ చాన్ తల్లి పేరు ఏమిటి ?,"Chan was born on 7 April 1954, in Hong Kong, as Chan Kong-sang, to Charles and Lee-Lee Chan, refugees from the Chinese Civil War. His mother or parents nicknamed him ""Pao-pao"" (""Cannonball"") because the energetic child was always rolling around. His parents worked for the French ambassador in Hong Kong, and Chan spent his formative years within the grounds of the consul's residence in the Victoria Peak district.",te,True,79,Lee-Lee Chan,లీ-లీ చాన్,False,True
కెమెరాను మొదటగా ఎవరు కనుగొన్నారు?,"The word ""camera"" comes from ""camera obscura"", which means ""dark chamber"" and is the Latin name of the original device for projecting an image of external reality onto a flat surface. The modern photographic camera evolved from the camera obscura. The functioning of the camera is very similar to the functioning of the human eye. The first permanent photograph was made in 1825 by Joseph Nicéphore Niépce.",te,True,382,Joseph Nicéphore Niépce.,జోసెఫ్ నిసెఫోర్ నిఎప్స్.,False,True
బీహార్ రాష్ట రాజధాని ఏది ?,"Patna is the capital and largest city of the state of Bihar in India. Patna is the second-largest city in eastern India after Kolkata.It had an estimated city population of 1.68 million in 2011, making it the 19th largest city in India. With over 2 million people, its urban agglomeration is the 18th largest in India. Patna also serves as the seat of Patna High Court.",te,True,0,Patna,పట్నా,False,True
పరారుణ వికిరణాలు కనుగొన్న శాస్త్రవేత్త ఎవరు?,"Infrared radiation was discovered in 1800 by astronomer Sir William Herschel, who discovered a type of invisible radiation in the spectrum lower in energy than red light, by means of its effect on a thermometer. Slightly more than half of the total energy from the Sun was eventually found to arrive on Earth in the form of infrared. The balance between absorbed and emitted infrared radiation has a critical effect on Earth's climate.",te,True,56,Sir William Herschel,సర్ విలియం హెర్షెల్,False,True
బీహార్ రాష్ట్ర రాజధాని ఏది?,"Patna is the capital and largest city of the state of Bihar in India. Patna is the second-largest city in eastern India after Kolkata.It had an estimated city population of 1.68 million in 2011, making it the 19th largest city in India. With over 2 million people, its urban agglomeration is the 18th largest in India. Patna also serves as the seat of Patna High Court.",te,True,0,Patna,పట్నా,False,True
2018 నాటికి వెస్ట్ ఇండీస్ ఎన్ని సార్లు ప్రపంచ క్రికెట్ కప్ ని గెలుచుకుంది ?,"The World Cup is open to all members of the International Cricket Council (ICC), although the highest-ranking teams receive automatic qualification. The remaining teams are determined via the World Cricket League and the ICC World Cup Qualifier. A total of twenty teams have competed in the eleven editions of the tournament, with fourteen competing in the latest edition in 2015; the next edition in 2019 will have only ten teams. Australia has won the tournament five times, with the West Indies, India (twice each), Pakistan and Sri Lanka (once each) also having won the tournament. The best performance by a non-full-member team came when Kenya made the semi-finals of the 2003 tournament.",te,True,506,twice,రెండుసార్లు,False,True
బీహార్ రాజధాని ఏది?,"The head of the bureaucracy of the state is the chief secretary. Under this position, is a hierarchy of officials drawn from the Indian Administrative Service, Indian Police Service, Indian Forest Service, and different wings of the state civil services. The judiciary is headed by the Chief Justice. Bihar has a High Court which has been functioning since 1916. All the branches of the government are located in the state capital, Patna.",te,True,432,Patna,పట్నా,False,True
శివునికి గల మరొక పేరేమిటి ?,"Shiva (; Sanskrit: शिव, , lit. ""the auspicious one"") also known as Mahadeva ( lit. ""the greatest god"") is one of the principal deities of Hinduism. He is the Supreme Being within Shaivism, one of the major traditions within contemporary Hinduism.",te,True,67,Mahadeva,మహాదేవుడు,False,True
ఎక్కువ కాళ్లు ఉన్న కిటకం ఏది?,"Centipedes (from Latin prefix ', ""hundred"", and ', """"foot"""") are arthropods belonging to the class Chilopoda of the subphylum Myriapoda, an arthropod group which also includes Millipedes and other multi-legged creatures. Centipedes are elongated metameric creatures with one pair of legs per body segment. Centipedes are known to be highly venomous, and often inject paralyzing venom. Despite the name, centipedes can have a varying number of legs, ranging from 30 to 354. Centipedes always have an odd number of pairs of legs. Therefore, no centipede has exactly 100 legs. A key trait uniting this group is a pair of venom claws or forcipules formed from a modified first appendage. Centipedes are predominantly carnivorous.",te,True,0,Centipedes,సెంటిపెడ్స్,False,True
బ్లీచ్ ని ఎవరు కనుగొన్నారు?,"Chlorine-based bleaches, which shortened that process from months to hours, were invented in Europe in the late 18th century. Swedish chemist Scheele discovered chlorine in 1774, and in 1785 French scientist Claude Berthollet recognized that it could be used to bleach fabrics. Berthollet also discovered sodium hypochlorite, which became the first commercial bleach, named ""Eau de Javel"" (""Javel water"") after the borough in Paris where it was produced. Scottish chemist and industrialist Charles Tennant proposed in 1798 a solution of calcium hypochlorite as an alternative for Javel water, and patented bleaching powder (solid calcium hypochlorite) in 1799. Around 1820, French chemist Labarraque discovered the disinfecting and deodorizing ability of hypochlorites, and was instrumental in popularizing their use for such purpose. His work greatly improved medical practice, public health, and the sanitary conditions in hospitals, slaughterhouses, and all industries dealing with animal products. ",te,True,142,"Scheele discovered chlorine in 1774, and in 1785 French scientist Claude Berthollet recognized that it could be used to bleach",1774లో షీలే క్లోర్ను కనుగొన్నాడు. 1785లో ఫ్రెంచ్ శాస్త్రవేత్త క్లాడ్ బెర్థోల్లే దీనిని బ్లీచింగ్గా ఉపయోగించవచ్చని గుర్తించాడు,False,True
పాకిస్తాన్ లో ఆచరణలో ఉన్న మతం ఏమిటి?,"The state religion in Pakistan is Islam, which is practiced by 96% of the population. Freedom of religion is guaranteed by the Pakistan constitution. The Pakistani constitution established a fundamental right in which all Pakistani citizens irrespective of Religions have equal rights. The remaining 4% practice Hinduism, Christianity, Sikhism and other religions.",te,True,0,The state religion in Pakistan is Islam,పాకిస్తాన్లో రాష్ట్ర మతం ఇస్లాం,False,True
వీసా ఇన్కార్పొరేటెడ్ ని స్థాపించింది ఎవరు ?,"The term ""Visa"" was conceived by the company's founder, Dee Hock. He believed that the word was instantly recognizable in many languages in many countries, and that it also denoted universal acceptance.",te,True,0,"The term ""Visa"" was conceived by the company's founder, Dee Hock","""వీసా"" అనే పదాన్ని కంపెనీ స్థాపకుడు, డి హాక్ రూపొందించారు",False,True
ఆంధ్ర ప్రదేశ్ రాష్ట్రములోని పులికాట్ సరస్సు ఏ జిల్లాలో ఉంది?,"Pulicat Lagoon is the second largest brackish water lagoon in India, after Chilika Lake. Pulicat Lagoon is considered to be the second largest brackish water body in India measuring 759* km2. The Lagoon is one of the three important wetlands to attract North-East Monsoon rain clouds during October to December season to Tamil Nadu. The lagoon comprises the following regions, which adds up 759 km2 according to Andhra Pradesh Forest Department*:
1) Pulicat Lake (Tamil Nadu-TN & Andhra Pradesh-AP)
2) Marshy/Wetland Land Region (AP)
3) Venadu Reserve Forest (AP)
4) Pernadu Reserve Forest (AP)
The lagoon was cut across in the middle the Sriharikota Link Road, which divided the water body into lake and marshy land. The lake encompasses the Pulicat Lake Bird Sanctuary. The barrier island of Sriharikota separates the lake from the Bay of Bengal and is home to the Satish Dhawan Space Centre.
Major part of the lake comes under Nellore district of Andhra pradesh.",te,True,930,Nellore,నెల్లోర్,False,True
దొర చిత్ర నిర్మాత ఎవరు?,"Dora () is a 2017 Indian Tamil-language horror thriller film directed by Doss Ramasamy and produced by A. Sarkunam. It features Nayanthara in the lead role, with actors Thambi Ramaiah, Harish Uthaman and Sulile Kumar in secondary roles. The film's production began in March 2016 and principal photography commenced in June 2016, with Dinesh Krishnan working as the cinematographer. The film was released on 31 March 2017.",te,True,103,A. Sarkunam,ఎ. సార్కునమ్,False,True
డాక్టర్ పి.వేణుగోపాల్ ఏ సంవత్సరంలో మొట్టమొదటి గుండె మార్పిడి శస్త్రచికిత్సను చేసాడు?,"Soon after joining AIIMS, Venugopal participated in two advanced training programs, an adult Open Heart Surgery training under Denton Cooley at the Texas Heart Institute and paediatric open heart surgery under S. Subramanian, at the Children's Hospital, Buffalo, New York following which he launched the open heart surgery clinic at AIIMS, under the guidance of Professor N. Gopinath, in 1974. This was followed by the establishment of the ""Cardiothoracic Sciences Centre"", where he performed the first heart transplantation in India on 3 August 1994 and, later, for the first time in Asia, the implantation of the Left Ventricular Assist Device",te,True,537,3 August 1994,1994 ఆగస్టు 3,False,True
శక్తి కి సూత్రం వ్రాయండి?,"Energy gives rise to weight when it is trapped in a system with zero momentum, where it can be weighed. It is also equivalent to mass, and this mass is always associated with it. Mass is also equivalent to a certain amount of energy, and likewise always appears associated with it, as described in mass-energy equivalence. The formula ""E"" = ""mc""², derived by Albert Einstein (1905) quantifies the relationship between rest-mass and rest-energy within the concept of special relativity. In different theoretical frameworks, similar formulas were derived by J.J. Thomson (1881), Henri Poincaré (1900), Friedrich Hasenöhrl (1904) and others (see Mass-energy equivalence#History for further information).",te,True,335,"""E"" = ""mc""²","""E"" = ""mc2""",False,True
పంజాబ్ లో ఎన్ని నదులు ప్రవహిస్తాయి?,"The region was originally called Sapta Sindhu, the Vedic land of the seven rivers flowing into the ocean. The Sanskrit name for the region, as mentioned in the Ramayana and Mahabharata for example, was ""Panchanada"" which means ""Land of the Five Rivers"", and was translated to Persian as ""Punjab"" after the Muslim conquests. The later name of the region, ""Punjab"", is a compound of two Persian words, ""Panj"" (five) and ""āb"" (water), introduced to the region by the Turko-Persian conquerors of India, and more formally popularised during the Mughal Empire. Punjab thus means ""The Land of Five Waters"", referring to the rivers Jhelum, Chenab, Ravi, Sutlej, and Beas. All are tributaries of the Indus River, the Chenab being the largest.",te,True,240,Five,ఐదు,False,True
సూక్ష్మజీవులను చూడడానికి వాడే పరికరం ఏమిటి?,"Bacteria were first observed by the Dutch microscopist Antonie van Leeuwenhoek in 1676, using a single-lens microscope of his own design. He then published his observations in a series of letters to the Royal Society of London. Bacteria were Leeuwenhoek's most remarkable microscopic discovery. They were just at the limit of what his simple lenses could make out and, in one of the most striking hiatuses in the history of science, no one else would see them again for over a century. His observations had also included protozoans which he called animalcules, and his findings were looked at again in the light of the more recent findings of cell theory.",te,True,108,microscope,మైక్రోస్కోప్,False,True
రక్షణ ని ఆంగ్లంలో ఏమని అంటారు?,"Frith is an Old English word meaning ""peace; protection; safety, security"". ",te,True,0,Frith,ఫ్రిత్,False,True
చిరంజీవి నటించిన మొదటి హిందీ చిత్రం ఏది?,"Chiranjeevi is an Indian actor, producer, politician and a member of the Indian National Congress. He was the Minister of State with independent charge for the Ministry of Tourism, Government of India. Chiranjeevi has attended the Madras Film Institute, and had worked primarily in Telugu cinema, in addition to Tamil, Kannada and Hindi films. He made his acting debut in 1978, with the film ""Punadhirallu"". However, ""Pranam Khareedu"" was released earlier at the box office.",te,True,393,Punadhirallu,పునాదిరాలూ,False,True
లూయీ పాశ్చర్ రేబీస్ టీకాను ఎప్పుడు కనుగొన్నాడు?,"Virtually all infections with rabies resulted in death until two French scientists, Louis Pasteur and Émile Roux, developed the first rabies vaccination in 1885. This vaccine was first used on a human on July 6, 1885, on nine-year-old Joseph Meister (1876–1940), who had been mauled by a rabid dog.",te,True,156,1885,1885,False,True
డా. రాజేంద్ర ప్రసాద్ కి భారత రత్న పురస్కారం ఎప్పుడు వచ్చింది?,"Prasad acted independently of politics, following the expected role of the president as per the constitution. Following the tussle over the enactment of the Hindu Code Bill, he took a more active role in state affairs. In 1962, after serving twelve years as the president, he announced his decision to retire. After relinquishing the office of the President of India on May 1962, he returned to Patna on 14 May 1962 and preferred to stay in the campus of Bihar Vidyapeeth. He was subsequently awarded the Bharat Ratna, the nation's highest civilian award.",te,True,411,1962,1962,False,True
ఆఫ్రికా ఖండంలో  కల దేశాలు ఎన్ని ?,"Africa is the world's second largest and second most-populous continent (behind Asia in both categories). At about 30.3 million km2 (11.7 million square miles) including adjacent islands, it covers 6% of Earth's total surface area and 20% of its land area. With
/1e9 round 1 billion people as of , it accounts for about 16% of the world's human population. The continent is surrounded by the Mediterranean Sea to the north, the Isthmus of Suez and the Red Sea to the northeast, the Indian Ocean to the southeast and the Atlantic Ocean to the west. The continent includes Madagascar and various archipelagos. It contains 54 fully recognised sovereign states (countries), nine territories and two ""de facto"" independent states with limited or no recognition. The majority of the continent and its countries are in the Northern Hemisphere, with a substantial portion and number of countries in the Southern Hemisphere.",te,True,620,54,54 వ వంశం,False,True
ఇంగ్లండు దేశంలోని అతిపెద్ద నగరం ఏది?,"The City of Carlisle ( or ) is a local government district of Cumbria, England, with the status of a city and non-metropolitan district. It is named after its largest settlement, Carlisle, but covers a far larger area which includes the towns of Brampton and Longtown, as well as outlying villages including Dalston, Scotby and Wetheral. The city has a population of 107,524. and an area of , making it the largest city in England by area (although the majority of its territory is not urbanised, but rural).",te,True,4,City of Carlisle,కార్లైస్లే నగరం,False,True
2018లో టెన్నిస్ మహిళల సింగిల్స్ లో ప్రథమ స్థానంలో ఉన్న క్రీడాకారిణి ఎవరు?,"Simona Halep (; born 27 September 1991) is a Romanian professional tennis player. The Women's Tennis Association (WTA) ranked her world No. 1 in singles on two separate occasions between 2017 and 2019. She reached the No. 1 ranking for the first time on October 9, 2017. On her second occasion, she held the ranking for 48 consecutive weeks. In total, she has been No. 1 for 64 weeks, which ranks tenth in the history of the female tennis. Halep was the year-end No. 1 in 2017 and 2018.",te,True,0,Simona Halep,సిమోనా హలేప్,False,True
ఇటలీ దేశాన్ని చివరిగా పాలించిన రాజు ఎవరు?,"A Kingdom of Italy was restored from 1805 to 1814 with Napoleon as its only king, centered in Northern Italy. It was not until the Italian unification in the 1860s that a Kingdom of Italy covering the entire peninsula was restored. From 1861 the House of Savoy held the title of ""King of Italy"" until the last king, Umberto II, was exiled in 1946 when Italy became a republic.",te,True,316,Umberto II,ఉంబెర్టో II,False,True
వేదాంతం రాఘవయ్య దర్శకత్వం వహించిన మొదటి చిత్రం ఏది?,"Raghavaiah was the co-owner of the film production house ""Vinodha Pictures"", starting his career as a dance master, he choreographed for films such as ""Raithu Bidda"", and ""Swarga Seema"", which was screened at the ""Vietnam Film Association"". Regarded as one of the pioneers of romantic tales, Raghavaiah, made his directorial and production debut with ""Stree Sahasamu"" (1951). He then directed successful films such as ""Devadasu"" (1953), ""Annadata"" (1954), ""Anarkali"" (1955), ""Chiranjeevulu"" (1956), ""Bhale Ramudu"" (1956), ""Prema Pasam"" (Tamil, 1956), ""Suvarna Sundari"" (1957), ""Rahasyam"" (1967). As an actor he starred in Mohini Rukmanigada (1937), Garuda Garvabhangam (1943) and Raksharekha (1949).",te,True,352,Stree Sahasamu,స్ట్రీ సాహసము,False,True
2011 నాటికి కేరళ రాష్ట్ర ముఖ్యమంత్రి ఎవరు ?,Velikkakathu Sankaran Achuthanandan (born 20 October 1923) is a veteran Indian politician who was Chief Minister of Kerala from 2006 to 2011. He was one of the founding leaders of the Communist Party of India (Marxist) and has played a major role in building the party cadre in the state of Kerala.,te,True,0,Velikkakathu Sankaran Achuthanandan,వెలికాకథు శంకరన్ అచుతానందన్,False,True
2019 వరకు లోక్‌సభ ఎన్నికలలో పులివెందుల నుండి అత్యధిక మెజారిటీ తో గెలిచిన వ్యక్తి ఎవరు?,"Vivekananda Reddy was twice elected as a Member of the Legislative Assembly for the Pulivendula constituency, in 1989 and 1994. Then, in the elections of 1999, he was elected to the Lok Sabha from the Kadapa constituency with a majority of over 90,000, which was the highest majority gained in the state. In 2004 elections he increased that majority to over 110,000.",te,True,0,Vivekananda Reddy,వివేకానంద రెడ్డి,False,True
పాదరసము గది ఉష్ణోగ్రత వద్ద ఏ రూపంలో ఉంటుంది?,"Mercury is a chemical element with symbol Hg and atomic number 80. It is commonly known as quicksilver and was formerly named hydrargyrum ( ). A heavy, silvery d-block element, mercury is the only metallic element that is liquid at standard conditions for temperature and pressure; the only other element that is liquid under these conditions is bromine, though metals such as caesium, gallium, and rubidium melt just above room temperature.",te,True,222,liquid,ద్రవము,False,True
హిందువులు ఎక్కువగా తీసుకునే ఆహార పదార్థం ఏది ?,"Diet in Hinduism varies with its diverse traditions. The ancient and medieval Hindu texts do not explicitly prohibit eating meat, but they do strongly recommend ahimsa—non-violence against all life forms including animals. Many Hindus prefer a vegetarian or lacto-vegetarian lifestyle, and methods of food production that are in sync with nature, compassionate, and respectful of other life forms as well as nature.",te,True,244,vegetarian,శాఖాహారం,False,True
పశ్చిమ బెంగాల్ రాష్ట్ర మొదటి ముఖ్యమంత్రి ఎవరు?,"Prafulla Chandra Ghosh (""প্রফুল্ল চন্দ্র ঘোষ""; 1891–1983) was the first Chief Minister of West Bengal, India. He was the Chief Minister in two West Bengal governments, first in the Indian National Congress government from 15 August 1947 to 14 August 1948, then in the Progressive Democratic Alliance Front government from 2 November 1967 to 20 February 1968.
Education: Presidency College, Calcutta.Chemistry, B.Sc (Gold Medalist).
Occupation: First ASA master, British India, of Indian origin.
He also exchanged scientific views with the likes of Madame Marie Curie and Albert Einstein.",te,True,0,Prafulla Chandra Ghosh,ప్రఫుల్లా చంద్ర ఘోష్,False,True
హైదరాబాద్ జవహర్ లాల్ నెహ్రూ సాంకేతిక విశ్వవిద్యాలయంను ఎప్పుడు ప్రారంభించారు?,"Jawaharlal Nehru Technological University, Hyderabad (JNTU Hyderabad) is a public university, located in Hyderabad, Telangana, India, and one of the India's leading educational universities focusing on engineering. Founded in 1965 as the Nagarjuna Sagar Engineering College, it was established as a university in 1972 by ""The Jawaharlal Nehru Technological University Act, 1972"". The university is situated at Kukatpally Housing Board Region in Hyderabad of India.",te,True,226,1965,1965,False,True
ఈజిప్ట్ లో ఉన్న అతి పెద్ద నది ఏది?,"The Nile (, written as al-Nīl; pronounced as an-Nīl) is a major north-flowing river in northeastern Africa, and is the longest river in the world, though some sources cite the Amazon River as the longest. The Nile, which is about long, is an ""international"" river as its drainage basin covers eleven countries, namely, Tanzania, Uganda, Rwanda, Burundi, the Democratic Republic of the Congo, Kenya, Ethiopia, Eritrea, South Sudan, Republic of the Sudan and Egypt. In particular, the Nile is the primary water source of Egypt and Sudan.",te,True,4,Nile,నైలు,False,True
మొదటి టాకీ భారతీయ సినిమా ఏది?,"Ardeshir Irani released ""Alam Ara,"" the first Indian talkie, on 14 March 1931. Irani later produced the first south Indian talkie film ""Kalidas"" directed by H. M. Reddy released on 31 October 1931. ""Jumai Shasthi"" was the first Bengali talkie. Chittor V. Nagaiah, was one of the first multilingual film actor/singer/composer/producer/directors in India. He was known as India's Paul Muni.",te,True,25,Alam Ara,అలం అరా,False,True
బ్యాక్టీరియా పై  మొట్ట మొదటిగా పరిశోధన చేసిన శాస్త్రవేత్త ఎవరు?,"Bacteria were first observed by the Dutch microscopist Antonie van Leeuwenhoek in 1676, using a single-lens microscope of his own design. He then published his observations in a series of letters to the Royal Society of London. Bacteria were Leeuwenhoek's most remarkable microscopic discovery. They were just at the limit of what his simple lenses could make out and, in one of the most striking hiatuses in the history of science, no one else would see them again for over a century. His observations had also included protozoans which he called animalcules, and his findings were looked at again in the light of the more recent findings of cell theory.",te,True,55,Antonie van Leeuwenhoek,ఎంటోనీ వాన్ లీయువెన్హూక్,False,True
బంగారం ఎక్కువగా దొరికే దేశం ఏది?,"As of 2017, the world's largest gold producer by far was China with 429.4 tonnes in that year. The second-largest producer, Australia, mined 289.0 tonnes in the same year, followed by Russia with 273 tonnes.",te,True,57,China,చైనా,False,True
వైద్యశాస్త్రంలో మొదటి నోబెల్ బహుమతి అందుకున్న మహిళ ఎవరు?,"As of 2015, 106 Nobel Prizes in Physiology or Medicine have been awarded to 198 men and 12 women. The first one was awarded in 1901 to the German physiologist Emil von Behring, for his work on serum therapy and the development of a vaccine against diphtheria. The first woman to receive the Nobel Prize in Physiology or Medicine, Gerty Cori, received it in 1947 for her role in elucidating the metabolism of glucose, important in many aspects of medicine, including treatment of diabetes.",te,True,330,Gerty Cori,గెర్టీ కోరి,False,True
వెనుజులా దేశవైశాల్యం ఎంత ?,"Venezuela ( ; ), officially the Bolivarian Republic of Venezuela (), is a country on the northern coast of South America, consisting of a continental landmass and a large number of small islands and islets in the Caribbean Sea. The capital and largest urban agglomeration is the city of Caracas. It has a territorial extension of 916,445 km2 (353,841 sq mi). The continental territory is bordered on the north by the Caribbean Sea and the Atlantic Ocean, on the west by Colombia, Brazil on the south, Trinidad and Tobago to the north-east and on the east by Guyana. With this last country, the Venezuelan government maintains a claim for Guayana Esequiba over an area of 159,542 km2 (61,600 sq mi). For its maritime areas, it exercises sovereignty over 71,295 km2 (27,527 sq mi) of territorial waters, 22,224 km2 (8,581 sq mi) in its contiguous zone, 471,507 km2 (182,050 sq mi) of the Caribbean Sea and the Atlantic Ocean under the concept of exclusive economic zone, and 99,889 km2 (38,567 sq mi) of continental shelf. This marine area borders those of 13 states. The country has extremely high biodiversity and is ranked seventh in the world's list of nations with the most number of species. There are habitats ranging from the Andes Mountains in the west to the Amazon basin rain-forest in the south via extensive ""llanos"" plains, the Caribbean coast and the Orinoco River Delta in the east.",te,True,330,"916,445 km2","916,445 km2",False,True
ల్యాప్‌టాప్ ను ఎవరు కనిపెట్టారు?,"As 8-bit CPU machines became widely accepted, the number of portables increased rapidly. The first laptop-sized notebook computer was the Epson HX-20, invented (patented) by Suwa Seikosha's Yukio Yokozawa in July 1980, introduced at the COMDEX computer show in Las Vegas by Japanese company Seiko Epson in 1981, and released in July 1982. It had an LCD screen, a rechargeable battery, and a calculator-size printer, in a chassis, the size of an A4 notebook. It was described as a ""laptop"" and ""notebook"" computer in its patent.",te,True,174,Suwa Seikosha's Yukio Yokozawa,సువా సెయికోషా యొక్క యుకియో యోకావా,False,True
2018 నాటికి భారతదేశములో అతిపెద్ద హిందు దేవాలయం ఎక్కడ ఉంది?,"Pashupatinath temple is one of the important temples of Hindu religion which is situated in Kathmandu, Nepal. It is built in a pagoda style and is surrounded by hundreds of temples and buildings built by kings. The temples top is made from pure gold.",te,True,0,Pashupatinath temple,పశుపతినాథ్ ఆలయం,False,True
శ్రీ రమణ మహర్షి అన్న పేరేమిటి ?,"Ramana Maharshi was born Venkataraman Iyer on 30 December 1879 in the village Tiruchuzhi near Aruppukkottai, Madurai in Tamil Nadu, South India. He was the second of four children in an orthodox Hindu Brahmin family. His father was Sundaram Iyer (1848–1890), from the lineage of Parashara, and his mother was Azhagammal (1864–1922). He had two brothers Nagaswami (1877–1900) and Nagasundaram (1886–1953), along with a younger sister Alamelu (1887–1953). Venkataraman's father was a court pleader.",te,True,353,Nagaswami (1877–1900) and Nagasundaram,నాగస్వామి (18771900) మరియు నాగసుందరం,False,True
మానవ కాలేయము యొక్క సుమారు బరువు ఎంత?,"At birth, the liver comprises roughly 4% of body weight and weighs on average about . Over the course of further development, it will increase to but will only take up 2.5–3.5% of body weight.",te,True,168,2.5–3.5% of body weight,శరీర బరువులో 2.53.5%,False,True
2009నాటికి అమెరికాలో అతిపెద్ద కట్టడం ఏది?,"The Willis Tower, built as and still commonly referred to as the Sears Tower, is a 110-story, skyscraper in Chicago, Illinois. At completion in 1973, it surpassed the World Trade Center in New York to become the tallest building in the world, a title it held for nearly 25 years; it remained the tallest building in the Western Hemisphere until the completion of a new building at the rebuilt World Trade Center site in 2014. The building is considered a seminal achievement for architect Fazlur Rahman Khan. The Willis Tower is currently the second-tallest building in the United States and the Western hemisphere – and the 16th-tallest in the world. More than one million people visit its observation deck each year, making it one of Chicago's most popular tourist destinations. The structure was renamed in 2009 by the Willis Group as a term of its lease.",te,True,4,Willis Tower,విల్లిస్ టవర్,False,True
డేవిడ్ బౌవీ నటించిన మొదటి చిత్రం ఏది?,"The beginnings of Bowie's acting career predate his commercial breakthrough as a musician. Studying avant-garde theatre and mime under Lindsay Kemp, he was given the role of Cloud in Kemp's 1967 theatrical production ""Pierrot in Turquoise"" (later made into the 1970 television film ""The Looking Glass Murders""). In the black-and-white short ""The Image"" (1969), he played a ghostly boy who emerges from a troubled artist's painting to haunt him. The same year, the film of Leslie Thomas's 1966 comic novel ""The Virgin Soldiers"" saw Bowie make a brief appearance as an extra. In 1976 he earned acclaim for his first major film role, portraying Thomas Jerome Newton, an alien from a dying planet, in ""The Man Who Fell to Earth"", directed by Nicolas Roeg. ""Just a Gigolo"" (1979), an Anglo-German co-production directed by David Hemmings, saw Bowie in the lead role as Prussian officer Paul von Przygodski, who, returning from World War I, is discovered by a Baroness (Marlene Dietrich) and put into her Gigolo Stable.",te,True,342,The Image,చిత్రం,False,True
పక్షులలో భావప్రకటన ఉందని మొదటగా కనుగొన్న శాస్త్రవేత్త ఎవరు?,"Marc Bekoff reported accounts of animal behaviour which he believed was evidence of animals being able to experience emotions in his book ""The Emotional Lives of Animals"". The following is an excerpt from his book:
Bystander affiliation is believed to represent an expression of empathy in which the bystander tries to console a conflict victim and alleviate their distress. There is evidence for bystander affiliation in ravens (e.g. contact sitting, preening, or beak-to-beak or beak-to-body touching) and also for solicited bystander affiliation, in which there is post-conflict affiliation from the victim to the bystander. This indicates that ravens may be sensitive to the emotions of others, however, relationship value plays an important role in the prevalence and function of these post-conflict interactions.",te,True,0,Marc Bekoff,మార్క్ బెకోఫ్,False,True
మంటలను ఆర్పడానికి సాధారణంగా వాడే ద్రవం ఏంటి?,"Fires can be extinguished by water, fuel or oxidant removal, or chemical flame inhibition.",te,True,29,water,నీరు,False,True
ఆక్స్‌ఫర్డ్ నిఘంటువును ఎవరు కనుగొన్నారు?,"The dictionary began as a Philological Society project of a small group of intellectuals in London (and unconnected to Oxford University): Richard Chenevix Trench, Herbert Coleridge, and Frederick Furnivall, who were dissatisfied with the existing English dictionaries. The Society expressed interest in compiling a new dictionary as early as 1844, but it was not until June 1857 that they began by forming an ""Unregistered Words Committee"" to search for words that were unlisted or poorly defined in current dictionaries. In November, Trench's report was not a list of unregistered words; instead, it was the study ""On Some Deficiencies in our English Dictionaries"", which identified seven distinct shortcomings in contemporary dictionaries:",te,True,139,"Richard Chenevix Trench, Herbert Coleridge, and Frederick Furnivall","రిచర్డ్ చెనేవిక్స్ ట్రెంచ్, హెర్బర్ట్ కొలెరిడ్జ్, ఫ్రెడరిక్ ఫర్నివాల్",False,True
ఎక్కువగా సొరచేప ప్రమాదాలు జరిగే దేశం ఏది ?,"Of these attacks, the majority occurred in the United States (53 in 2000, 40 in 2005, and 39 in 2006). ""The New York Times"" reported in July 2008 that there had been only one fatal attack in the previous year. On average, there are 16 shark attacks per year in the United States, with one fatality every two years. According to the ISAF, the US states in which the most attacks have occurred are Florida, Hawaii, California, Texas and the Carolinas, though attacks have occurred in almost every coastal state.",te,True,47,United States,అమెరికా సంయుక్త రాష్ట్రాలు,False,True
షాజహాన్ ఎప్పుడు మరణించాడు?,"Jahanara Begum Sahib, Mumtaz Mahal's first daughter, voluntarily shared his 8-year confinement and nursed him in his dotage. In January 1666, Shah Jahan fell ill. Confined to bed, he became progressively weaker until, on 22 January, he commended the ladies of the imperial court, particularly his consort of later years Akbarabadi Mahal, to the care of Jahanara. After reciting the ""Kal'ma"" (""Laa ilaaha ill allah"") and verses from the Quran, Shah Jahan died, aged 74.",te,True,460,aged 74,74 సంవత్సరాల వయస్సు,False,True
భారతదేశంలో అతిపెద్ద కాఫీ పరిశ్రమ ఎక్కడ ఉంది?,"Coffee production in India is dominated in the hill tracts of South Indian states, with Karnataka accounting for 71%, followed by Kerala with 21% and Tamil Nadu (5% of overall production with 8,200 tonnes). Indian coffee is said to be the finest coffee grown in the shade rather than direct sunlight anywhere in the world. There are about 250,000 coffee growers in the country; 98% of them are small growers. As of 2009, Indian coffee made up just 4.5% of the global production. Almost 80% of Indian coffee is exported; 70% is bound for Germany, Russia, Spain, Belgium, Slovenia, United States, Japan, Greece, Netherlands and France. Italy accounts for 29% of the exports. Most of the export is shipped through the Suez Canal.",te,True,88,Karnataka,కర్ణాటక,False,True
అమృత్ సర్ జిల్లాకు ఆనుకొని ఉన్న జిల్లాలు ఎన్ని?,Amritsar district is one of 22 districts located in the Majha region of the state of Punjab in North India. The city of Amritsar is headquarters of this district.,te,True,28,22,22,False,True
వృషభం అంటే ఏ జంతువు?,"Taurus (Latin for ""The Bull"") is the second astrological sign in the present zodiac. It spans from 30° to 60° of the zodiac. This sign belongs to the Earth element or triplicty, and therefore has a feminine or negative polarity. It has a Fixed modality, quality or quadruplicity. It is a Venus-ruled sign just like Libra. It is the sign where the Moon has its exaltation at exactly 3°. The Sun transits in the sign of Taurus from approximately April 21 until May 21 in western astrology. People born between these dates, depending on which system of astrology they subscribe to, may be called ""Taureans.""",te,True,23,Bull,ఎద్దు,False,True
ప్రపంచంలో ఆర్థికంగా వెనుకబడిన దేశం ఏది?,"
Gerschenkron did not define economic backwardness but alluded to related factors: income per capita, amount of social overhead capital, literacy, savings rates and level of technology. He also referred to a northwest-to-southeast axis within Europe, with Britain as the least backward, followed by Belgium, the Netherlands, France, Germany, Austria, Italy, and—the most backward—Russia. In his essay, he mostly discusses Britain, Germany and Russia.",te,True,380,Russia,రష్యా,False,True
2019 భారత ప్రధానమంత్రిగా ఎవరు పనిచేసారు?,"Narendra Damodardas Modi (; born 17 September 1950) is an Indian politician serving as the 14th and current Prime Minister of India since 2014. He was the Chief Minister of Gujarat from 2001 to 2014, and is the Member of Parliament for Varanasi. Modi is a member of the Bharatiya Janata Party (BJP) and the Rashtriya Swayamsevak Sangh (RSS).",te,True,0,Narendra Damodardas Modi,నరేంద్ర దమోదార్దస్ మోదీ,False,True
కాలుష్యం ఎన్ని రకాలు?,"Pollution is the introduction of contaminants into the natural environment that cause adverse change. Pollution can take the form of chemical substances or energy, such as noise, heat or light. Pollutants, the components of pollution, can be either foreign substances/energies or naturally occurring contaminants. Pollution is often classed as point source or nonpoint source pollution.
In 2015, pollution killed 9 million people in the world.",te,True,102,Pollution can take the form of chemical substances or energy,కాలుష్యం రసాయన పదార్థాలు లేదా శక్తి రూపంలో ఉండవచ్చు,False,True
భాగవత మేళా నాటకాన్ని మొదటగా ఎక్కడ వేశారు ?,"When the Vijayanagar Empire fell at the Battle of Talikota in 1542, there were a prominent exodus of artistes and prominent Hindu citizens to the south. Achyuthappa Nayak of Thanjavur, a vassal of the Vijayanagar kings granted the village of Unnathapuri near Thanjavur to 501 families of Kuchipudi dancers who were a part of the exodus. The village was subsequently renamed as Achyutapuram and eventually as Melattur with the passage of time. The Kuchipudi dancers preserved their ancestral tradition and gave regular performances. This eventually gave rise to the Bhagavatha Melas as well as the unique style of Bharatanatyam which evolved here.",te,True,408,Melattur,మెలతూర్,False,True
రాముడి తండ్రి పేరేమిటి?,"The ancient epic ""Ramayana"" states in the ""Balakhanda"" that Rama and his brothers were born to Kaushalya and Dasharatha in Ayodhya, a city on the banks of Sarayu River. The Jain versions of the ""Ramayana"", such as the ""Paumacariya"" (literally deeds of Padma) by Vimalasuri, also mention the details of the early life of Rama. The Jain texts are dated variously, but generally pre-500 CE, most likely sometime within the first five centuries of the common era. Dasharatha was the king of Kosala, and a part of the solar dynasty of Iksvakus. His mother's name Kaushalya literally implies that she was from Kosala. The kingdom of Kosala is also mentioned in Buddhist and Jaina texts, as one of the sixteen ""Maha janapadas"" of ancient India, and as an important center of pilgrimage for Jains and Buddhists. However, there is a scholarly dispute whether the modern Ayodhya is indeed the same as the Ayodhya and Kosala mentioned in the ""Ramayana"" and other ancient Indian texts.",te,True,460,Dasharatha,దశారథా,False,True
మహారాష్ట్ర లో ఎన్ని జిల్లాలు ఉన్నాయి?,"The Indian State of Maharashtra came into existence on 1 May 1960. It is also known as Maharashtra Day, initially with 26 districts. 10 new districts have been created since then, and currently the number of districts in the state is 36. These districts are grouped into five administrative divisions shown below.",te,True,234,36,36,False,True
కాగితంని మొదటగా ఉపయోగించిన దేశం ఏది ?,"Paper is a thin unwoven material made from milled plant fibers, is primarily used for writing, artwork, and packaging; it is commonly white. The first papermaking process was documented in China during the Eastern Han period (25–220 CE), traditionally attributed to the court official Cai Lun. During the 8th century, Chinese papermaking spread to the Islamic world, where pulp mills and paper mills were used for papermaking and money making. By the 11th century, papermaking was brought to Europe. By the 13th century, papermaking was refined with paper mills utilizing waterwheels in Spain. Later European improvements to the papermaking process came in the 19th century with the invention of wood-based papers.",te,True,189,China,చైనా,False,True
ఆంధ్రప్రదేశ్ రాష్ట్రంలో ఎన్ని జిల్లాలు సముద్రానికి ఆనుకొని ఉన్నాయి?,"There are 9 districts that has coastline and all of them fall under Coastal Andhra region of Andhra Pradesh. They are Srikakulam, Vizianagaram, Vishakhapatnam, East Godavari, West Godavari, Krishna, Guntur, Prakasam and Nellore. Each district has famous beaches to promote tourism in the state such as Bheemili Beach, Rushikonda Beach, Ramakrishna Mission Beach, Yarada Beach, Vodarevu Beach, Suryalanka Beach, Narsapur etc., with Visakhapatnam district having many beaches.",te,True,10,9,9,False,True
శ్రీ రాముడి తండ్రి పేరేమిటి?,"Rama was born to Kaushalya and Dasharatha in Ayodhya, the ruler of the Kingdom of Kosala. His siblings included Lakshmana, Bharata, and Shatrughna. He married Sita. Though born in a royal family, their life is described in the Hindu texts as one challenged by unexpected changes such as an exile into impoverished and difficult circumstances, ethical questions and moral dilemmas. Of all their travails, the most notable is the kidnapping of Sita by demon-king Ravana, followed by the determined and epic efforts of Rama and Lakshmana to gain her freedom and destroy the evil Ravana against great odds. The entire life story of Rama, Sita and their companions allegorically discusses duties, rights and social responsibilities of an individual. It illustrates dharma and dharmic living through model characters.",te,True,31,Dasharatha,దశారథా,False,True
భారతదేశంలో ఎన్ని జాతీయ పార్టీలు ఉన్నాయి?,"This listing is according to the Indian general election, 2014 and Legislative Assembly elections and any party aspiring to state or national party status must fulfil at least one of the concerned criteria. In addition, national and state parties have to fulfill these conditions for all subsequent Lok Sabha or State elections, or else they lose their status. As per latest publication from Election Commission of India, the total number of parties registered was 1841, with 7 national parties, 51 state parties and 1785 unrecognised parties.",te,True,476,7,7,False,True
భారతదేశంలో అతిపెద్ద చర్చి ఎక్కడ ఉంది?,"There are over 19.9 million Catholics in India, which represents around 1.55% of the total population and the Catholic church is the largest Christian church within India. There are 174 dioceses in India organised into 30 provinces. Of these, 132 are Latin Catholic Church, 31 Syro-Malabar Catholic Church and 11 Syro-Malankara Catholic Church dioceses. Despite the small percentage, India has the second largest Catholic population in Asia after the Philippines, due to India's huge population.",te,True,110,Catholic,కాథలిక్కులు,False,True
భారతదేశంలో ఉన్న జాతీయ పార్టీలు ఎన్ని ?,"This listing is according to the Indian general election, 2014 and Legislative Assembly elections and any party aspiring to state or national party status must fulfil at least one of the concerned criteria. In addition, national and state parties have to fulfill these conditions for all subsequent Lok Sabha or State elections, or else they lose their status. As per latest publication from Election Commission of India, the total number of parties registered was 1841, with 7 national parties, 51 state parties and 1785 unrecognised parties.",te,True,476,7,7,False,True
బ్రేజింగ్ ప్రక్రియని ఎవరు కనుగొన్నారు?,"According to scholars and historians, braces date back to ancient times. Around 400-300 BC, Hippocrates and Aristotle contemplated ways to straighten teeth and fix various dental conditions. Archaeologists have discovered numerous mummified ancient individuals with what appear to be metal bands wrapped around their teeth. Catgut, a type of cord made from the natural fibers of an animal's intestines, performed a similar role to today’s orthodontic wire in closing gaps in the teeth and mouth.",te,True,92,Hippocrates and Aristotle,హిప్పోక్రేట్ మరియు అరిస్టాటిల్,False,True
2018 వరకు మొత్తం ఎన్ని భారత రైల్వే జోన్లు ఉన్నాయి?,"Indian Railways divides its operations into zones, which are further sub-divided into divisions, each having a divisional headquarters. There are a total of 17 zones.",te,True,157,17,17 వ వచనము,False,True
"అక్కినేని నాగార్జున, కార్తీ, తమన్నా కలిసి నటించిన సినిమా పేరు ఏమిటి?","Oopiri () is a 2016 Indian comedy-drama film directed by Vamsi Paidipally. A remake of Olivier Nakache & Éric Toledano French comedy-drama ""The Intouchables"" (2011), the film was produced by Prasad V. Potluri and Kavin Anne of PVP Cinema in Telugu and Tamil, the latter as Thozha (). It features Akkineni Nagarjuna, Karthi, and Tamannaah in the lead roles; Prakash Raj, Ali, Vivek, and Jayasudha play supporting roles.",te,True,0,Oopiri,ఓపిరి,False,True
క్రిమినల్ చిత్ర కథానాయకుడు ఎవరు?,"Criminal is a 1995 Indian Telugu-Hindi bilingual action thriller film, produced by K. S. Rama Rao under the Creative Commercials banner in Telugu, and by Mukesh Bhatt under the Vishesh Films banner in Hindi, directed by Mahesh Bhatt. It stars Akkineni Nagarjuna, Ramya Krishna and Manisha Koirala in lead roles, with music composed by M. M. Keeravani, or MM Kreem. both versions were simultaneously shot in Telugu and Hindi and most of the scenes and artists are the same in both versions. The film was inspired by an English film, ""The Fugitive"" (1993). This is the last film of the famous Bollywood actor Ajith. This film was recorded as a ""Hit"" at the box office in Telugu, and ""Above Average"" in Hindi.",te,True,243,Akkineni Nagarjuna,అక్కినేని నాగార్జునా,False,True
జల్ చిత్ర దర్శకుడు ఎవరు?,"Jal (English: ""Water"") is a 2013 Hindi film which is set in the Rann of Kutch, India about an overconfident water diviner named Bakka, who tries to solve the drought problems in his village, but faces unforeseen circumstances when he tries to help a female bird watcher save flamingos. The film is directed by Girish Malik and is his debut film as a director.",te,True,310,Girish Malik,గిరిష్ మాలిక్,False,True
CBS సంక్షిప్త నామం ఏంటి?,"CBS (an initialism of the network's former name, the Columbia Broadcasting System) is an American English language commercial broadcast television and radio network that is a flagship property of CBS Corporation. The company is headquartered at the CBS Building in New York City with major production facilities and operations in New York City (at the CBS Broadcast Center) and Los Angeles (at CBS Television City and the CBS Studio Center).",te,True,53,Columbia Broadcasting System,కొలంబియా ప్రసార వ్యవస్థ,False,True
2017 నాటికి ఆంధ్రప్రదేశ్ లో అతిపెద్ద పరిశ్రమ ఎక్కడ ఉంది?,"The state is made up of the two major regions of Rayalaseema, in the inland southwestern part of the state, and Coastal Andhra to the east and northeast, bordering the Bay of Bengal. The state comprises thirteen districts in total, nine of which are located in Coastal Andhra and four in Rayalaseema. The largest city and commercial hub of the state are Visakhapatnam, located on the Bay of Bengal, with a GDP of US$43.5 billion; the second largest city in the state is Vijayawada, located on the banks of the Krishna River, which has a GDP of US$3 billion (). The economy of Andhra Pradesh is the seventh-largest state economy in India with in gross domestic product and a per capita GDP of .",te,True,354,Visakhapatnam,విశాఖపట్నం,False,True
ఇంటర్నెట్ అడ్రెసింగ్ వ్యవస్థను ఎవరు కనుగొన్నారు?,"The Internet protocol suite (TCP/IP) was developed by Robert E. Kahn and Vint Cerf in the 1970s and became the standard networking protocol on the ARPANET, incorporating concepts from the French CYCLADES project directed by Louis Pouzin. In the early 1980s the NSF funded the establishment for national supercomputing centers at several universities, and provided interconnectivity in 1986 with the NSFNET project, which also created network access to the supercomputer sites in the United States from research and education organizations. Commercial Internet service providers (ISPs) began to emerge in the very late 1980s. The ARPANET was decommissioned in 1990. Limited private connections to parts of the Internet by officially commercial entities emerged in several American cities by late 1989 and 1990, and the NSFNET was decommissioned in 1995, removing the last restrictions on the use of the Internet to carry commercial traffic.",te,True,54,Robert E. Kahn and Vint Cerf,రాబర్ట్ ఎ. కాన్ మరియు వింట్ సెర్ఫ్,False,True
ఆంధ్ర ప్రదేశ్ రాష్ట్రంలో విస్తీర్ణం పరంగా గల అతిపెద్ద జిల్లా ఏది ?,"Anantapur district (officially:Anantapuramu district) is a district in the Rayalaseema region of Andhra Pradesh, India. The district headquarters is located at Anantapur city. Census, the district had a population of 4,083,315, of which 28.09% is urban and a literacy rate of 64.28%. It is the largest district in terms of area in Andhra Pradesh and 7th largest district in India respectively.",te,True,0,Anantapur,అనంతపురం,False,True
ఆంధ్రప్రదేశ్ రాష్ట్రంలో ఎన్ని ఎకరాల అటవీ ప్రాంతం ఉంది?,"The Andhra Pradesh Forest Department deals with protection, conservation and management of forests. The total forest cover of the state after the bifurcation is left with an area of 22,862 km2. The forest in the state can be broadly divided into four major biotic provinces. They are:",te,True,182,"22,862 km2","22,862 km2",False,True
భారతదేశంలో ఎన్ని జిల్లాలు కలవు ?,"A district (""zilā"") is an administrative division of an Indian state or territory. In some cases districts are further subdivided into sub-divisions, and in others directly into ""tehsils"" or ""talukas"". there are a total of 723 districts, up from the 640 in the 2011 Census of India and the 593 recorded in the 2001 Census of India.",te,True,223,723,723,False,True
సియాచెన్ హిమానీనదం ప్రాంతం 2019 నాటికి ఏ దేశంలో ఉంది?,"The Siachen Glacier is a glacier located in the eastern Karakoram range in the Himalayas at about , just northeast of the point NJ9842 where the Line of Control between India and Pakistan ends. At long, it is the longest glacier in the Karakoram and second-longest in the world's non-polar areas. It falls from an altitude of 5,753 m (18,875 ft) above sea level at its head at Indira Col on the China border down to 3,620 m (11,875 ft) at its terminus. The entire Siachen Glacier, with all major passes, is currently under the administration of India since 1984. Pakistan controls the region west of Saltoro Ridge, far away from the glacier, with Pakistani posts located 3,000 ft below more than 100 Indian posts on Saltoro Ridge.",te,True,161,between India and Pakistan ends,భారతదేశం మరియు పాకిస్తాన్ మధ్య ముగింపులు,False,True
సంగం మండలంలో నిర్మించిన మొదటి మొబైల్ టవర్ ఎక్కడ ఉంది ?,"Madurai comes under the Madurai telecom district of the Bharat Sanchar Nigam Limited (BSNL), India's state-owned telecom and internet services provider. Both Global System for Mobile Communications (GSM) and Code division multiple access (CDMA) mobile services are available. Apart from telecom, BSNL also provides broadband internet service and Caller Line Identification (CLI) based internet service Netone.",te,True,24,Madurai telecom,మదురై టెలికాం,False,True
మధ్యప్రదేశ్‌ రాష్ట్ర మొదటి ముఖ్యమంత్రి ఎవరు?,"Madhya Pradesh has a 230-seat state legislative assembly. The state also sends 40 members to the Parliament of India: 29 are elected to the Lok Sabha (Lower House) and 11 to the Rajya Sabha (Upper House). The constitutional head of the state is the Governor, appointed by the President of India. The executionary powers lie with the Chief Minister, who is the elected leader of the state legislature. , the current governor is Anandiben Patel, and the chief minister is Kamal Nath of the Indian National Congress (INC).",te,True,470,Kamal Nath,కమల్ నాథ్,False,True
ప్రపంచంలో అతిపెద్ద  అగ్ని పర్వతం ఎక్కడ ఉంది?,"The Tamu Massif was formed about 145 million years ago during the Late Jurassic to Early Cretaceous period over a relatively short period of time (a few million years) and then became extinct. If confirmed, the suggestion that it could be a single volcano would make the Tamu Massif the largest known volcano on Earth, dwarfing the current record-holder, Mauna Loa on the Hawaiian Islands. Tamu's rounded dome extends over an area of , totaling more than , many times larger than Mauna Loa, which has an area of , and about half the area of the Martian volcano Olympus Mons. The entire mass of Tamu consists of basalt. Its slopes are very gradual, ranging from less than half a degree to one degree near its summit. While the Shatsky Rise oceanic plateau is comparable in size to California or Japan, Tamu Massif, which is the plateau's oldest and largest edifice, is comparable in size to New Mexico or Britain and Ireland together.",te,True,4,Tamu Massif,టాము మాసిఫ్,False,True
విజయనగరం సామ్రాజ్యాన్ని మొదట ఏ వంశీయులు పాలించారు?,"The Vijayanagara Empire (also called Karnata Empire, and the Kingdom of Bisnegar by the Portuguese) was based in the Deccan Plateau region in South India. It was established in 1336 by Harihara I and his brother Bukka Raya I of Sangama Dynasty. The empire rose to prominence as a culmination of attempts by the southern powers to ward off Islamic invasions by the end of the 13th century. It lasted until 1646, although its power declined after a major military defeat in the Battle of Talikota in 1565 by the combined armies of the Deccan sultanates. The empire is named after its capital city of Vijayanagara, whose ruins surround present day Hampi, now a World Heritage Site in Karnataka, India. The writings of medieval European travelers such as Domingo Paes, Fernão Nunes, and Niccolò Da Conti, and the literature in local languages provide crucial information about its history. Archaeological excavations at Vijayanagara have revealed the empire's power and wealth.",te,True,228,Sangama,సాంగ్మా,False,True
టాటా మోటర్స్ ని ఎప్పుడు స్థాపించారు?,"Founded in 1945 as a manufacturer of locomotives, the company manufactured its first commercial vehicle in 1954 in a collaboration with Daimler-Benz AG, which ended in 1969. Tata Motors entered the passenger vehicle market in 1988 with the launch of the TataMobile followed by the Tata Sierra in 1991, becoming the first Indian manufacturer to achieve the capability of developing a competitive indigenous automobile. In 1998, Tata launched the first fully indigenous Indian passenger car, the Indica, and in 2008 launched the Tata Nano, the world's cheapest car. Tata Motors acquired the South Korean truck manufacturer Daewoo Commercial Vehicles Company in 2004 and purchased Jaguar Land Rover from Ford in 2008.",te,True,11,1945,1945,False,True
2018లో భారతదేశంలో రక్షణ శాఖ మంత్రి పదవి ఎవరికి దక్కింది?,The Defence Secretary is the administrative head of the Ministry of Defence. This post is held by a senior Indian Administrative Service of the rank of secretary to the Government of India. The current Defence Secretary is Sanjay Mitra.,te,True,223,Sanjay Mitra,సంజయ్ మిత్ర,False,True
శ్రీకృష్ణుడు ఎంతమంది రాణులను వివాహం చేసుకున్నాడు?,"Rukmini, the princess of Vidarbha was Krishna's first wife and chief queen (""Patrani"") of Dwarka. She is considered as an avatar of Lakshmi, the goddess of wealth and Vishnu's chief consort. Satyabhama, the second wife, is considered the aspect of the earth-goddess Bhudevi and Vishnu's second wife. Though Rukmini and Satyabhama enjoy worship as the consorts of the married king Krishna, the others do not enjoy this honour. A young cowherd Krishna is worshipped with his lover Radha. Kalindi, the goddess of river Yamuna, is worshipped independently. Besides the Ashtabharya, Krishna had 16,000 or 16,100 junior wives.",te,True,590,"16,000","16,000",False,True
2018లో డల్లాస్ నగర జనాభా ఎంత?,"Dallas () is a city in the U.S. state of Texas. With an estimated 2017 population of 1,341,075, it is the ninth most-populous city in the U.S. and third in Texas after Houston and San Antonio. Dallas is the main core of the largest metropolitan area in the Southern United States and the largest inland metropolitan area in the U.S. that lacks any navigable link to the sea. It is the most populous city in the Dallas–Fort Worth metroplex, the fourth-largest metropolitan area in the country at 7.3 million people as of 2017. Dallas is the seat of Dallas County. Sections of the city extend into Collin, Denton, Kaufman, and Rockwall counties.",te,True,85,"1,341,075","1,341,075",False,True
హైదరాబాద్ లో ఐ టీ హబ్ ను ఏ నాయకుడు మొదలుపెట్టాడు?,"The Indian economy underwent major economic reforms in 1991, leading to a new era of globalization and international economic integration, and annual economic growth of over 6% from 1993–2002. The new administration under Sri Atal Bihari Vajpayee (Posthumus) (who was Prime Minister from 1998–2004) placed the development of Information Technology among its top five priorities and formed the Indian National Task Force on Information Technology and Software Development.",te,True,222,Sri Atal Bihari Vajpayee,శ్రీ అటల్ బిహారీ వాజ్ పేయి,False,True
ప్రకాశం జిల్లాలో మొదటి ఇంజినీరింగ్ కళాశాల ఏది?,"QIS College of Engineering and Technology is located in Vengamukkapalem, Ongole, Andhra Pradesh. It was established in 1998 by Sri Nidamanuri Educational Society. The college is affiliated to Jawaharlal Nehru Technological University, Kakinada.
""This Is The First Autonomous College In Prakasam District Of State Andhra Pradesh"".",te,True,0,QIS College of Engineering and Technology,QIS ఇంజనీరింగ్ అండ్ టెక్నాలజీ కాలేజ్,False,True
2015 నాటికి ఆంధ్ర ప్రదేశ్ రాష్ట్రములో ఎన్ని విశ్వవిద్యాలయాలు ఉన్నాయి?,"In Andhra Pradesh there are eighteen state universities, five deemed universities, and one autonomous university.
",te,True,28,"eighteen state universities, five deemed universities, and one autonomous university","పద్దెనిమిది రాష్ట్ర విశ్వవిద్యాలయాలు, ఐదు గుర్తింపు పొందిన విశ్వవిద్యాలయాలు మరియు ఒక స్వతంత్ర విశ్వవిద్యాలయం",False,True
లకుముకి పిట్ట శాస్త్రీయ నామం ఏమిటి?,"Kingfishers or Alcedinidae are a family of small to medium-sized, brightly colored birds in the order Coraciiformes. They have a cosmopolitan distribution, with most species found in the tropical regions of Africa, Asia, and Oceania. The family contains 114 species and is divided into three subfamilies and 19 genera. All kingfishers have large heads, long, sharp, pointed bills, short legs, and stubby tails. Most species have bright plumage with only small differences between the sexes. Most species are tropical in distribution, and a slight majority are found only in forests. They consume a wide range of prey usually caught by swooping down from a perch. While kingfishers are usually thought to live near rivers and eat fish, many species live away from water and eat small invertebrates. Like other members of their order, they nest in cavities, usually tunnels dug into the natural or artificial banks in the ground. Some kingfishers nest in arboreal termite nests. A few species, principally insular forms, are threatened with extinction. In Britain, the word ""kingfisher"" normally refers to the common kingfisher.",te,True,15,Alcedinidae,ఆల్సెడినిడ్లు,False,True
అరుణాచల్ ప్రదేశ్ అధికారిక భాష ఏది ?,"In addition to these non-Indo-European languages, the Indo-European languages Assamese, Bengali, English, Nepali and especially Hindi are making strong inroads into Arunachal Pradesh. Primarily as a result of the primary education system—in which classes are generally taught by Hindi-speaking immigrant teachers from Bihar and other Hindi-speaking parts of northern India, a large and growing section of the population now speaks a semi-creolized variety of Hindi as a mother tongue. Hindi acts as a lingua franca for most of the people in the state. Despite, or perhaps because of, the linguistic diversity of the region, English is the only official language recognised in the state.",te,True,624,English,ఇంగ్లీష్,False,True
2015 నాటికి ఆంధ్రప్రదేశ్ లో ఎన్ని విశ్వవిద్యాలయాలు ఉన్నాయి?,"In Andhra Pradesh there are eighteen state universities, five deemed universities, and one autonomous university.
",te,True,28,"eighteen state universities, five deemed universities, and one autonomous university","పద్దెనిమిది రాష్ట్ర విశ్వవిద్యాలయాలు, ఐదు గుర్తింపు పొందిన విశ్వవిద్యాలయాలు మరియు ఒక స్వతంత్ర విశ్వవిద్యాలయం",False,True
ఆజాద్‌ చిత్రంలో కథానాయికగా ఎవరు నటించారు?,"Azad () is a 2000 Telugu Patriotic film, produced by C. Ashwini Dutt under Vyjayanthi Movies and directed by Thirupathisamy. It stars Nagarjuna Akkineni, Soundarya and Shilpa Shetty in the lead roles, with music composed by Mani Sharma, with adapted screenplay by Yandamuri Veerendranath. The film was recorded as a ""Hit"" at the box office. The film had completed 100 days run in 4 centres. The film was dubbed into Hindi as ""Mission Azaad"" and into Tamil as ""Gurushethram"". Also, the film was remade in Tamil as ""Velayudham"", starring Vijay and was released in 2011.",te,True,154,Soundarya and Shilpa Shetty,"సౌందర్య, శిల్పా షెట్టి",False,True
2011 జనగణన ప్రకారం ఉత్తరాఖండ్ రాష్ట్ర జనాభా ఎంత?,"The natives of the state are generally called Uttarakhandi, or more specifically either Garhwali or Kumaoni by their region of origin. According to the 2011 Census of India, Uttarakhand has a population of 10,086,292, making it the 20th most populous state in India.",te,True,206,"10,086,292","10,086,292",False,True
కేరళ ప్రజలు అధికంగా వాడే నూనె ఏది?,"In Kerala, the coconut tree is called as ""Kalpa Vriksham"" which essentially means all parts of a Coconut tree is useful some way or other. ""Cocus nucifera"" dominate the landscape in many parts, rising up to a height of 25m, and bearing over 50 fruits on average in a year. The trees have many uses; their leaves are used to make sheds, baskets, and doormats, the husk for making coir, the shell for making ladles and spoons, and fruits used for making hair oil or for eating. Coconut is a staple ingredient in many Kerala dishes and coconut oil is widely consumed and used to make drinks such as coconut toddy and dishes such as ""appam"".Coconut is also used for making coconut paste which is essential for making traditional curryes.",te,True,533,coconut,ఉల్లిపాయ,False,True
2018లో తెలంగాణ రాష్ట్రంలో ఎన్ని విమానాశ్రయాలు ఉన్నాయి?,"Rajiv Gandhi International Airport at Shamshabad is an international airport serving the city of Hyderabad It is the largest airport in the state and one of the busiest airports in the country. The government has plans to upgrade Warangal Airport, Nizamabad Airport and Ramagundam Airport It also plans to construct airports in Karimnagar and Kothagudem.
Warangal has a domestic airport in Mamunooru which was established in the year 1930 during Nizam period. All the exports and imports of Azam Jahi Mills, Warangal were done through the Warangal Airport.",te,True,0,Rajiv Gandhi International Airport,రాజీవ్ గాంధీ అంతర్జాతీయ విమానాశ్రయం,False,True
అమేడియో క్లెమెంటే మొడిగ్లియాని ఎక్కడ మరణించాడు?,"Amedeo Clemente Modigliani (; 12 July 1884 – 24 January 1920) was an Italian Jewish painter and sculptor who worked mainly in France. He is known for portraits and nudes in a modern style characterized by elongation of faces, necks, and figures that were not received well during his lifetime but later found acceptance. Modigliani spent his youth in Italy, where he studied the art of antiquity and the Renaissance. In 1906 he moved to Paris, where he came into contact with such artists as Pablo Picasso and Constantin Brâncuși. By 1912 Modigliani was exhibiting highly stylized sculptures with Cubists of the Section d'Or group at the Salon d'Automne.
Modigliani's œuvre includes paintings and drawings. From 1909 to 1914 he devoted himself mainly to sculpture. His main subject was portraits and full figures, both in the images and in the sculptures. Modigliani had little success while alive, but after his death achieved great popularity. He died at age 35 in Paris of tubercular meningitis.",te,True,967,Paris,పారిస్,False,True
భారత్ ప్రభుత్వం మొదటిగా ప్రవేశపెట్టిన చట్టం ఏది?,"The Government of India Act 1858 was an Act of the Parliament of the United Kingdom (21 & 22 Vict. c. 106) passed on August 2, 1858. Its provisions called for the liquidation of the British East India Company (who had up to this point been ruling British India under the auspices of Parliament) and the transference of its functions to the British Crown. Lord Palmerston, then-Prime Minister of the United Kingdom, introduced a bill for the transfer of control of the Government of India from the East India Company to the Crown, referring to the grave defects in the existing system of the government of India. However, before this bill was to be passed, Palmerston was forced to resign on another issue.
Later Edward Henry Stanley, 15th Earl of Derby (who would later become the first Secretary of State for India) introduced another bill which was originally titled as ""An Act for the Better Government of India"" and it was passed on 2 August 1858. This act provided that India was to be governed directly and in the name of the Crown.",te,True,4,Government of India Act 1858,భారత ప్రభుత్వ చట్టం 1858,False,True
చిత్తూరు జిల్లాలో ఐఐటి ని ఎక్కడ నిర్మించారు?,"Indian Institute of Information Technology – Sri City, Chittoor District, Andhra Pradesh is situated in Sri City which is a planned integrated business city located 55 km North of Chennai on NH 5 along the border of Andhra Pradesh (AP) and Tamil Nadu (TN) States of India. Much of Sri City area is in Chittoor District. The Satish Dhawan Space Centre (SHAR), India’s Satellite/Rocket launching centre is located at Sriharikota, on the eastern side of Pulicat Lake which separates Sri City and the Satellite launching station.
",te,True,45,Sri City,శ్రీ నగరం,False,True
సంస్కృత భాష ఎప్పుడు వాడుకలోకి వచ్చింది?,"Sanskrit (; , ) is a language of ancient India with a history going back about 3,500 years. It is the primary liturgical language of Hinduism and the predominant language of most works of Hindu philosophy as well as some of the principal texts of Buddhism and Jainism. Sanskrit, in its variants and numerous dialects, was the ""lingua franca"" of ancient and medieval India. In the early 1st millennium CE, along with Buddhism and Hinduism, Sanskrit migrated to Southeast Asia, parts of East Asia and Central Asia, emerging as a language of high culture and of local ruling elites in these regions.",te,True,79,"3,500 years","3,500 సంవత్సరాలు",False,True
దోమకి ఎన్ని కాళ్ళు ఉంటాయి?,"Mosquitoes (alternate spelling ""mosquitos"") are a group of about 3500 species of small insects that are a type of fly (order Diptera). Within that order they constitute the family Culicidae (from the Latin ""culex"" meaning ""gnat""). The word ""mosquito"" (formed by ""mosca"" and diminutive ""-ito"") is Spanish for ""little fly"". Mosquitoes have a slender segmented body, a pair of wings, three pairs of long hair-like legs, feathery antennae, and elongated mouthparts.",te,True,381,three pairs,మూడు జతల,False,True
2018 వరకు ఆంధ్ర ప్రదేశ్ రాష్ట్రంలో ఎన్ని ఓడరేవులు ఉన్నాయి?,Visakhapatnam Port is one of 13 major ports in India and the only major port of Andhra Pradesh. It is India's second largest port by volume of cargo handled. It is located on the east coast of India and is located midway between the Chennai and Kolkata Ports. Cruise Shipping is operational between Visakhapatnam and Andaman and Nicobar islands.,te,True,0,Visakhapatnam Port,విశాఖపట్నం నౌకాశ్రయం,False,True
ఆంధ్ర ప్రదేశ్ రాష్ట్రములోని నియోజకవర్గాల సంఖ్య ఎంత ?,"There are a total of 175 Assembly Constituencies, across 13 districts, in the state of Andhra Pradesh.",te,True,21,175,175,False,True
కృత్రిమ గుండెను ఎప్పుడు కనుగొన్నారు?,The first artificial heart was made by the Soviet scientist Vladimir Demikhov in 1937. It was transplanted to a dog.,te,True,81,1937,1937,False,True
పంది ని ఆంగ్లములో ఏమంటారు?,"A pig is any of the animals in the genus Sus, within the even-toed ungulate family Suidae. Pigs include the domestic pig and its ancestor, the common Eurasian wild boar (""Sus scrofa""), along with other species. Related creatures outside the genus include the peccary, the babirusa, and the warthog. Pigs, like all suids, are native to the Eurasian and African continents. Juvenile pigs are known as piglets. Pigs are highly social and intelligent animals.",te,True,2,pig,పంది,False,True
వాడు వీడు చిత్ర సంగీత దర్శకుడు ఎవరు?,"Music composed by Satyam. Music released by Audio Company. 
",te,True,18,Satyam,సత్యమ్,False,True
నాసా అంతరిక్ష పరిశోధన సంస్థ  ఎప్పుడు స్థాపించారు?,"NASA was established in 1958, succeeding the National Advisory Committee for Aeronautics (NACA). The new agency was to have a distinctly civilian orientation, encouraging peaceful applications in space science. Since its establishment, most US space exploration efforts have been led by NASA, including the Apollo Moon landing missions, the Skylab space station, and later the Space Shuttle. NASA is supporting the International Space Station and is overseeing the development of the Orion Multi-Purpose Crew Vehicle, the Space Launch System and Commercial Crew vehicles. The agency is also responsible for the Launch Services Program which provides oversight of launch operations and countdown management for unmanned NASA launches.",te,True,24,1958,1958 వ సంవత్సరం,False,True
భూటాన్ దేశ విస్తీర్ణం ఎంత?,"Bhutan is a very compact nation, but with just a small bit more length than width. The nation's territory totals an approximate 46,500 square kilometres. Because of its inland, landlocked status, it controls no territorial waters. Bhutan's territory used to extend south into present-day Assam, including the protectorate of Cooch Behar, but, starting from 1772, the British East India Company began to push back the borders through a number of wars and treaties, severely reducing Bhutan's size until the Treaty of Sinchula of 1865, when some border land was ceded back. Later, many of these territories were permanently lost to British India under the Treaty of Punakha.",te,True,128,"46,500 square kilometres","46,500 చదరపు కిలోమీటర్లు",False,True
అర్మేనియన్ స్టేట్ యూనివర్శిటీ ఆఫ్ ఎకనామిక్స్ విశ్వవిద్యాలయాన్ని ఎప్పుడు స్థాపించారు?,"The Armenian State University of Economics (ASUE) () is a state-owned university of economics in Yerevan, the capital Armenia, founded in 1975.",te,True,138,1975,1975,False,True
దేవరకొండ విజయ్ తెలుగు నటుడు నటించిన మొదటి చిత్రం ఏది?,"Vijay Deverakonda is an Indian film actor known for his works in Telugu cinema. Vijay made his film debut in 2011 with Ravi Babu's romantic comedy ""Nuvvila"" (2011), but he gained recognition with his supporting role in the coming-of-age drama ""Yevade Subramanyam"" (2015). ",te,True,148,Nuvvila,నవ్విలా,False,True
తెలుగులో మహేష్ బాబు నటించిన రెండవ చిత్ర దర్శకుడు ఎవరు?,"At the age of four, Mahesh visited the sets of the Telugu film ""Needa"" (1979) where its director Dasari Narayana Rao shot a few sequences of his as a part of the narrative in the presence of the former's brother Ramesh. ""Needa"" marked his debut as a child actor. During the shoot of ""Poratam"" (1983) at Vauhini Studios, after watching Mahesh on the sets director Kodi Ramakrishna suggested to Krishna that he cast Mahesh in the role of the protagonist's brother. Initially terrified, Mahesh agreed to act in the film after being persuaded by the film's crew. He went on to act as a child artist in the films ""Shankharavam"" (1987), ""Bazaar Rowdy"" (1988), ""Mugguru Kodukulu"" (1988) and ""Gudachari 117"" (1989). He played a dual role in the film ""Koduku Diddina Kapuram"" (1989). Mahesh then appeared in ""Bala Chandrudu"" (1990), and ""Anna Thammudu"" (1990). Later, Mahesh continued his college studies.",te,True,363,Kodi Ramakrishna,కోడి రామకృష్ణ,False,True
2001లో తెలంగాణ రాష్ట్రంలో అత్యధిక జనాభా కలిగిన జిల్లా ఏది?,"Warangal () is a city in the Indian state of Telangana. It is the district headquarters of Warangal Urban District. Warangal is the second largest city in Telangana after Hyderabad, spreading across with a population of . Warangal City Development Plan is proposed to cover an area of 471.746 sq.km with population of about 819,406 (Census 2011) ",te,True,0,Warangal,వరాంగాల్,False,True
ఎక్కువగా బీరు ని ఉత్పత్తి చేసే దేశం ఏది ?,"Mexico displaced Holland in 2003 as the worldwide exporter in beer sales, selling 1.39 million tonnes, with sales, primarily to the U.S., continuing to increase. Grupo Modelo and FEMSA send more than 80% of their exports to the United States. Mexico's growth is coming largely at the expense of U.S. brands. The two main Mexican producers reported increases in export volume of 42% and 20.5% in 2006, compared to less than five percent for Anheuser-Busch and Molson Coors in the same year. Mexican beer has done so well in the United States that Miller SAB tried selling citrus and salt-flavored Miller Chill and Anheuser Busch attempted Bud Light Lime. The best-known and best-selling Mexican beer in the United States by far is Corona, produced by Grupo Modelo and distributed by Anheuser Busch. FEMSA entered the US market later, but has paired with Dutch enterprise Heineken USA to promote and distribute its brands, especially Dos Equis and Tecate. Some Mexican beers, such as Modelo Especial and Negra Modelo, are available in limited quantities on tap in cities such as New York, Houston, and Phoenix.",te,True,0,Mexico,మెక్సికో,False,True
రాబర్ట్ డి నీరో 2000 వరకు ఎన్ని చిత్రాలకు దర్శకత్వం వహించాడు?,"Robert De Niro's filmography includes the year the film was or will be released, the name of his character, and other related notes. There is also a list of films he has produced and his appearances in theater plays, TV series and documentaries. He is sometimes credited as Robert and Robert De Nero. De Niro has appeared in over 100 films throughout his career.",te,True,325,over 100,100 కంటే ఎక్కువ,False,True
వెన్న ను ఆంగ్లంలో ఏమని పిలుస్తారు?,"The word ""butter"" derives (via Germanic languages) from the Latin ""butyrum"", which is the latinisation of the Greek βούτυρον (""bouturon""). This may be a compound of βοῦς (""bous""), ""ox, cow"" + τυρός (""turos""), ""cheese"", that is ""cow-cheese"". The word ""turos"" (""cheese"") is attested in Mycenaean Greek. The unlatinized form is found in the name butyric acid, a compound found in rancid butter and dairy products such as Parmesan cheese.",te,True,10,butter,పిండి,False,True
బెలారస్ దేశ అధికారిక భాష ఏంటి?,"Belarusian (; ) is an official language of Belarus, along with Russian, and is also spoken in Russia (where it is known as ""Western Russian""), Poland and Ukraine.
Before Belarus gained independence from the Soviet Union in 1991, the language was only known in English as ""Byelorussian"" or ""Belorussian"", transliterating the Russian name, ""Belorusskiy yazyk"", or alternatively as ""White Ruthenian"" () or ""White Russian"". Following independence, it has acquired the additional name ""Belarusian"".",te,True,0,Belarusian,బెలారస్ భాష,False,True
బాదామి పట్టణ విస్తీర్ణం ఎంత?,Badami is located at . It has an average elevation of 586 metres (1922 ft). It is located at the mouth of a ravine between two rocky hills and surrounds Agastya tirtha water reservoir on the three other sides. The total area of the town is 10.3 square kilometers.,te,True,240,10.3 square kilometers,10.3 చదరపు కిలోమీటర్లు,False,True
శ్రీ మహావిష్ణువు వాహనం ఏంటి?,"""For the national airline of Indonesia, see Garuda Indonesia, for the giant wasp, see ""Megalara garuda""
The Garuda is a legendary bird or bird-like creature in Hindu, Buddhist and Jain mythology. He is variously the vehicle mount (""vahana"") of the Hindu god Vishnu, a dharma-protector and Astasena in Buddhism, and the Yaksha of the Jain Tirthankara Shantinatha.",te,True,108,Garuda,గారుడా,False,True
దుకాణం ని ఆంగ్లంలో ఏమని అంటారు?,"A shopping cart (American English) or trolley (British English), also known by a variety of other names, is a cart supplied by a shop, especially supermarkets, for use by customers inside the shop for transport of merchandise to the checkout counter during shopping. In many cases customers can then also use the cart to transport their purchased goods to their vehicles, but some carts are designed to prevent them from leaving the shop.",te,True,129,shop,దుకాణం,False,True
రక్షణ చిత్ర కథానాయిక ఎవరు?,"Rakshana (translation: ""Protection"") is a 1993 Telugu action film based on a police backdrop, produced by Akkineni Venkat under the Annapurna Studios banner and directed by Uppalapati Narayana Rao. It stars Akkineni Nagarjuna and Shobhana playing lead roles, with music composed M. M. Keeravani. The film was recorded as average at the box office.",te,True,230,Shobhana,షోభనా,False,True
ఫుట్‌బాల్‌లో ఎంత  గాలి ఒత్తిడి ఉండాలి?,"Law 2 of the game specifies that the ball is an air-filled sphere with a circumference of , a weight of , inflated to a pressure of 0.6 to 1.1 atmospheres () ""at sea level"", and covered in leather or ""other suitable material"". The weight specified for a ball is the dry weight, as older balls often became significantly heavier in the course of a match played in wet weather. There are a number of different types of football balls depending on the match and turf including: training footballs, match footballs, professional match footballs, beach footballs, street footballs, indoor footballs, turf balls, futsal footballs and mini/skills footballs.",te,True,132,0.6 to 1.1 atmospheres,0.6 నుండి 1.1 వాతావరణాలు,False,True
2019లో భారతదేశంలో భారతీయ రైల్వే వ్యవస్థలో ఎన్ని రైల్వేజోన్ లు ఉన్నాయి?,"Indian Railways divides its operations into zones, which are further sub-divided into divisions, each having a divisional headquarters. There are a total of 17 zones.",te,True,157,17,17 వ వచనము,False,True
మహాత్మా గాంధీ అసలు పేరు ఏంటి?,"Mohandas Karamchand Gandhi (; ; 2 October 1869 – 30 January 1948) was an Indian activist who was the leader of the Indian independence movement against British rule. Employing nonviolent civil disobedience, Gandhi led India to independence and inspired movements for civil rights and freedom across the world. The honorific Mahātmā (Sanskrit: ""high-souled"", ""venerable"") – applied to him first in 1914 in South Africa – is now used worldwide. In India, he is also called Bapu (Gujarati: endearment for ""father"", ""papa"") and Gandhi ji, and known as the Father of the Nation.",te,True,0,Mohandas Karamchand Gandhi,మోహందస్ కరమచంద్ గాంధీ,False,True
భద్రాచలం లో ప్రసిద్ధిగాంచిన శ్రీ రాముడి దేవాలయం పేరు ఏమిటి?,"The Sri Sita Ramachandraswamy temple is a South Indian Hindu temple dedicated to Rama, the seventh incarnation of the god Vishnu. It is located on the shores of the Godavari River in the town of Bhadrachalam, a part of the Bhadradri Kothagudem district in Telangana state. Often simply referred to as Bhadrachalam or Bhadradri, the temple is considered one of the ""Divya Kshetrams"" of Godavari and is also revered as Dakshina Ayodhya. According to the legend, Vishnu appeared to Meru son Bhadra as Rama to answer the latter's prayers. However, Vishnu forgot that Rama was a mortal human and appeared as Vaikuntha Rama with four hands. Sita and Lakshmana form part of the temple's moolavar.",te,True,4,Sri Sita Ramachandraswamy temple,శ్రీ సితా రామచంద్రస్వామి ఆలయం,False,True
హిప్ హాప్ ఆది సంగీతం అందించిన మొదటి తెలుగు చిత్రం పేరేమిటి?,"Aadi is a Telugu antic action film released in 2002 with N. T. Rama Rao Jr. and Keerti Chawla in the lead roles. V. V. Vinayak directed this movie and it was his debut. This hit film gave Jr. NTR his stardom. It was remade in Tamil as ""Jai"", with Prashanth and in Bengali as ""Surya"".",te,True,0,Aadi,అదీ,False,True
జార్ఖండ్ రాష్ట్ర అధికారిక భాష ఏమిటి?,"Hindi is the official language in Jharkhand and is spoken by the majority of the population (61.95%), although different regions have their own dialects. These include Nagpuri spoken in the Central and western Jharkhand, Khortha spoken in the North-eastern Jharkhand, and Kurmali spoken in the South-eastern Jharkhand. Jharkhand has accorded second language status to Angika, Bengali, Bhojpuri, Ho, Kharia, Kurukh, Khortha, Kurmali, Magahi, Maithili, Mundari, Nagpuri, Odia, Santali and Urdu.",te,True,0,Hindi,హిందీ,False,True
మొదటిసారి ఒలింపిక్స్ క్రీడలలో ఎన్ని దేశాలు పాల్గొన్నాయి ?,"The concept of national teams was not a major part of the Olympic movement until the Intercalated Games 10 years later, though many sources list the nationality of competitors in 1896 and give medal counts. There are significant conflicts with regard to which nations competed. The International Olympic Committee gives a figure of 14, but does not list them. The following 14 are most likely the ones recognised by the IOC. Some sources list 12, excluding Chile and Bulgaria; others list 13, including those two but excluding Italy. Egypt is also sometimes included because of Dionysios Kasdaglis' participation. Belgium and Russia had entered the names of competitors, but withdrew.",te,True,332,14,పద్నాలుగు,False,True
గోదావరి నదిపై నిర్మించిన మొదటి ఆనకట్ట ఏది?,The Godavari River is one of the rivers whose water energy is least harnessed for generating hydro electricity. The 600 MW capacity Upper Indravati hydro power station is the biggest hydro power station which diverts Godavari River water to the Mahanadi River basin. The following is the list of hydro electric power stations excluding small and medium installations.,te,True,138,Indravati hydro power station,ఇంద్రవతి జల విద్యుత్ కేంద్రం,False,True
2017 నాటికి వెంకటగిరి మండలంలో ఎన్ని ప్రభుత్వ పాఠశాలలు ఉన్నాయి?,"The primary and secondary school education is imparted by government, aided and private schools, under the ""School Education Department"" of the state. As per the school information report for the academic year 2017–18, there are a total of 4,489 schools. They include, 21 government, 3,140 mandal and zilla parishads, 2 residential, 1077 private, 10 model, 10 Kasturba Gandhi Balika Vidyalaya (KGBV), 106 municipal and 123 other types of schools. The total number of students enrolled in primary, upper primary and high schools of the district are 3,95,092.",te,True,269,21,21,False,True
వైరస్ ని ఏ పరికరంతో చూస్తారు?,"A commercial version of the Virus Counter is now available from InDevR Inc. The instrument is representative of the next generation of “personal” flow cytometers designed exclusively for a niche application, in this case virus quantification. Similar to virus concentration determined by transmission electron microscopy, the Virus Counter provides a measurement of the total number of virus particles per mL. The Virus Counter has been successfully demonstrated to readily quantify a diverse range of viruses, including influenza, adenovirus, dengue, baculovirus, respiratory syncytial, parainfluenza, rubella, cytomegalovirus, and herpes simplex virus.
The ability to rapidly quantify viruses has high impact in:",te,True,28,Virus Counter,వైరస్ కౌంటర్,False,True
2019 నాటికి ఈజిప్టు దేశ ప్రధానమంత్రి ఎవరు?,"In June 2018, Ismail submitted his letter of resignation to Sisi. Soon afterwards, Sisi appointed Housing Minister Mostafa Madbouly as acting prime minister.",te,True,83,Sisi appointed Housing Minister Mostafa Madbouly as acting prime minister,నివాసం మంత్రిగా ముస్తఫా మద్బౌలీని సీసీ నియమించారు,False,True
శ్రీకాకుళం జిల్లా భారతదేశంలో ఎన్నో అతిపెద్ద రాష్ట్రం?,"The total population constitute, 70.4% of rural population with inhabitants and 29.6% of urban population with inhabitants. Children in the age group of 0–6 years are , constituting 10.6% of the total population, among them are boys and are girls. Visakhapatnam district has the largest urban population of 47.5% and Srikakulam district with 83.8%, has the largest rural population, among others districts in the state. The overall population of the state comprises 17.1% of Scheduled Caste and 5.3% of Scheduled Tribe population.",te,True,317,"Srikakulam district with 83.8%, has the largest rural population, among others districts in the state",రాష్ట్రంలో అత్యధికంగా గ్రామీణ జనాభా ఉన్న జిల్లా శ్రీకాకులం జిల్లా 83.8%,False,True
దక్షిణ ఆఫ్రికా లో ఎన్ని వన్యప్రాణి సంరక్షక కేంద్రాలు ఉన్నాయి?,"It also has its own sanctuaries – two big cat rescue centres at Shamwari Private Game Reserve, in South Africa, Ensessa Kotteh Wildlife Rescue, Conservation & Education Centre, in Ethiopia, and Bannerghatta tiger sanctuary, in India.",te,True,34,two,రెండు,False,True
2003 నాటికి కర్నాటక రాష్ట్ర ముఖ్యమంత్రి ఎవరు?,"Somanahalli Mallaiah Krishna (born 1 May 1932) is an Indian politician who served as Minister of External Affairs of India from 2009 to October 2012. A member of the Indian Parliament in the Rajya Sabha, Krishna was the 16th Chief Minister of Karnataka from 1999 to 2004 and the 19th Governor of Maharashtra from 2004 to 2008.",te,True,0,Somanahalli Mallaiah Krishna,సోమనాహల్లి మలయా కృష్ణ,False,True
యాత్ర తెలుగు చిత్రం ఎవరి జీవిత కథ ఆధారంగా తీసారు?,"Yatra (English: ""Journey"") is an upcoming () Indian Telugu-language biographical film about Y. S. Rajasekhara Reddy, who served as Chief Minister of Andhra Pradesh from 2004 to 2009. The film is written and directed by Mahi V. Raghav and stars Mammootty as YSR. Principal photography commenced on 20 June 2018 in Hyderabad.",te,True,92,Y. S. Rajasekhara Reddy,వై. ఎస్. రాజశేఖరా రెడ్డి,False,True
చట్టం చిత్ర కథానాయకుడు ఎవరు?,"Chattam (English: Law) is a 2011 action Telugu film produced by Natti Kumar & Tummalapalli Rama Satyanarayana on Vishaka Talkies banner and directed by P. A. Arun Prasad. Starring Jagapathi Babu, Vimala Raman in lead roles and music composed by M. M. Srilekha. The film recorded as ""flop"" at box office.",te,True,180,Jagapathi Babu,జగపతి బాబు,False,True
మార్టినా నవ్రతిలోవా ఆడిన చివరి గ్రాండ్‌స్లాం టోర్నమెంట్ ఏది?,"In women's doubles, Navratilova and Pam Shriver had one of the most successful partnerships in women's doubles and won 109 consecutive matches including all four major titles, the doubles Grand Slam, in 1984. The pair set an all-time record of 79 titles together and tied the record set by Louise Brough Clapp and Margaret Osborne duPont of 20 major women's doubles titles as a team. Navratilova also won the WTA Tour Championships doubles title a record 11 times. She is one of only five tennis players of all-time to win a multiple slam set in two disciplines, matched only by Margaret Court, Roy Emerson, Frank Sedgman and Serena Williams. Navratilova won her last major title in 2006, adding the mixed doubles crown at the 2006 US Open to her resume just a few weeks before her 50th birthday, 32 years after her first Grand Slam title in 1974.",te,True,727,2006 US Open,2006 US ఓపెన్,False,True
భారతదేశంలో 2000 రూపాయల నోటును ఎప్పుడు ప్రవేశపెట్టారు?,The Indian 2000-rupee banknote (₹2000) is a denomination of the Indian rupee. It was released by the Reserve Bank of India (RBI) on 8 November 2016 after the demonetisation of ₹500 and ₹1000 banknotes and has been in circulation since 10 November 2016. It is a part of the Mahatma Gandhi New Series of banknotes with a completely new design.,te,True,132,8 November 2016,"నవంబర్ 8, 2016",False,True
మైక్రోసాఫ్ట్‌ కార్పోరేషన్ సంస్థ చీఫ్ ఎగ్జిక్యూటివ్ ఆఫీసర్ ఎవరు?,"Satya Narayana Nadella (; born 19 August 1967) is an American business executive from India. He is the Chief Executive Officer (CEO) of Microsoft, succeeding Steve Ballmer in 2014. Before becoming CEO, he was Executive Vice President of Microsoft's cloud and enterprise group, responsible for building and running the company's computing platforms, developer tools and cloud computing services.",te,True,0,Satya Narayana Nadella,సత్య నారాయణ నాడేలా,False,True
మహర్షి చిత్ర ప్రతినాయకుడు ఎవరు?,"Maharshi is an upcoming 2019 Indian Telugu film written and directed by Vamsi Paidipally and produced by C. Ashwini Dutt, Dil Raju and Prasad V. Potluri, under the banners of Vyjayanthi Movies, Sri Venkateswara Creations and PVP Cinema. The film stars Mahesh Babu and Pooja Hegde in lead roles, with Allari Naresh acting in a prominent role. The music of the film is composed by Devi Sri Prasad.
It is yet to be released on April 2019.",te,True,252,Mahesh Babu,మహేష్ బాబు,False,True
2017లో రిపబ్లిక్ అఫ్ మలావి  వైస్ ప్రెసిడెంట్ ఎవరు?,"Saulos Klaus Chilima (born 12 February 1973, Ntcheu) is a Malawian economist and politician who has been Vice-President of Malawi since June 2014. Before joining politics, Chilima held key leadership positions in various multi-national companies including Unilever, Coca-Cola and Airtel Malawi, where he rose to become Chief Executive Officer.",te,True,0,Saulos Klaus Chilima,సౌలస్ క్లాస్ చిలిమా,False,True
వరి శాస్త్రీయ నామము ఏమిటి ?,"Oryza sativa, commonly known as Asian rice, is the plant species most commonly referred to in English as rice. ""Oryza sativa"" is a grass with a genome consisting of 430Mb across 12 chromosomes. It is renowned for being easy to genetically modify, and is a model organism for cereal biology.",te,True,0,Oryza sativa,ఒరిజా సాటివా,False,True
2011లో కృష్ణా జిల్లాలో అత్యధిక జనాభా కలిగిన మండలం ఏది?,"Krishna district is an administrative district in the Coastal Andhra region of the Indian state of Andhra Pradesh. Machilipatnam is the administrative headquarters and Vijayawada is the most populated city in the district. It has an area of and had a population of 45,29,009 as per 2011 census of India. It is bounded by West Godavari on the east, Bay of Bengal on the South, Guntur and Suryapet districts in the west and a portion of it also borders with the state of Telangana. Krishna District is formed from District of Rajahmundry in 1859, Guntur district was separated from Krishna in 1904 to form Krishna district which was further divided in 1925, to Krishna and West Godavari districts.Krishna district is the most developed district in Andhra Pradesh.",te,True,168,Vijayawada,విజయవదా,False,True
ఆంధ్రప్రదేశ్ రాష్ట్రం ఏ సంవత్సరంలో ప్రత్యేక హోదా కావాలని కోరుతుంది?,"Protests for Special Status for Andhra Pradesh are public protests that started throughout the state of Andhra Pradesh on Jan 26, 2017 demanding for the 'Special Category Status' (SCS) which was promised to the state by the Congress Government during the state bifurcation.",te,True,130,2017,2017 సంవత్సరం,False,True
ద్వారకాధీశ్ హిందూ దేవాలయం ఎత్తు ఎంత ?,The current temple in Chaulukya style is constructed in 15-16th century. The temple covers area of 27 metre by 21 metre with east-west length of 29 metre and north-south width of 23 metres. The tallest peak of the temple is 51.8 m high.,te,True,224,51.8 m,51.8 మీటర్లు,False,True
1999 నాటికి కేరళ ముఖ్యమంత్రి ఎవరు?,"The Tenth Kerala Legislative Assembly Council of Ministers, third E. K. Nayanar ministry, was a Kerala Council of Ministers (Kerala Cabinet), the executive wing of Kerala state government, led by Communist Party leader E. K. Nayanar from May 1996 to May 2001. It had sixteen ministries, and overall twenty ministers.",te,True,219,E. K. Nayanar,ఎ. కె. నాయనార్,False,True
ఉత్తర ప్రదేశ్ రాష్ట్ర పక్షి ఏంటి?,"Young birds were often captured and kept in menageries both in India and in Europe in former times. They were also successfully bred in captivity early in the 17th century by Emperor Jehangir who also noted that the eggs were laid with an interval of two days and that incubation period was 34 days. They were also bred in zoos in Europe and the United States in the early 1930s.
The Indian state of Uttar Pradesh has declared the sarus crane as its official state bird. An Indian 14-seater propeller aircraft, the Saras, is named after this crane.",te,True,431,sarus crane,సారస్ క్రేన్,False,True
స్టార్ వార్స్ మొదటి చిత్రం ఎప్పుడు విడుదలయింది ?,"Star Wars is an American epic space opera franchise, created by George Lucas and centered around a film series that began with the eponymous 1977 movie. The saga quickly became a worldwide pop culture phenomenon.",te,True,141,1977,1977,False,True
విండోస్ 98 విడుదల తేదీ ఏమిటి ?,"Windows 98 (codenamed Memphis) is a graphical operating system developed by Microsoft as part of its Windows 9x family of operating systems. It is the successor to Windows 95, and was released to manufacturing on May 15, 1998, and to retail on June 25, 1998. Like its predecessor, Windows 98 is a hybrid 16-bit and 32-bit monolithic product with the boot stage based on MS-DOS. The startup sound for Windows 98 was composed by Microsoft sound engineer Ken Kato, who considered it to be a ""tough act to follow"".",te,True,244,"June 25, 1998","జూన్ 25, 1998",False,True
అనకాపల్లి పట్టణం ఏ నది తీరాన ఉంది?,"Its alias names are Aniankapalli, Anekaphalle, Vijaypuri, Veniapalii, Kanakapuri, Bellampatnam, and Anakapalli. It is located by the side of a holy Sarada River. During the Independence struggle of India, many prominent leaders like Mahatma Gandhi and Dr. B. R. Ambedkar visited Anakapalle. It is around 34 km in distance from Visakhapatnam.",te,True,100,Anakapalli. It is located by the side of a holy Sarada River,అనకపల్లి. ఇది పవిత్రమైన సారాడా నది ఒడ్డున ఉంది,False,True
కృష్ణా జిల్లాలో పేరుగాంచిన దేవాలయం ఎక్కడ ఉంది?,"Kanaka Durga Temple is a famous hindu Temple of Goddess Durga located in Vijayawada, Andhra Pradesh. The temple is located on the Indrakeeladri hill, on the banks of Krishna River. Kaalika puraana, Durgaa sapthashati and other vedic literature have mentioned about Goddess Kanaka Durga on the Indrakeelaadri and have described the deity as Swayambhu, (self-manifested) in Triteeya kalpa.",te,True,130,Indrakeeladri hill,ఇంద్రాకేలద్రి కొండ,False,True
మానవుడి కళ్ళు ఎంత బరువు ఉంటాయి?,"Dimensions typically differ among adults by only one or two millimetres, remarkably consistent across different ethnicities. The vertical measure, generally less than the horizontal, is about 24 mm. The transverse size of a human adult eye is approximately 24.2 mm and the sagittal size is  23.7 mm with no significant difference between sexes and age groups. Strong correlation has been found between the transverse diameter and the width of the orbit (r = 0.88). The typical adult eye has an anterior to posterior diameter of 24 millimetres, a volume of six cubic centimetres (0.4 cu. in.), and a mass of 7.5 grams (weight of 0.25 oz.)..",te,True,607,7.5 grams,7.5 గ్రాములు,False,True
శ్రీ మహావిష్ణువు యొక్క మొత్తం అవతారాలు ఎన్ని ?,"The Bhagavata Purana describes Vishnu's avatars as innumerable, though ten of his incarnations (""Dashavatara""), are celebrated therein as his major appearances. The ten major Vishnu avatars are mentioned in the Agni Purana, the Garuda Purana and the Bhagavata Purana;",te,True,71,ten,పది,False,True
తెలంగాణ ప్రభుత్వం రాజధాని బస్ లను ఎప్పుడు ప్రారంభించింది?,"TSRTC operates AC buses built on Ashok Leyland's 12M Viking chassis as Rajadhani. Introduced in 2011, these buses were earlier branded as Indra. Rajadhani buses act a bridge between mid level service ""Super Luxury"" and premium service ""Garuda Plus"". These buses are generally operated to state capital Hyderabad from various district headquarters. These are also operated on high frequency long distance routes. Only water bottles are provided in these buses.",te,True,96,2011,2011 సంవత్సరము,False,True
సోడియం క్లోరైడ్ రసాయనిక సంకేత పదం ఏంటి?,"Sodium chloride , also known as salt (though sea salt also contains other chemical salts), is an ionic compound with the chemical formula NaCl, representing a 1:1 ratio of sodium and chloride ions. With molar masses of 22.99 and 35.45 g/mol respectively, 100 g of NaCl contains 39.34 g Na and 60.66 g Cl. Sodium chloride is the salt most responsible for the salinity of seawater and of the extracellular fluid of many multicellular organisms. In its edible form of table salt, it is commonly used as a condiment and food preservative. Large quantities of sodium chloride are used in many industrial processes, and it is a major source of sodium and chlorine compounds used as feedstocks for further chemical syntheses. A second major application of sodium chloride is de-icing of roadways in sub-freezing weather.",te,True,138,NaCl,NaCl,False,True
వరంగల్ జిల్లాలోని నేషనల్‌ ఇన్‌స్టిట్యూట్‌ ఆఫ్‌ టెక్నాలజీ ని ఎప్పుడు ప్రారంభించారు?,"The Regional Engineering College, Warangal was the first to be established (in 1959) among the chain of 15 Regional Engineering Colleges in the country. The approval of the Government of India to establish one of the RECs meant for the southern region of Warangal was conveyed to the State Government through its letter no .F 11- 5/ 58- T. 5 dated 30 January 1959. The Government of Andhra Pradesh through G. O. Ms. No. 2440 (Education Department) dated 15 July 1959 constituted the first board of Governors of the Regional Engineering College, Warangal, appointing Dr. D.S. Reddy (then Vice Chancellor of Osmania University) as the chairman. The foundation stone for the college was laid by Pandit Jawaharlal Nehru on 10 October 1959 in Kazipet. The classes for the first batch of students in Civil, Electrical and Mechanical Engineering branches commenced on 12 September 1959 in temporary sheds erected in the Balasamudram area of Hanamkonda. Later temporary sheds were also erected in the Industrial Colony of Warangal for conducting lecture classes. Laboratory classes and workshop classes were conducted in the Government Polytechnic, Warangal in the initial stages. The conduction of classes on the premises of the permanent site in Kazipet commenced in January 1963.",te,True,861,12 September 1959,1959 సెప్టెంబరు 12,False,True
కంప్యూటర్ మొదటి ప్రోగ్రామ్ ని రాసిందెవరు  ?,"During a nine-month period in 1842–43, Ada Lovelace translated the memoir of Italian mathematician Luigi Menabrea. The memoir covered the Analytical Engine. The translation contained Note G which completely detailed a method for calculating Bernoulli numbers using the Analytical Engine. This note is recognized by some historians as the world's first written computer program.",te,True,39,Ada Lovelace,అడా లవ్లేస్,False,True
శ్రీ పొట్టి శ్రీరాములు నెల్లూరు జిల్లాలో ప్రవహించే అతి పెద్ద నది ఏది?,"The district lies between 13 30’ and 15 6’ of Northern latitude and 70 5’ and 80 15’ of Eastern latitude. Nellore's total land area is 13,076 square kilometres (8,761) sq. miles. It is bordered by the Bay of Bengal to the east, Rayalaseema to the South, the district of Cuddapah, and the district of Prakasam to the north. The eastern side consists of area of low-lying land extending from the base of the Eastern Ghats to the sea. The west side of the district is separated from Cuddapah district by Veligonda hills. The district is split by the River Pennar and is located on both south and north banks of it.",te,True,547,River Pennar,పన్నార్ నది,False,True
ప్రకాశం జిల్లాలో నిర్మించిన మొదటి ఇంజనీరింగ్ కళాశాల ఏది?,"QIS College of Engineering and Technology is located in Vengamukkapalem, Ongole, Andhra Pradesh. It was established in 1998 by Sri Nidamanuri Educational Society. The college is affiliated to Jawaharlal Nehru Technological University, Kakinada.
""This Is The First Autonomous College In Prakasam District Of State Andhra Pradesh"".",te,True,0,QIS College of Engineering and Technology,QIS ఇంజనీరింగ్ అండ్ టెక్నాలజీ కాలేజ్,False,True
ప్రపంచంలో అతిపెద్ద సముద్రం ఏది?,"The Pacific Ocean is the largest and deepest of Earth's oceanic divisions. It extends from the Arctic Ocean in the north to the Southern Ocean (or, depending on definition, to Antarctica) in the south and is bounded by Asia and Australia in the west and the Americas in the east.",te,True,4,Pacific Ocean,పసిఫిక్ మహాసముద్రం,False,True
మొదటి కమ్యూనికేషన్ శాటిలైట్ ని ఎప్పుడు అంతరిక్షంలోకి పంపించారు ?,"The first artificial Earth satellite was Sputnik 1. Put into orbit by the Soviet Union on October 4, 1957, it was equipped with an on-board radio-transmitter that worked on two frequencies: 20.005 and 40.002  MHz. Sputnik 1 was launched as a major step in the exploration of space and rocket development. However, it was not placed in orbit for the purpose of sending data from one point on earth to another.",te,True,101,1957,1957,False,True
ప్రకాశం జిల్లాలో మొదటి ఇంజనీరింగ్ కళాశాలను ఎక్కడ ప్రారంభించారు?,"Sri Gowthami Degree and PG College is a pioneering Under graduate and Post Graduate College at Darsi in Prakasam district, Andhra Pradesh, South India. It is the first college among the group of Sri Gowthami Educational Institutions (SGEIs) in Prakasam district, Andhra Pradesh State, established by the educationalist and social activist, Kanumarla Gunda Reddy in the year 2000. It is being managed and run by Sri Gowthami Urban and Rural Integrated Development and Educational Society (SGURID&ES, 412/2000).",te,True,374,2000,2000 సంవత్సరము,False,True
నాగార్జున సాగర్ డాం ద్వారా రోజుకి ఎంత విద్యుత్ ఉత్పత్తి అవుతుంది?,The hydroelectric plant has a power generation capacity of 815.6 MW with 8 units (1x110 MW+7x100.8 MW). First unit was commissioned on 7 March 1978 and 8th unit on 24 December 1985. The right canal plant has a power generation capacity of with 3 units of each. The left canal plant has a power generation capacity of with 2 units of 30 MW each. The tail pond is under advanced stage of construction to put to use the pumped storage features of 7 x 100.8 MW units.,te,True,59,815.6 MW,815.6 మెగావాట్ల,False,True
ఒక రోజుకు నాగార్జున సాగర్ డాం నుండి ఎంత విద్యుత్ ఉత్పత్తి అవుతుంది?,The hydroelectric plant has a power generation capacity of 815.6 MW with 8 units (1x110 MW+7x100.8 MW). First unit was commissioned on 7 March 1978 and 8th unit on 24 December 1985. The right canal plant has a power generation capacity of with 3 units of each. The left canal plant has a power generation capacity of with 2 units of 30 MW each. The tail pond is under advanced stage of construction to put to use the pumped storage features of 7 x 100.8 MW units.,te,True,59,815.6 MW,815.6 మెగావాట్ల,False,True
హైదరాబాద్ మెట్రో ని ఏ సంవత్సరంలో ప్రారంభించారు?,"The Hyderabad Metro is a rapid transit system, serving the city of Hyderabad, Telangana, India. It is in Secant Operational model. It is being implemented entirely on public-private partnership (PPP) basis, with the state government holding a minority equity stake. A 30 km stretch from Miyapur to Nagole, having 24 stations was inaugurated on 28 November 2017 by Prime Minister Narendra Modi. No other rapid transit metro service in India opened for public operations on such a long stretch of 30 km. As of October 2018, it is the second longest operational metro network in India after Delhi Metro. It is estimated to cost . As of October 2018, about 200,000 people use the Metro per day. Trains are crowded during the morning and evening hours, when employees travel to and from work. A ladies only coach was introduced on all the trains from 7 May 2018.",te,True,356,2017,2017 సంవత్సరం,False,True
రాబీ విలియమ్స్ 2009 వరకు ఎన్ని ఆల్బమ్ లు చేసాడు?,"After many disagreements with the management and group members, Williams left Take That in 1995 to launch a solo career, in which all but one of his 11 studio albums reached number one in the UK. Williams also released seven number-one singles. On 15 July 2010, he rejoined Take That. The group's subsequent album ""Progress"" became the second fastest-selling album in UK chart history and the fastest-selling record of the century at the time. Gary Barlow has since confirmed that Williams had left for a second time, although the departure was amicable and that Williams was welcome to rejoin Take That in the future.",te,True,149,11,11,False,True
నాయకుడు చిత్ర కథానాయకుడు ఎవరు?,"Nayakudu Vinayakudu is a 1980 Telugu comedy film, produced by A. V. Subba Rao under the Prasad Art Productions banner and directed by K. Pratyagatma. It stars Akkineni Nageshwara Rao, Jayalalitha in the lead roles and music composed by T. Chalapathi Rao.",te,True,159,"Akkineni Nageshwara Rao, Jayalalitha","అక్కినేని నాగేశ్వర రావు, జయలలిత",False,True
అన్నా కరెనీనా నవలను ఎప్పుడు ప్రచురించారు?,"Android Karenina is a 2010 parody novel written by Ben H. Winters and based on ""Anna Karenina"" by Leo Tolstoy. The novel is a mashup, adding steampunk elements to the Russian 19th-century environment of ""Anna Karenina,"" a book first published in 1877.",te,True,246,1877,1877 సంవత్సరము,False,True
సాహిత్యంలో నోబెల్ బహుమతి అందుకున్న మొదటి భారతీయుడు ఎవరు?,"First instituted in 1901, a total of 904 individuals (852 men and 52 women) and 24 organizations were awarded the Nobel Prize between 1901 and 2018. Among the total recipients, 12 are Indians (five Indian citizens and seven of Indian origin or residency). Rabindranath Tagore was the first Indian citizen to be awarded and Mother Teresa is the only woman among the list of recipients. Notably, Sri Aurobindo, the Indian poet, philosopher, nationalist and developer of integral yoga, was nominated unsuccessfully for the Nobel Prize in Literature in 1943 and for the Nobel Peace Prize in 1950.",te,True,256,Rabindranath Tagore,రాబింద్రానాథ్ తగోర్,False,True
హైదరాబాద్ లో మెట్రో ని ఎప్పుడు ప్రారంభించారు?,"The Hyderabad Metro is a rapid transit system, serving the city of Hyderabad, Telangana, India. It is in Secant Operational model. It is being implemented entirely on public-private partnership (PPP) basis, with the state government holding a minority equity stake. A 30 km stretch from Miyapur to Nagole, having 24 stations was inaugurated on 28 November 2017 by Prime Minister Narendra Modi. No other rapid transit metro service in India opened for public operations on such a long stretch of 30 km. As of October 2018, it is the second longest operational metro network in India after Delhi Metro. It is estimated to cost . As of October 2018, about 200,000 people use the Metro per day. Trains are crowded during the morning and evening hours, when employees travel to and from work. A ladies only coach was introduced on all the trains from 7 May 2018.",te,True,356,2017,2017 సంవత్సరం,False,True
ప్రపంచంలో అతిపెద్ద మహాసముద్రం ఏది?,"The Pacific Ocean is the largest and deepest of Earth's oceanic divisions. It extends from the Arctic Ocean in the north to the Southern Ocean (or, depending on definition, to Antarctica) in the south and is bounded by Asia and Australia in the west and the Americas in the east.",te,True,4,Pacific Ocean,పసిఫిక్ మహాసముద్రం,False,True
టార్జాన్ చిత్రం విడుదలైన తేదీ ఏమిటి ?,"""Tarzan"" premiered at the El Capitan Theatre on June 12, 1999, and was released in the United States on June 16, 1999. It received a positive reaction from critics, who praised its animation and music. Against a production budget of $130 million (then the most expensive animated film ever made until Disney's ""Treasure Planet"" in 2002), the film grossed $448.2 million worldwide, becoming the fifth-highest film release in 1999, the second-highest animation release of 1999 behind ""Toy Story 2"", and the first Disney animated feature to open at first place at the North American box office since ""Pocahontas"" (1995). The film has led to many derived works, such as a Broadway adaptation, a television series, and two direct-to-video sequels: ""Tarzan & Jane"" (2002) and ""Tarzan II"" (2005).",te,True,104,"June 16, 1999","జూన్ 16, 1999",False,True
శివుని భార్య పేరేమిటి?,"As a family man and householder, he has a wife, Parvati and two sons, Ganesha and Kartikeya. His epithet (""The husband of "") refers to this idea, and Sharma notes that two other variants of this name that mean the same thing, and , also appear in the sahasranama. in epic literature is known by many names, including the benign . She is identified with Devi, the Divine Mother; Shakti (divine energy) as well as goddesses like Tripura Sundari, Durga, Kali, Kamakshi and Minakshi. The consorts of Shiva are the source of his creative energy. They represent the dynamic extension of Shiva onto this universe. His son Ganesha is worshipped throughout India and Nepal as the Remover of Obstacles, Lord of Beginnings and Lord of Obstacles. Kartikeya is worshipped in South India (especially in Tamil Nadu, Kerala and Karnataka) by the names Subrahmanya, Subrahmanyan, Shanmughan, Swaminathan and Murugan, and in Northern India by the names Skanda, Kumara, or Karttikeya.",te,True,48,Parvati,పార్వతి,False,True
తిరుమల తిరుపతిలో ఏ దేవుడిని పూజిస్తారు?,"Venkateswara (Sanskrit: वेङ्कटेश्वर, IAST: Vēṅkaṭēśvara), also known as Śrīnivāsa, Bālājī, Vēṅkaṭa, Venkata Ramana, Vēṅkaṭāchalapati, Tirupati Timmappa and Govindha, is a form of the Hindu god Vishnu. Venkateswara's most prominent temple is the Tirumala Venkateswara Temple located in Tirupathi, Andhra Pradesh in Southern India.",te,True,0,Venkateswara,వెంకటేశ్వర,False,True
2014లో ప్రకాశం జిల్లా అక్షరాస్యత శాతం ఎంత?," census of India, the district had a population of 3,397,448 with a density of 193 persons per sq.km. The total population constitute, 17,14,764 males and 16,82,684 females –a ratio of 981 females per 1000 males. The total urban population is 664,582 (19.56%). There are 19,04,435 literates with a literacy rate of 63.08%.",te,True,315,63.08%.,63.08%.,False,True
భారతదేశంలో లంబ సింగి ప్రాంతం ఏ జిల్లాలో ఉంది?,"Lambasingi (or Lammasingi) is a small village in the Chintapalli Mandal of Visakhapatnam district in the Indian state of Andhra Pradesh. It is situated in the agency area. This place is often referred as ""Kashmir of Andhra Pradesh"". The temperatures in this places go as low as -2 °C in December – January). This village is situated at a height of above 1000 meters from the sea level.",te,True,121,Andhra Pradesh,ఆంధ్రప్రదేశ్,False,True
ప్రపంచంలో మొదట బంగారు పతకం పొందిన వ్యవసాయ శాస్త్రవేత్త ఎవరు?,"Norman Ernest Borlaug (; March 25, 1914September 12, 2009) was an American agronomist and humanitarian who led initiatives worldwide that contributed to the extensive increases in agricultural production termed the Green Revolution. Borlaug was awarded multiple honors for his work, including the Nobel Peace Prize, the Presidential Medal of Freedom and the Congressional Gold Medal.",te,True,0,Norman Ernest Borlaug,నార్మన్ ఎర్నెస్ట్ బోర్లాగ్,False,True
బాహుబలి చిత్ర రచయిత పేరేమిటి?,"K. V. Vijayendra Prasad, father of S. S. Rajamouli and the storywriter of ""Baahubali: The Beginning"" had revealed that he was inspired by the hero introduction sequence of the 1967 Kannnada film, ""Immadi Pulikeshi"", based on the life of the Chalukya king, Pulakeshin II and hence incorporated a similar sequence. He had further revealed that the core storyline – where one brother is not given the throne because of his disability leading to animosity between blood relatives – was also partly inspired by this movie. In February 2011, S. S. Rajamouli announced that Prabhas will star in his upcoming movie. In January 2013, he announced that the working title as ""Baahubali"" and the actual film production started at Rock Gardens in Kurnool on 6 July 2013. The waterfall scenes in the film were shot at Athirappilly Falls in Kerala, huge sets for the Mahishmati kingdom were constructed at Ramoji Film City in Hyderabad and the snow episodes in the film were shot in Bulgaria. The screen writer, K. V. Vijayendra Prasad who wrote stories for most of Rajamouli's films once again penned the story for Baahubali. The film boasts of one year pre production work where in 15,000-story board sketches for the film were created which is highest for any Indian Film as of this date. More than 90 percent of the film had visually enhanced shots and according to the producer, more than 600 VFX artists worked for the film from 18 facilities around the world led by Makuta VFX and Firefly in Hyderabad, Prasad Studios in Hyderabad and Chennai, Annapurna Studios in Hyderabad, Tau Films in Malaysia, and Dancing Digital Animation and Macrograph in South Korea. Makuta VFX which had prior experience of working with S.S.Rajamouli was chosen as principal visual effects studio. The cinematography of the movie was done by KK Senthil Kumar for 380 days using Arri Alexa XT camera with Master Prime lens marking Rajamouli's first film using digital camera.",te,True,0,K. V. Vijayendra Prasad,కె. వి. విజయేంద్ర ప్రసాద్,False,True
తొలిప్రేమ 2018 చిత్ర సంగీత దర్శకుడు ఎవరు?,"Tholi Prema (English: ""First Love"") is a 2018 Indian Telugu language coming of age romantic comedy film. It is directed by debutant Venky Atluri and is produced by B. V. S. N. Prasad under his banner Sri Venkateswara Cine Chitra. It features Varun Tej and Raashi Khanna in the lead roles.",te,True,132,Venky Atluri,వెంకీ అట్లూరి,False,True
ఒక శతాబ్దం అంటే ఎన్ని నెలలు?,"A century (from the Latin ""centum"", meaning ""one hundred""; abbreviated c.) is a period of 100 years. Centuries are numbered ordinally in English and many other languages.",te,True,90,100,100,False,True
21 చిత్ర నిర్మాత ఎవరు?,"The Media Action Network for Asian Americans (MANAA) reported on their web site: ""After the ‘white-washing’ issue was raised on ""Entertainment Weekly""’s web site, [""21""] producer Dana Brunetti wrote: ""Believe me, I would have LOVED to cast Asians in the lead roles, but the truth is, we didn’t have access to any bankable Asian-American actors that we wanted.""",te,True,179,Dana Brunetti,డానా బ్రూనెట్టి,False,True
కర్నూలు జిల్లాకు ఆనుకుని ఎన్ని జిల్లాలు ఉన్నాయి?,"Kurnool District has 3 Revenue Divisions viz., Kurnool, Nandyal, Adoni divisions.",te,True,21,3,3,False,True
ఆసియా ఖండంలోని అతి పెద్ద పర్వతం ఏది ?,"The highest mountain on Earth is Mount Everest in the Himalayas of Asia, whose summit is above mean sea level. The highest known mountain on any planet in the Solar System is Olympus Mons on Mars at .",te,True,33,Mount Everest,ఎవెరెస్ట్ పర్వతం,False,True
వెన్నలో ఎన్ని విటమిన్లు ఉంటాయి?,"As butter is essentially just the milk fat, it contains only traces of lactose, so moderate consumption of butter is not a problem for lactose intolerant people. People with milk allergies may still need to avoid butter, which contains enough of the allergy-causing proteins to cause reactions. Whole milk, butter and cream have high levels of saturated fat. Butter is a good source of Vitamin A.",te,True,386,Vitamin A,విటమిన్ ఎ,False,True
బొబ్బిలి రాజ్యాన్ని చివరిగా పాలించిన రాజు ఎవరు ?,"In 1946, the Raja was elected to the Constituent Assembly of India and was part of the team which wrote India's Constitution. In 1948, following India's independence from British rule, Ramakrishna Ranga Rao lost his administrative rights over Bobbili and was reduced to the status of a titular ""Raja"" with some exclusive privileges.",te,True,185,Ramakrishna Ranga Rao,రామకృష్ణ రాంగ్ రావు,False,True
2010 నాటికి ఆంధ్ర ప్రదేశ్ రాష్ట్రములోని జిల్లాల సంఖ్య ఎంత ?,"In February 2014, the Andhra Pradesh Reorganisation Act, 2014 bill was passed by the Parliament of India for the formation of the Telangana state comprising ten districts. Hyderabad will remain as a joint capital for not exceeding ten years. The new state of Telangana came into existence on 2 June 2014 after approval from the President of India. Number of petitions questioning the validity of Andhra Pradesh Reorganisation Act, 2014 is long pending for the verdict since April 2014 before the supreme court constitutional bench.",te,True,22,Andhra Pradesh Reorganisation Act,ఆంధ్రప్రదేశ్ పునర్వ్యవస్థీకరణ చట్టం,False,True
మహారాష్ట్రలో  అతిపెద్ద ఆంజనేయస్వామి విగ్రహం ఎక్కడ ఉంది?,"Nandura is a twin city; Nandura Budruk (Greater Nandura) is separated from the original village of the same name, Nandura Khurd (Little Nandura) by the Dnyanganga River, though the village is officially considered as the part of Nandura itself. Nandura has a 105 feet tall statue of Lord Hanuman and a historical place named Ambadevigad.",te,True,245,Nandura,నందూరా,False,True
ఐరోపా  ఖండంలో  ఎన్ని దేశాలు ఉన్నాయి?,"Europe covers about , or 2% of the Earth's surface (6.8% of land area). Politically, Europe is divided into about fifty sovereign states of which the Russian Federation is the largest and most populous, spanning 39% of the continent and comprising 15% of its population. Europe had a total population of about 741 million (about 11% of the world population) . The European climate is largely affected by warm Atlantic currents that temper winters and summers on much of the continent, even at latitudes along which the climate in Asia and North America is severe. Further from the sea, seasonal differences are more noticeable than close to the coast.",te,True,108,about fifty sovereign states,సుమారు యాభై స్వయంప్రతిపత్తి కలిగిన రాష్ట్రాలు,False,True
1989నాటికి భారతదేశ ప్రధానమంత్రి ఎవరు?,"Rajiv Ratna Gandhi (; 20 August 1944 – 21 May 1991) was an Indian politician who served as the 6th Prime Minister of India from 1984 to 1989. He took office after the 1984 assassination of his mother, Prime Minister Indira Gandhi, to become the youngest Indian Prime Minister at the age of 40.",te,True,0,Rajiv Ratna Gandhi,రాజీవ్ రాట్నా గాంధీ,False,True
గణితశాస్త్ర పితామహుడు ఎవరు ?,"Beginning in the 6th century BC with the Pythagoreans, the Ancient Greeks began a systematic study of mathematics as a subject in its own right with Greek mathematics. Around 300 BC, Euclid introduced the axiomatic method still used in mathematics today, consisting of definition, axiom, theorem, and proof. His textbook ""Elements"" is widely considered the most successful and influential textbook of all time. The greatest mathematician of antiquity is often held to be Archimedes (c. 287–212 BC) of Syracuse. He developed formulas for calculating the surface area and volume of solids of revolution and used the method of exhaustion to calculate the area under the arc of a parabola with the summation of an infinite series, in a manner not too dissimilar from modern calculus. Other notable achievements of Greek mathematics are conic sections (Apollonius of Perga, 3rd century BC), trigonometry (Hipparchus of Nicaea (2nd century BC), and the beginnings of algebra (Diophantus, 3rd century AD).",te,True,183,Euclid,యుక్లిడ్,False,True
తమిళనాడులో ఉన్న అతిపెద్ద హిందూ దేవాలయం ఎక్కడ ఉంది?,"Srirangam is famous for its Sri Ranganathaswamy Temple, a major pilgrimage destination for Hindus (especially Srivaishnavites) and the largest temple complex in India.",te,True,0,Srirangam,శ్రీరంగం,False,True
ఆంధ్ర ప్రదేశ్ రాష్ట్రములో  మీ సేవ కేంద్రాలని ఎప్పుడు స్థాపించారు?,"MeeSeva was launched in Chittoor district in Andhra Pradesh, India on 4 November 2011 offering 10 services to the citizens. After formation of Telangana State in June 2014, the services were bifurcated.",te,True,70,4 November 2011,"నవంబర్ 4, 2011",False,True
ఆంధ్రప్రదేశ్  ముఖ్యంగా ఉత్పత్తి చేసే పంట ఏది?,"Andhra Pradesh economy is mainly based on agriculture and livestock. Four important rivers of India, the Godavari, Krishna, Penna, and Thungabhadra flow through the state and provide irrigation. 60 percent of population is engaged in agriculture and related activities. Rice is the major food crop and staple food of the state. It is an exporter of many agricultural products and is also known as ""Rice Bowl of India"". The state has three Agricultural Economic Zones in Chittoor district for mango pulp and vegetables, Krishna district for mangoes, Guntur district for chilies.",te,True,270,Rice,బియ్యం,False,True
సంస్కృత భాష ఎక్కడ పుట్టింది?,"Sanskrit (; , ) is a language of ancient India with a history going back about 3,500 years. It is the primary liturgical language of Hinduism and the predominant language of most works of Hindu philosophy as well as some of the principal texts of Buddhism and Jainism. Sanskrit, in its variants and numerous dialects, was the ""lingua franca"" of ancient and medieval India. In the early 1st millennium CE, along with Buddhism and Hinduism, Sanskrit migrated to Southeast Asia, parts of East Asia and Central Asia, emerging as a language of high culture and of local ruling elites in these regions.",te,True,41,India,భారతదేశం,False,True
2010లో  మణిపూర్ రాష్ట్ర ముఖ్యమంత్రి ఎవరు ?,"Okram Ibobi Singh (born 19 June 1948) is an Indian Politician who was the Chief Minister of Manipur from 2002 to 2017. In 2012, he helped his party win the state election for the third time with an absolute majority securing 42 out of the total 60 assembly seats, brushing aside anti-incumbency factor once again. He is a member of the Indian National Congress. In 2017 Assembly Elections, Okram Ibobi Singh defeated Leithnthem Basanta Singh and Irom Sharmila",te,True,0,Okram Ibobi Singh,ఓక్రమ్ ఇబోబి సింగ్,False,True
ఆంధ్రప్రదేశ్ అధికంగా ఉత్పత్తి చేసే పంట ఏంటి?,"Andhra Pradesh economy is mainly based on agriculture and livestock. Four important rivers of India, the Godavari, Krishna, Penna, and Thungabhadra flow through the state and provide irrigation. 60 percent of population is engaged in agriculture and related activities. Rice is the major food crop and staple food of the state. It is an exporter of many agricultural products and is also known as ""Rice Bowl of India"". The state has three Agricultural Economic Zones in Chittoor district for mango pulp and vegetables, Krishna district for mangoes, Guntur district for chilies.",te,True,270,Rice,బియ్యం,False,True
సంస్కృతం భాష ఎక్కడ పుట్టింది?,"Sanskrit is traceable to the 2nd millennium BCE in a form known as the Vedic Sanskrit, with the ""Rigveda"" as the earliest known composition. A more refined and standardized grammatical form called the Classical Sanskrit emerged in mid-1st millennium BCE with the ""Aṣṭādhyāyī"" treatise of Pāṇini. Sanskrit, though not necessarily Classical Sanskrit, is the root language of many Prakrit languages. Examples include numerous modern daughter Northern Indian subcontinental languages such as Hindi, Marathi, Bengali, Punjabi and Nepali.",te,True,71,Vedic Sanskrit,వేద సంస్క్రితం,False,True
అతి తక్కువ ఎముకలు ఉన్న జంతువు ఏది?,"In most vertebrates, the main skeletal component is referred to as bone. These bones compose a unique skeletal system for each type of animal. Another important component is cartilage which in mammals is found mainly in the joint areas. In other animals, such as the cartilaginous fishes, which include the sharks, the skeleton is composed entirely of cartilage. The segmental pattern of the skeleton is present in all vertebrates (mammals, birds, fish, reptiles and amphibians) with basic units being repeated. This segmental pattern is particularly evident in the vertebral column and the ribcage.",te,True,307,sharks,సొరచేపలు,False,True
అమావాస్య చిత్ర కథానాయకుడు ఎవరు?,"Amavas is an upcoming Indian Bollywood horror action thriller film directed by Bhushan Patel. Starring Nargis Fakhri and Sachiin Joshi. The film is directed by Bhushan Patel who has also directed ""Ragini MMS 2"", ""Alone"" and """". The film is presented by Viiking Media Entertainment. The film was slated to release on 11 January 2019, but new release date announced as 8 February 2019..",te,True,121,Sachiin Joshi,సాచిన్ జోషి,False,True
మొక్కల ఆకులు ఆకుపచ్చగా ఉండడానికి గల పదార్థం ఏమిటి ?,"A green leaf is green because of the presence of a pigment known as chlorophyll, which is inside an organelle called a chloroplast. When they are abundant in the leaf's cells, as they are during the growing season, the chlorophyll's green color dominates and masks out the colors of any other pigments that may be present in the leaf. Thus, the leaves of summer are characteristically green.",te,True,68,chlorophyll,క్లోరోఫిల్,False,True
భారతదేశం ఎన్ని దేశాల సరిహద్దుల్ని అనుకోని ఉంటుంది?,"India shares international land borders with six sovereign countries. 
",te,True,45,six,ఆరు,False,True
పుణ్యభూమి నాదేశం చిత్ర కధానాయకుడు ఎవరు?,"Punya Bhoomi Naa Desam is a 1995 Telugu film directed by A. Kodandarami Reddy and produced by Mohan Babu under the banner of his production company ""Sri Lakshmi Prasanna Pictures"". It stars Mohan Babu and Meena Durairaj in lead roles, while Dasari Narayana Rao, Gollapudi Maruti Rao, Annapoorna, Brahmanandam and Babu Mohan played other pivotal roles. The film is a remake of the Hindi film ""Krantiveer"".",te,True,190,Mohan Babu and Meena Durairaj,"మోహన్ బాబు, మీనా దురైరాజ్",False,True
J. K. రోలింగ్ ఎక్కడ పుట్టాడు?,"Rowling was born to Peter James Rowling, a Rolls-Royce aircraft engineer, and Anne Rowling (née Volant), a science technician, on 31 July 1965 in Yate, Gloucestershire, England, northeast of Bristol. Her parents first met on a train departing from King's Cross Station bound for Arbroath in 1964. They married on 14 March 1965. One of her maternal great-grandfathers, Dugald Campbell, was Scottish, born in Lamlash on the Isle of Arran. Her mother's paternal grandfather, Louis Volant, was French, and was awarded the Croix de Guerre for exceptional bravery in defending the village of Courcelles-le-Comte during the First World War. Rowling originally believed he had won the Légion d'honneur during the war, as she said when she received it herself in 2009. She later discovered the truth when featured in an episode of the UK genealogy series ""Who Do You Think You Are?"", in which she found out it was a different Louis Volant who won the Legion of Honour. When she heard her grandfather's story of bravery and discovered the ""croix de guerre"" was for ""ordinary"" soldiers like her grandfather, who had been a waiter, she stated the ""croix de guerre"" was ""better"" to her than the Legion of Honour.",te,True,146,"Yate, Gloucestershire, England","యాట్, గ్లోస్టర్షైర్, ఇంగ్లాండ్",False,True
థెర్మోడైనమిక్ స్టీము ట్రాప్ లో ముఖ్యమైన భాగాల సంఖ్య ఎంత ?,"A steam trap is a device used to discharge condensates and non-condensable gases with a negligible consumption or loss of live steam. Most steam traps are nothing more than automatic valves. They open, close or modulate automatically. The three important functions of steam traps are:",te,True,173,automatic valves,ఆటోమేటిక్ వాల్వ్లు,False,True
జాకీ చాన్ యొక్క మొదటి చిత్రం ఏది ?,"He began his career by appearing in small roles at the age of five as a child actor. At age eight, he appeared with some of his fellow ""Little Fortunes"" in the film ""Big and Little Wong Tin Bar"" (1962) with Li Li-Hua playing his mother. Chan appeared with Li again the following year, in ""The Love Eterne"" (1963) and had a small role in King Hu's 1966 film ""Come Drink with Me"". In 1971, after an appearance as an extra in another kung fu film, ""A Touch of Zen"", Chan was signed to Chu Mu's Great Earth Film Company. At seventeen, he worked as a stuntman in the Bruce Lee films ""Fist of Fury"" and ""Enter the Dragon"" under the stage name Chan Yuen Lung (). He received his first starring role later that year in ""Little Tiger of Canton"" that had a limited release in Hong Kong in 1973. In 1975, due to the commercial failures of his early ventures into films and trouble finding stunt work, Chan starred in a comedic adult film ""All in the Family"" in which Chan appears in his first nude sex scene. It is the only film he has made to date without a single fight scene or stunt sequence. Jackie Chan later also appeared in one other sex scene, in ""Shinjuku Incident"".",te,True,165,"""Big and Little Wong Tin Bar""","""బిగ్ అండ్ లిటిల్ వాంగ్ టిన్ బార్""",False,True
జి మెయిల్ ను కనిపెట్టిన సంస్థ ఏది?,"The public history of Gmail dates back to 2004. Gmail, a free, advertising-supported webmail service with support for Email clients, is a product from Google. Over its history, the Gmail interface has become integrated with many other products and services from the company, with basic integration as part of Google Account and specific integration points with services such as Google+, Google Calendar, Google Drive, Google Hangouts, YouTube, and Google Buzz. It has also been made available as part of G Suite. The ""Official Gmail Blog"" tracks the public history of Gmail from July 2007.",te,True,151,Google.,గూగుల్.,False,True
విజయనగర సామ్రాజ్యని ఎంతమంది పాలించారు?,"The Kingdom of Mysore was a kingdom in southern India, traditionally believed to have been founded in 1399 in the vicinity of the modern city of Mysore. The kingdom, which was ruled by the Wodeyar family, initially served as a vassal state of the Vijayanagara Empire. With the decline of the Vijayanagara Empire (c. 1565), the kingdom became independent. The 17th century saw a steady expansion of its territory and during the rule of Narasaraja Wodeyar I and Chikka Devaraja Wodeyar, the kingdom annexed large expanses of what is now southern Karnataka and parts of Tamil Nadu to become a powerful state in the southern Deccan.",te,True,189,Wodeyar family,వోడేయార్ కుటుంబం,False,True
బ్రిటిష్ మ్యూజియం ఎక్కడ ఉంది?,"The British Museum, located in the Bloomsbury area of London, in the United Kingdom, is a public institution dedicated to human history, art and culture. Its permanent collection numbers some 8 million works, and is among the largest and most comprehensive in existence having been widely sourced during the era of the British Empire, and documenting the story of human culture from its beginnings to the present. It is the first national public museum in the world. ",te,True,35,Bloomsbury,బ్లూమ్స్బరీ,False,True
స్టీవెన్ స్పీల్బర్గ్ ఎక్కడ జన్మించాడు?,"Spielberg was born on December 18, 1946 in Cincinnati, Ohio. His mother, Leah (née Posner, later Adler; January 12, 1920 – February 21, 2017), was a restaurateur and concert pianist, and his father, Arnold Spielberg (born 1917), was an electrical engineer involved in the development of computers. His family was Orthodox Jewish. Spielberg's paternal grandparents were Jewish Ukrainian immigrants who settled in Cincinnati in the 1900s; his grandmother was from Sudylkiv, while his grandfather was from Kamianets-Podilskyi. In 1950, his family moved to Haddon Township, New Jersey, when his father took a job with RCA. Three years later, the family moved to Phoenix, Arizona. Spielberg attended Hebrew school from 1953 to 1957, in classes taught by Rabbi Albert L. Lewis.",te,True,43,"Cincinnati, Ohio","సిన్సినాటి, ఒహియో",False,True
భారతదేశం లో ఉన్న అతి ప్రాచీనమైన దేవాలయం ఎక్కడ ఉంది?,"The Mundeshwari Devi Temple (also spelled as Mundesvari) is located at Kaura in Kaimur district in the state of Bihar, India on the Mundeshwari Hills. It is an ancient temple dedicated to the worship of Lord Shiva and Shakti and is considered one of the oldest Hindu temples in India. It is also considered as the oldest functional Hindu temple of India.",te,True,71,Kaura in Kaimur district in the state of Bihar,బీహార్ రాష్ట్రంలోని కైముర్ జిల్లాలో కౌరా,False,True
తెలంగాణా రాష్ట్రంలో అతిపెద్ద నగరం పేరేంటి?,"The districts in the state are
There are a total of 12 cities which include 6 municipal corporations and 38 municipalities. Hyderabad is the only million-plus populated city in the state.",te,True,124,Hyderabad,హైదరాబాద్,False,True
భారతదేశంలో రెండు వేల రూపాయలు నోటు ని ఎప్పుడు ప్రవేశపెట్టారు?,The Indian 2000-rupee banknote (₹2000) is a denomination of the Indian rupee. It was released by the Reserve Bank of India (RBI) on 8 November 2016 after the demonetisation of ₹500 and ₹1000 banknotes and has been in circulation since 10 November 2016. It is a part of the Mahatma Gandhi New Series of banknotes with a completely new design.,te,True,132,8 November 2016,"నవంబర్ 8, 2016",False,True
టొయాట కంపెనీని ఎప్పుడు స్థాపించారు?,"The company was founded by Kiichiro Toyoda in 1937, as a spinoff from his father's company Toyota Industries to create automobiles. Three years earlier, in 1934, while still a department of Toyota Industries, it created its first product, the Type A engine, and its first passenger car in 1936, the Toyota AA. Toyota Motor Corporation produces vehicles under five brands, including the Toyota brand, Hino, Lexus, Ranz, and Daihatsu. It also holds a 16.66% stake in Subaru Corporation, a 5.9% stake in Isuzu, as well as joint-ventures with two in China (GAC Toyota and Sichuan FAW Toyota Motor), one in India (Toyota Kirloskar), one in the Czech Republic (TPCA), along with several ""nonautomotive"" companies. TMC is part of the Toyota Group, one of the largest conglomerates in Japan.",te,True,46,1937,1937,False,True
చైనా దేశంలో గల అతిపెద్ద వృక్షం పేరేమిటి?,"Ailanthus altissima , commonly known as tree of heaven, ailanthus, or in Chinese as chouchun (), is a deciduous tree in the family Simaroubaceae. It is native to both northeast and central China, as well as Taiwan. Unlike other members of the genus ""Ailanthus"", it is found in temperate climates rather than the tropics. The tree grows rapidly and is capable of reaching heights of in 25 years. While the species rarely live more than 50 years, some specimens exceed 100 years old. Its remarkable suckering ability makes it possible for this tree to clone itself almost indefinitely (since they are linked to the mother tree and thus partly fed by it, the suckers are less vulnerable than the seedlings and can grow faster).",te,True,0,Ailanthus altissima,ఐలాన్థుస్ అల్టిసిమస్,False,True
2018 లో భారత్ ఫుట్‌బాల్ జట్టు ఏ స్థానంలో ఉంది?,"All the top 20 nations sent their national football teams to the Asian Games excluding India. A total of 25 men's team and 11 women's team competed at the Asian Games. The Indian Olympic Association (IOA) refused to clear the Indian football team to participate in the tournament due its policy of only sending national teams that were ranked among the top eight at the continental level (India were ranked 14th at the time in Asia). The decision was opposed by the All India Football Federation (AIFF) who described the IOA as lacking ""vision and competence"", and that the IOA did not consider the recent form and upwards movement of the Indian national football team in FIFA World Rankings. This was the first time that the Indian football team did not participate in the tournament since the 1994 Asian Games. Several nations also refused to participate most notably including Tajikistan, Maldives, Yemen and Lebanon; the latter two teams will participate in 2019 AFC Asian Cup.",te,True,407,14th,పద్నాలుగవ,False,True
భూమిపై ఎన్ని సముద్రాలు ఉన్నాయి?,"An ocean () is a body of saline water that composes much of a planet's hydrosphere. On Earth, an ocean is one of the major conventional divisions of the World Ocean. These are, in descending order by area, the Pacific, Atlantic, Indian, Southern (Antarctic), and Arctic Oceans. The word ""ocean"" is often used interchangeably with ""sea"" in American English. Strictly speaking, a ""sea"" is a body of saline water (generally a division of the world ocean) partly or fully enclosed by land, though ""the sea"" refers also to the oceans.",te,True,210,"Pacific, Atlantic, Indian, Southern (Antarctic), and Arctic Oceans","పసిఫిక్, అట్లాంటిక్, ఇండియన్, దక్షిణ (అంటార్కిటిక్) మరియు ఆర్కిటిక్ మహాసముద్రాలు",False,True
పాకిస్థాన్ స్వాతంత్ర్యదినోత్సవం ఎప్పుడు?,"Independence Day (; ""Yaum-e Āzādī""), observed annually on 14 August, is a national holiday in Pakistan. It commemorates the day when Pakistan achieved independence and was declared a sovereign state following the end of the British Raj in 1947. Pakistan came into existence as a result of the Pakistan Movement, which aimed for the creation of an independent Muslim state in the north-western regions of South Asia via partition. The movement was led by the All-India Muslim League under the leadership of Muhammad Ali Jinnah. The event was brought forth by the Indian Independence Act 1947 under which the British Raj gave independence to the Dominion of Pakistan which comprised West Pakistan (present-day Pakistan) and East Pakistan (now Bangladesh). In the Islamic calendar, the day of independence coincided with Ramadan 27, the eve of which, being Laylat al-Qadr, is regarded as sacred by Muslims.",te,True,58,14 August,ఆగస్టు 14,False,True
కృష్ణా జిల్లా ఎన్ని అతిపెద్ద ఆనకట్ట ఎక్కడ ఉంది?,"Nagarjuna Sagar Dam is one of the world's largest and tallest Masonry dams built across the Krishna river at Nagarjuna Sagar which is in Nalgonda District, Telangana State, India. Constructed between 1955 and 1967, the dam created a water reservoir with gross storage capacity of . The dam is tall from its deepest foundation and long with 26 flood gates which are wide and tall.",te,True,0,Nagarjuna Sagar Dam,నాగార్జున సగర్ ఆనకట్ట,False,True
గూగుల్ పే అప్ ని ప్లే స్టోర్ కి ఎప్పుడు విడుదలచేసింది?,"In 2016, Google began a public trial in Silicon Valley of a related mobile app called Hands Free. In this system, the customer does not need to present a phone or card. Instead, a customer announces they wish to ""pay with Google"" and give their initials to the cashier, who verifies their identity with a photo previously uploaded to the system. The customer's phone will only authorize payment if its geographic location system indicates it is near a participating store.",te,True,3,2016,2016 సంవత్సరం,False,True
ఆంధ్ర మహాభారతాన్ని ఎంతమంది అనువదించారు?,"Andhra Mahabharatham is the Telugu version of ""Mahabharatha"" written by Kavithrayam (Trinity of poets), consisting of Nannayya, Thikkana and Yerrapragada (also Known as Errana).The three poets translated the ""Mahabharata"" from Sanskrit into Telugu over the period of 11-14th century AD, and became the idols for all the following poets.. More than calling ""Andhra Mahabharatham"" as a translation of Sanskrit Mahabharatha written by Lord Ganesha under the supervision of Veda Vyasa, this Andhra Mahabharatham was an independent translation. Thus, this translation is not a stanza by stanza translation. These three poets wrote Andhra Mahabharatham in Telugu literature style, but keeping the same exact essence as that of Sanskrit Mahabharatham",te,True,181,three,మూడు,False,True
కొలంబియా దేశంలో ఎన్ని రాష్ట్రాలు ఉన్నాయి?,"The United States of Colombia was divided into nine federal states, called ""sovereign states"" under the constitution of 1863. The internal territorial division of the states were defined by the legislature of each state. The states were as follows:
The capitals of Santander and Tolima changed several times.",te,True,47,nine,తొమ్మిది,False,True
రసాయన శాస్త్రములో మొదటిగా నోబెల్ బహుమతి ఎవరు?,"The Nobel Prize in Chemistry () is awarded annually by the Royal Swedish Academy of Sciences to scientists in the various fields of chemistry. It is one of the five Nobel Prizes established by the 1895 will of Alfred Nobel, who died in 1896. These prizes are awarded for outstanding contributions in chemistry, physics, literature, peace, and physiology or medicine. As dictated by Nobel's will, the award is administered by the Nobel Foundation and awarded by a committee that consists of five members elected by the Royal Swedish Academy of Sciences. The first Nobel Prize in Chemistry was awarded in 1901 to Jacobus Henricus van 't Hoff, of the Netherlands. Each recipient receives a medal, a diploma and a monetary award prize that has varied throughout the years. In 1901, van 't Hoff received 150,782 SEK, which is equal to 7,731,004 SEK in December 2007. The award is presented in Stockholm at an annual ceremony on 10 December, the anniversary of Nobel's death.",te,True,611,Jacobus Henricus van 't Hoff,జాకబ్స్ హెన్రికస్ వాన్ ' టోఫ్,False,True
హిందు మహాసభ వ్యవస్థాపకులు ఎవరు?,"At its sixth session in April 1921, the ""Sarvadeshak Hindu Sabha"" formally changed its name to ""Akhil Bharat Hindu Mahasabha"" on the model of the Indian National Congress. Presided over by Manindra Chandra Nandi, it amended its constitution to remove the clause about loyalty to the British, and added a clause committing the organisation to a ""united and self-governing"" Indian nation.",te,True,189,Manindra Chandra Nandi,మానింద్రా చంద్ర నందీ,False,True
హోమియోపతీ ఏ సంవత్సరంలో ప్రతిపాదించబడింది?,"Homeopathy or homœopathy is a system of alternative medicine created in 1796 by Samuel Hahnemann, based on his doctrine of ""like cures like"" (""similia similibus curentur""), a claim that a substance that causes the symptoms of a disease in healthy people would cure similar symptoms in sick people. Homeopathy is a pseudoscience – a belief that is incorrectly presented as scientific. Homeopathic preparations are not effective for treating any condition; large-scale studies have found homeopathy to be no more effective than a placebo, indicating that any positive effects that follow treatment are not due to the treatment itself but instead to factors such as normal recovery from illness, or regression toward the mean.",te,True,72,1796,1796,False,True
రంగస్థలం చిత్రానికి నిర్మాత ఎవరు?,"Rangasthalam ( The stage) is a 2018 Indian Telugu-language period action drama film directed by Sukumar and produced by Y. Naveen, Y. Ravi Shankar and C. V. Mohan under the banner Mythri Movie Makers. The film stars Ram Charan and Samantha Akkineni in the lead roles, along with Anasuya Bharadwaj, Aadhi Pinisetty, Jagapati Babu, and Prakash Raj in other pivotal supporting roles. Music for the film is composed by Devi Sri Prasad. The film was officially launched by Chiranjeevi in February and commenced its shooting from April 2017. The film released worldwide on 30 March 2018. It grossed around 210 crores world wide.",te,True,120,"Y. Naveen, Y. Ravi Shankar and C. V. Mohan","వై. నవీన్, వై. రవిశంకర్, సి. వి. మోహన్",False,True
చైనా ఎన్ని దేశాలతో సరిహద్దు కలిగి ఉన్నది?,"China shares international borders with 14 sovereign states. In addition, there is a 30-km border with the special administrative region of Hong Kong, which was a British dependency before 1997, and a 3 km border with Macau, a Portuguese territory until 1999. With a land border of in total it also has the longest land border of any country.",te,True,40,14,పద్నాలుగు,False,True
శ్రీరాముని భార్య పేరేమిటి ?,"Sita, in her youth, marries Lord Rama, the prince of Ayodhya. After marriage, she goes to exile with her husband and brother-in-law Lakshmana. While in exile, the trio settle in the Dandaka forest from where she is abducted by Ravana, the Rakshasa king of Lanka. She is imprisoned in Ashoka Vatika in Lanka until she is rescued by Rama, who slays her captor. After the war, Rama asks Sita to undergo Agni Pariksha (an ordeal of fire) by which she proves her purity before she is accepted by Rama, which for the first time makes his brother Lakshmana get angry at him.",te,True,0,Sita,సీతా,False,True
రంగస్థలం చిత్ర నిర్మాత ఎవరు?,"Rangasthalam ( The stage) is a 2018 Indian Telugu-language period action drama film directed by Sukumar and produced by Y. Naveen, Y. Ravi Shankar and C. V. Mohan under the banner Mythri Movie Makers. The film stars Ram Charan and Samantha Akkineni in the lead roles, along with Anasuya Bharadwaj, Aadhi Pinisetty, Jagapati Babu, and Prakash Raj in other pivotal supporting roles. Music for the film is composed by Devi Sri Prasad. The film was officially launched by Chiranjeevi in February and commenced its shooting from April 2017. The film released worldwide on 30 March 2018. It grossed around 210 crores world wide.",te,True,120,"Y. Naveen, Y. Ravi Shankar and C. V. Mohan","వై. నవీన్, వై. రవిశంకర్, సి. వి. మోహన్",False,True
మంత్ర చిత్ర కథానాయకురాలు ఎవరు?,"Nene Raju Nene Mantri (""I'm the King and I'm the Minister"") is a 2017 Indian Telugu political thriller film written and directed by Teja, featuring Rana Daggubati in the lead role along with Kajal Aggarwal, Catherine Tresa, and Navdeep in other important roles.",te,True,148,"Rana Daggubati in the lead role along with Kajal Aggarwal, Catherine Tresa, and Navdeep","కాజల్ అగర్వాల్, కాథరిన్ ట్రెసా, నవదీప్తో కలిసి ప్రధాన పాత్రలో రానా దగ్గుబతి",False,True
చిత్తూరు జిల్లాలో ప్రసిద్ధిగాంచిన వెంకటేశ్వర స్వామి ఆలయం ఎక్కడ ఉంది?,"Venkateswara Temple is a landmark Vaishnavite temple situated in the hill town of Tirumala at Tirupati in Chittoor district of Andhra Pradesh, India. The Temple is dedicated to Lord Sri Venkateswara, an incarnation of Vishnu, who is believed to have appeared here to save mankind from trials and troubles of Kali Yuga. Hence the place has also got the name Kaliyuga Vaikuntham and the Lord here is referred to as Kaliyuga Prathyaksha Daivam. The temple is also known by other names like Tirumala Temple, Tirupati Temple, Tirupati Balaji Temple. Lord Venkateswara is known by many other names: Balaji, Govinda, and Srinivasa.",te,True,0,Venkateswara Temple is a landmark Vaishnavite temple situated in the hill town of Tirumala at Tirupati,వెంకటేశ్వర ఆలయం అనేది తిరుపతి లోని తిరుమల కొండ పట్టణంలో ఉన్న ఒక మైలురాయి వైష్ణవి దేవాలయం,False,True
అరుణాచల ప్రదేశ్ రాష్ట్ర మూడవ ముఖ్యమంత్రి ఎవరు?,Dorjee Khandu was an Indian politician who served as Chief Minister of Arunachal Pradesh. He was re elected in 2009 Arunachal Pradesh legislative assembly elections.,te,True,0,Dorjee Khandu was an Indian politician who served as Chief Minister of Arunachal Pradesh,డోర్జీ ఖండూ అరుణాచల్ ప్రదేశ్ ముఖ్యమంత్రిగా పనిచేసిన భారతీయ రాజకీయవేత్త,False,True
జయభేరి సినిమాలో కథానాయకుడిగా ఎవరు నటించాడు?,"Jayabheri (Telugu: జయభేరి;) is a 1959 Telugu devotional biographical film based on life of Karnataka poet Kaasinath, produced by Vasireddy Narayana Rao under the Sarada Productions banner and directed by P. Pullaiah. It stars Akkineni Nageswara Rao, Anjali Devi in the lead roles and music composed by Pendyala Nageswara Rao. The film is a remake of the Marathi film ""Lokshahir Ram Joshi"" (1947), also remade in Hindi as ""Matwala Shayar Ram Joshi"". The film was simultaneously released in Tamil as ""Kalaivaanan"".",te,True,226,"Akkineni Nageswara Rao, Anjali Devi","అక్కినేని నాగేశ్వర రావు, అంజలి దేవి",False,True
స్మిర్నోఫ్ వోడ్కా ని ఎక్కువగా ఉత్పత్తి చేసే సంస్థ ఏది ?,"Smirnoff (; ) is a brand of vodka owned and produced by the British company Diageo. The Smirnoff brand began with a vodka distillery founded in Moscow by Pyotr Arsenievich Smirnov (1831–1898). It is now distributed in 130 countries and produced in several countries including Albania, Brazil, Honduras, India, Ireland, Italy, Latvia, Mongolia, the Philippines, the United Kingdom and the United States. Smirnoff products include vodka, flavoured vodka, and malt beverages. In March 2006, Diageo North America claimed that Smirnoff vodka was the best-selling distilled spirit brand in the world. In 2015 India's Officer's Choice overtook Smirnoff vodka to become the world's largest selling spirit brand. In 2014, Smirnoff was chosen as the best selling vodka across the world.
The vodka is made using a traditional charcoal filtration method developed by P.A. Smirnoff. Recipe No. 21 that was created by P.A.'s son Vladimir after escaping Russia during the October Revolution.",te,True,76,Diageo,డియాజో,False,True
కళ్యాణ వైభోగమే చిత్ర కథానాయకుడు ఎవరు?,"Kalyana Vaibhogame () is a 2016 Indian Telugu romantic comedy film written and directed by B. V. Nandini Reddy. Produced by K.L.Damodar Prasad under Sri Ranjith Movies the film features Naga Shourya and Malavika Nair in the lead roles and Raasi, Aishwarya, Raj Mudhiraj and Anand in the supporting roles. The film was released worldwide on 4 March 2016 to positive critical acclaim.",te,True,186,Naga Shourya,నాగ షుర్యా,False,True
భారతదేశంలో ఎలక్ట్రానిక్ సిటీ అని ఏ నగరాన్ని పిలుస్తారు?,"Electronic City is an information technology hub in Bangalore, India, located in Anekal taluk. It is one of India's largest electronic/IT industrial parks, spread over 800 acres (3.2 km²) in Konappana Agrahara and Doddathogur villages in Bangalore. It consists of four zones called ""phases"" – Phase I, Phase II, Phase III and Phase IV. Electronic City was established by Keonics, Karnataka Electronic, a pioneer in information technology infrastructure development. There are approximately 200 IT/ITES companies located in Electronic City, which include main campuses of
IT/Bio-tech majors Infosys, Wipro, TCS, HCL, Tech Mahindra, Biocon etc.",te,True,52,Bangalore,బెంగళూరు,False,True
వెంట్రుకలు పెరగడానికి అవసరమయ్యే విటమిన్ ఏది ?,"Dietary supplements are not typically recommended. There is only one small trial of saw palmetto which shows tentative benefit in those with mild to moderate androgenetic alopecia. There is no evidence for biotin. Evidence for most other produces is also insufficient. There was no good evidence for gingko, aloe vera, ginseng, bergamot, or hibiscus as of 2011. While lacking both evidence and expert recommendation, there is a large market for hair growth supplements, especially for products that contain biotin.",te,True,507,biotin,బయోటిన్,False,True
శక్తి చిత్ర కథానాయకురాలు ఎవరు?,"Shakti: The Power is a 2002 Indian action drama film directed by Krishna Vamsi and starring Karisma Kapoor, Nana Patekar and Sanjay Kapoor in leading roles, Shah Rukh Khan, Deepti Naval, Ritu Shivpuri and Prakash Raj in supporting roles while Aishwarya Rai appears in an Item number. The film is a remake of Telugu film ""Anthapuram"" (1998), which was based on the real-life story of Betty Mahmoody. The original story of real life escape of Betty Mahmoody is depicted in the movie ""Not Without My Daughter"" which itself was based on Betty Mahmoody's book of the same name.",te,True,92,Karisma Kapoor,కరీష్మా కపూర్,False,True
మానవ శరీరంలో ఎన్ని ఎముకలు ఉంటాయి?,"The human skeleton is the internal framework of the body. It is composed of around 270 bones at birth – this total decreases to around 206 bones by adulthood after some bones get fused together. The bone mass in the skeleton reaches maximum density around age 21. The human skeleton can be divided into the axial skeleton and the appendicular skeleton. The axial skeleton is formed by the vertebral column, the rib cage, the skull and other associated bones. The appendicular skeleton, which is attached to the axial skeleton, is formed by the shoulder girdle, the pelvic girdle and the bones of the upper and lower limbs.",te,True,83,270 bones at birth – this total decreases to around 206,పుట్టినప్పుడు 270 ఎముకలు  ఈ మొత్తం 206 కి తగ్గుతుంది,False,True
పాకిస్తాన్‌ జాతీయ జెండాను ఎవరు రూపొందించారు?,"Syed Ameer ud din Kidwai (1901 at Barabanki, United Province, India – 21 August 1973 at Lahore, Pakistan) was an active advocate within the Pakistan Movement and designer of the flag of Pakistan.",te,True,0,Syed Ameer ud din Kidwai,సయీద్ అమీర్ ఉద్ డిన్ కిడ్వాయి,False,True
మానవ అవయవాలలో అతిపెద్ద అవయవం ఏది?,"The liver is the second largest organ (after the skin) and is an accessory digestive gland which plays a role in the body's metabolism. The liver has many functions some of which are important to digestion.
The liver can detoxify various metabolites; synthesise proteins and produce biochemicals needed for digestion. It regulates the storage of glycogen which it can form from glucose (glycogenesis). The liver can also synthesise glucose from certain amino acids. Its digestive functions are largely involved with the breaking down of carbohydrates. It also maintains protein metabolism in its synthesis and degradation. In lipid metabolism it synthesises cholesterol. Fats are also produced in the process of lipogenesis. The liver synthesises the bulk of lipoproteins. The liver is located in the upper right quadrant of the abdomen and below the diaphragm to which it is attached at one part, This is to the right of the stomach and it overlies the gall bladder. The liver produces bile, an important alkaline compound which aids digestion.
",te,True,49,skin,చర్మం,False,True
ఆగ్రాలో ప్రసిద్ధమైన కట్టడం ఏది?,"The Taj Mahal is one of the most famous buildings in the world, the mausoleum of Shah Jahan's favourite wife, Mumtaz Mahal. It is one of the New Seven Wonders of the world, and one of the three World Heritage Sites in Agra. Agra is commonly identified as the ""City of Taj"".
Completed in 1653, the Tāj Mahal was built by the Mughal king Shah Jahan as the final resting place for his beloved wife, Mumtāz Mahal. Finished in marble, it is one of India's many beautiful monuments and is set amidst landscaped gardens. Built by the Persian architect, Ustād 'Īsā, the Tāj Mahal is on the south bank of the Yamuna River. It can be observed from Agra Fort from where Emperor Shāh Jahān gazed at it for the last eight years of his life, a prisoner of his son Aurangzeb. Verses of the Quran are inscribed on it and at the top of the gate are 22 small domes, signifying the number of years the monument took to build. The Tāj Mahal was built on a marble platform that stands above a sandstone one. The most elegant dome of the Tāj Mahal has a diameter of , and rises to a height of ; directly under this dome is the tomb of Mumtāz Mahal. Shah Jahān's tomb was erected next to hers by his son Aurangzeb. The interiors are decorated with fine inlay work, incorporating semi-precious stones.
",te,True,4,Taj Mahal,తాజ్ మహల్,False,True
భారత జాతీయ జెండాను ఏ సంవత్సరం లో రూపొందించారు?,"The National Flag of India is a horizontal rectangular tricolour of India saffron, white and India green; with the ', a 24-spoke wheel, in navy blue at its centre. It was adopted in its present form during a meeting of the Constituent Assembly held on 22 July 1947, and it became the official flag of the Dominion of India on 15 August 1947. The flag was subsequently retained as that of the Republic of India. In India, the term ""tricolour"" () almost always refers to the Indian national flag. The flag is based on the ' flag, a flag of the Indian National Congress designed by Pingali Venkayya.",te,True,260,1947,1947లో,False,True
సెక్షన్ 377 ను ఏ న్యాయస్థానం జారీ చేసింది?,"Sexual activity between people of the same gender is legal but same-sex couples cannot legally marry or obtain civil partnerships. On 6 September 2018, the Supreme Court of India decriminalised homosexuality by declaring Section 377 of the Indian Penal Code unconstitutional. ",te,True,156,Supreme Court of India,భారతదేశ సుప్రీంకోర్టు,False,True
కెనడా దేశ జాతీయ జెండాలో ఎన్ని రంగులు కలవు ?,"The national colours of Canada () were declared by King George V in 1921 to be red and white and are most prominently evident on the country's national flag. Red is symbolic of England and white of France, the colours having been used representatively by those countries in the past. The maple is one of the national symbols and red is the first leaf colour after spring budding & also the autumn colour of maple leaves.",te,True,79,red and white,ఎరుపు మరియు తెలుపు,False,True
2017లో జమ్మూ మరియు కాశ్మీర్ రాష్ట్ర గవర్నరు ఎవరు?,"Vohra was appointed Governor of Jammu and Kashmir (J&K) by President of India in 2008, his first act as the governor of J&K was to rescind the controversial Amarnath shrine land transfer order.",te,True,0,Vohra,వోహ్రా,False,True
అధిపతి చిత్ర నిర్మాత ఎవరు?,"Adhipathi (English: Ruler), () is a 2001 Telugu Action film, produced by Mohan Babu under his Sri Lakshmi Prasanna Pictures banner and directed by Ravi Raja Pinisetty. It stars Mohan Babu, Nagarjuna Akkineni, Preeti Jhangiani and Soundarya in the lead roles, with music composed by Koti. The film is a remake of the Malayalam film ""Narasimham"" (2000), starring Mohanlal in the lead role.",te,True,73,Mohan Babu,మోహన్ బాబు,False,True
కౌజు పిట్ట ఏ రాజ్యానికి చెందిన పక్షి ?,"Partridges are medium-sized non-migratory birds, with a wide native distribution throughout the Old World, including Europe, Asia, and parts of Africa. They are sometimes grouped in the Perdicinae subfamily of the Phasianidae (pheasants, quail, etc.). However, molecular research suggests that partridges are not a distinct taxon within the family Phasianidae, but that some species are closer to the pheasants, while others are closer to the junglefowl.",te,True,214,Phasianidae,ఫాసియానిడ్లు,False,True
రామాయణ కావ్యంలో ఎన్ని విభాగాలు ఉన్నాయి?,"The ""Ramayana"" is one of the largest ancient epics in world literature. It consists of nearly 24,000 verses (mostly set in the Shloka meter), divided into seven Kandas and about 500 sargas (chapters). In Hindu tradition, it is considered to be the ""adi-kavya"" (first poem). It depicts the duties of relationships, portraying ideal characters like the ideal father, the ideal servant, the ideal brother, the ideal husband and the ideal king. ""Ramayana"" was an important influence on later Sanskrit poetry and Hindu life and culture. Like ""Mahabharata"", ""Ramayana"" is not just a story: it presents the teachings of ancient Hindu sages in narrative allegory, interspersing philosophical and ethical elements. The characters Rama, Sita, Lakshmana, Bharata, Hanuman, Shatrughna, and Ravana are all fundamental to the cultural consciousness of India, Nepal, Sri Lanka and south-east Asian countries such as Thailand, Cambodia, Malaysia and Indonesia.",te,True,178,500,500,False,True
1996లో వచ్చిన రామాయణం చిత్రంలో రాముడిగా ఎవరు నటించారు?,"Ramayanam is a 1996 mythological, Telugu film directed by Gunasekhar and produced by M. S. Reddy. The film starred N. T. Rama Rao Jr. as Lord Rama. It received the National Film Award for Best Children's Film.",te,True,115,N. T. Rama Rao Jr.,ఎన్. టి. రామా రావు జూనియర్,False,True
కొబ్బరి చెట్టు ఎన్ని సంవత్సరాలు జీవించగలదు ?,"Coconut timber comes from farmed plantations of old coconut palms. The coconut palm was planted as a crop in large plantations throughout the tropics in the early half of the 20th century in order to harvest the coconut fruit. The tree bears fruit until approximately 70 years of age, at which point it is considered to have reached the end of its economic life and is felled to make way for future crops. Each year, several million palms are felled throughout the tropics. Traditionally, the trunks have been wasted by-products from this process.",te,True,268,70 years,70 సంవత్సరాలు,False,True
2018 సంవత్సరంలో ఇంధనాన్ని అధికంగా ఉపయోగించిన దేశం ఏది?,"India is the third largest consumer of crude oil in the world, after the United States and China. The country accounted 4.81% of total world oil consumption in 2016-17. The estimated total consumption of crude oil in India rose from 156.10 MMT in 2007-08 to 245.36 MMT in 2016-17 with a CAGR of 4.63%. High speed diesel oil accounted for 39.06% of total consumption of all types of petroleum products in 2016-17, followed by Petroleum Coke (12.31%), Petrol (12.21%), LPG (11.11%), and 
Naphtha (6.80%). The country accounted 1.41% of total world natural gas consumption in 2016-17. The two largest consumers of natural gas are the fertilizer industry (30.38%) and power generation (24.28%). Use of natural gas as a domestic fuel accounted for 14.47% of total consumption. Natural gas is consumed for both energy (58.16%) and non-energy (41.84%) related uses.",te,True,73,United States,అమెరికా సంయుక్త రాష్ట్రాలు,False,True
కృష్ణా జిల్లా గుండా వెళ్లే జాతీయ రహదారుల సంఖ్య ఎంత ?,"Four national highways pass through the district namely NH16 from Chennai to Kolkata, NH 65 from Pune to Machilipatnam, NH 221 from Vijayawada to Jagdalpur, NH 214 Kathipudi to Pamarru, NH 214A Digamarru to Ongole.",te,True,0,Four,నాలుగు,False,True
సిమ్లా ఏ రాష్ట్రానికి రాజధాని?,"Shimla (; ), also known as Simla, is the capital and the largest city of the northern Indian state of Himachal Pradesh. Shimla is also a district which is bounded by the state of Uttarakhand in the south-east, districts of Mandi and Kullu in the north, Kinnaur in the east, Sirmaur in the south and Solan in the west. In 1864, Shimla was declared as the summer capital of British India, succeeding Murree, northeast of Rawalpindi. After independence, the city became the capital of Punjab and was later named the capital of Himachal Pradesh. It is the principal commercial, cultural and educational centre of the state.",te,True,102,Himachal Pradesh,హిమాచల్ ప్రదేశ్,False,True
క్రికెట్ టెస్టుల్లో మొదటగా 200 పరుగులు చేసిన ఆటగాడు ఎవరు?,"In the first Test match played, between Australia and England in March 1877, Charles Bannerman became the first player to score a century in Test cricket. In a match in which no other player scored more than 20 runs in either innings for Australia, Bannerman scored 165 not out. That score remained the highest on debut until R. E. Foster scored 287 for England against Australia in 1903. Foster's innings was the highest score in Test cricket until 1930, and remains the highest score amongst Test debutants. His double-century is one of five made on Test debut, the other four were scored by Rowe, Brendon Kuruppu, Mathew Sinclair and Jacques Rudolph. Eight players (Bill Ponsford, Doug Walters, Alvin Kallicharran, Mohammad Azharuddin, Greg Blewett, Sourav Ganguly, Rohit Sharma, and James Neesham) went on to make centuries in the second test as well. Mohammad Azharuddin is the only player to score centuries in his first three tests.",te,True,326,R. E. Foster,ఆర్. ఇ. ఫోస్టర్,False,True
అఖిల్ తెలుగు చిత్ర దర్శకుడు ఎవరు?,"Akhil - The Power Of Jua is a 2015 Indian Telugu fantasy film, produced jointly by actor Nithin & his father M. Sudhakar Reddy under Sresht Movies banner and directed by V. V. Vinayak. It is stars Akkineni Akhil, Sayyeshaa in their Telugu cinema debut. Music composed Anup Rubens & S. Thaman while Mani Sharma taken care of background score. The film's story was written by Veligonda Srinivas and Kona Venkat wrote the film's dialogues. Production began on 17 December 2014 and the film released on 11 November 2015.",te,True,158,directed by V. V. Vinayak,దర్శకుడు వి. వి. వినాయక్,False,True
గ్రీకు భాష ఎక్కువగా ఎక్కడ వాడుతారు?,"Greek (Modern Greek: , ""elliniká"", ""Greek"", , ""ellinikí glóssa"", ""Greek language"") is an independent branch of the Indo-European family of languages, native to Greece, Cyprus and other parts of the Eastern Mediterranean and the Black Sea. It has the longest documented history of any living Indo-European language, spanning more than 3000 years of written records. Its writing system has been the Greek alphabet for the major part of its history; other systems, such as Linear B and the Cypriot syllabary, were used previously. The alphabet arose from the Phoenician script and was in turn the basis of the Latin, Cyrillic, Armenian, Coptic, Gothic and many other writing systems.",te,True,66,"Greek language"") is an independent branch of the Indo-European family of languages, native to Greece","గ్రీకు భాష"") అనేది గ్రీస్కు చెందిన ఇండో-యూరోపియన్ భాషా కుటుంబానికి చెందిన స్వతంత్ర శాఖ",False,True
కోటిపల్లి లో ప్రసిద్ధిగాంచిన శివ మందిరం పేరు ఏంటి?,Here Lord Shiva is known as Someswara Swamy. The consort of Lord Someswara is Sri Rajarajeswari Ammavaru. The Sivalinga at this place is installed and established by Lord Chandra. Maha Shivaratri and Sarannavarathri are the main festivals celebrated at this temple.,te,True,28,Someswara Swamy,సోమెస్వరా స్వామి,False,True
వరంగల్ పట్టణంలో ఉన్న అతి పురాతన హిందూ దేవాలయం పేరు ఏంటి?,In The Thousand Pillar Temple is one of the very old temples of South India that was built by the kakatiyas. It stands out to be a masterpiece and achieved major heights in terms of architectural skills by the ancient kakathiya vishwakarma sthapathis. It is believed that the Thousand Pillar Temple was built by King Rudra Deva in 1163 AD. The Thousand Pillar Temple is a specimen of the Kakatiyan style of architecture of the 12th century.,te,True,272,the Thousand Pillar Temple was built by King Rudra Deva in 1163 AD,వెయ్యి స్తంభాల ఆలయాన్ని 1163లో రాజు రుద్రదేవుడు నిర్మించారు.,False,True
ఆంధ్ర ప్రదేశ్ రాష్ట్రం మొదటి ముఖ్యమంత్రి ఎవరు ?,"Nara Chandrababu Naidu (born 20 April 1950) is an Indian politician who has been Chief Minister of Andhra Pradesh since 2014. He is the first chief minister of the state since it was divided. Previously he served as Chief Minister of United Andhra Pradesh from 1994 to 2004, before the state was divided, and as the Leader of the opposition in the United Andhra Pradesh Legislative Assembly from 2004 to 2014. He is currently the National President of Telugu Desam Party.",te,True,0,Nara Chandrababu Naidu,నారా చంద్రబాబు నాయుడు,False,True
చెన్నై నగరంలోని ఎత్తయిన చర్చి ఏది ?,"Currently, Bayview tower of Hiranandani is the tallest building in Chennai with a maximum height of and 40 floors.",te,True,11,Bayview tower of Hiranandani,హిరానందనీ బే వ్యూ టవర్,False,True
ఆంధ్రప్రదేశ్ రాష్ట్ర చిహ్నం ఏది ?,"The Emblem of Andhra Pradesh is the state emblem of Andhra Pradesh, India. It features a Poorna Ghatam surrounded by the name of the state in Telugu,English and Hindi. ",te,True,89,"Poorna Ghatam surrounded by the name of the state in Telugu,English and Hindi","తెలంగాణ, ఇంగ్లీష్, హిందీ భాషల్లో రాష్ట్ర పేరుతో చుట్టుపక్కల ఉన్న పూర్ణా ఘటమ్",False,True
2015లో హిమాచల్ ప్రదేశ్ ముఖ్యమంత్రి ఎవరు ?,"Raja Virbhadra Singh (born 23 June 1934), is an Indian politician. The longest-serving and 4th Chief Minister of Himachal Pradesh, he served as the Chief Minister from 2012 to 2017 before relinquishing the post to BJP's Jai Ram Thakur in December 2017. He previously served as Chief Minister from 1983 to 1990, from 1993 to 1998 and from 2003 to 2007. He was an elected member of the Lok Sabha in 1962, 1967, 1972, 1980 and in 2009. He is a member of the Indian National Congress. His wife, Pratibha Singh, was a Lok Sabha member from Mandi.",te,True,0,Raja Virbhadra Singh,రాజా విర్భద్ర సింగ్,False,True
తూర్పు గోదావరి జిల్లా ప్రధాన కార్యాలయం ఎక్కడ ఉంది?,"East Godavari district or Toorpu Godavari jilla is a district in Coastal Andhra region of Andhra Pradesh, India. Its district headquarters is at Kakinada. As of Census 2011, it became the most populous district of the state with a population of 5,151,549. Rajahmundry and Kakinada are the two largest cities in the Godavari districts in terms of population.",te,True,145,Kakinada,కాకినాడా,False,True
మొక్కజొన్న పంటకాలం ఎంత ?,"Because it is cold-intolerant, in the temperate zones maize must be planted in the spring. Its root system is generally shallow, so the plant is dependent on soil moisture. As a plant that uses C4 carbon fixation, maize is a considerably more water-efficient crop than plants that use C3 carbon fixation such as alfalfa and soybeans. Maize is most sensitive to drought at the time of silk emergence, when the flowers are ready for pollination. In the United States, a good harvest was traditionally predicted if the maize was ""knee-high by the Fourth of July"", although modern hybrids generally exceed this growth rate. Maize used for silage is harvested while the plant is green and the fruit immature. Sweet corn is harvested in the ""milk stage"", after pollination but before starch has formed, between late summer and early to mid-autumn. Field maize is left in the field until very late in the autumn to thoroughly dry the grain, and may, in fact, sometimes not be harvested until winter or even early spring. The importance of sufficient soil moisture is shown in many parts of Africa, where periodic drought regularly causes maize crop failure and consequent famine. Although it is grown mainly in wet, hot climates, it has been said to thrive in cold, hot, dry or wet conditions, meaning that it is an extremely versatile crop.
Maize was planted by the Native Americans in hills, in a complex system known to some as the Three Sisters. Maize provided support for beans, and the beans provided nitrogen derived from nitrogen-fixing rhizobia bacteria which live on the roots of beans and other legumes; and squashes provided ground cover to stop weeds and inhibit evaporation by providing shade over the soil. This method was replaced by single species hill planting where each hill apart was planted with three or four seeds, a method still used by home gardeners. A later technique was ""checked maize"", where hills were placed apart in each direction, allowing cultivators to run through the field in two directions. In more arid lands, this was altered and seeds were planted in the bottom of deep furrows to collect water. Modern technique plants maize in rows which allows for cultivation while the plant is young, although the hill technique is still used in the maize fields of some Native American reservations. When maize is planted in rows, it also allows for planting of other crops between these rows to make more efficient use of land space.",te,True,83,spring,వసంతకాలం,False,True
మానవ కన్ను సుమారు బరువు ఎంత ?,"Dimensions typically differ among adults by only one or two millimetres, remarkably consistent across different ethnicities. The vertical measure, generally less than the horizontal, is about 24 mm. The transverse size of a human adult eye is approximately 24.2 mm and the sagittal size is  23.7 mm with no significant difference between sexes and age groups. Strong correlation has been found between the transverse diameter and the width of the orbit (r = 0.88). The typical adult eye has an anterior to posterior diameter of 24 millimetres, a volume of six cubic centimetres (0.4 cu. in.), and a mass of 7.5 grams (weight of 0.25 oz.)..",te,True,607,7.5 grams,7.5 గ్రాములు,False,True
ముంబయి రైల్వేస్టేషన్ పేరు ఏంటి?,"Mumbai Central is a major railway station on the Western line, situated in Mumbai, Maharashtra in an area known by the same name. Designed by British architect Claude Batley, it serves as a major stop for both local and inter-city/express trains with separate platforms for them . It is also a terminal for several long distance trains including the Mumbai Rajdhani Express. Trains depart from the station connecting various destinations mostly across states in the northern, western and north-western parts of India.",te,True,83,Maharashtra,మహారాష్ట్ర,False,True
బొగ్గు రంగు ఏంటి?,"Black was the color of the industrial revolution, largely fueled by coal, and later by oil. Thanks to coal smoke, the buildings of the large cities of Europe and America gradually turned black. By 1846 the industrial area of the West Midlands of England was ""commonly called 'the Black Country'”. Charles Dickens and other writers described the dark streets and smoky skies of London, and they were vividly illustrated in the engravings of French artist Gustave Doré.",te,True,0,Black,నల్ల,False,True
డిస్నీల్యాండ్ పార్క్ వైశాల్యం ఎంత?,"Disneyland Park consists of eight themed ""lands"" and a number of concealed backstage areas, and occupies approximately (expanding to about 100 acres with the addition of the ""Star Wars""-themed Galaxy's Edge). The park opened with Main Street, U.S.A., Adventureland, Frontierland, Fantasyland, and Tomorrowland, and has since added New Orleans Square in 1966, Bear Country (now known as Critter Country) in 1972, and Mickey's Toontown in 1993. In 1957, Holidayland opened to the public with a recreation area including a circus and baseball diamond, but was closed in late 1961. It is often referred to as the ""lost"" land of Disneyland. Throughout the park are 'Hidden Mickeys', representations of Mickey Mouse heads inserted subtly into the design of attractions and environmental decor. An elevated berm supports the narrow gauge Disneyland Railroad that circumnavigates the park. A new 14-acre to be constructed at the park, was announced on August 15, 2015, at the D23 Expo by Disney CEO Bob Iger.",te,True,139,100 acres,100 ఎకరాలు,False,True
ఆస్ట్రేలియాలో అతిపెద్ద ఎయిర్‌లైన్స్ ఏది?,"<nowiki> </nowiki>Qantas Airways (; ) is the flag carrier of Australia and its largest airline by fleet size, international flights and international destinations. It is the third oldest airline in the world, after KLM and Avianca having been founded in November 1920; it began international passenger flights in May 1935. The Qantas name comes from """"QANTAS"""", an acronym for its original name, """"Queensland and Northern Territory Aerial Services"""", and it is nicknamed ""The Flying Kangaroo"". Qantas is a founding member of the Oneworld airline alliance.",te,True,18,Qantas Airways,కన్టాస్ ఎయిర్వేస్,False,True
1950 నాటికి విశాఖపట్నం జిల్లాలో ఎన్ని రెవిన్యూ డివిజన్లు ఉన్నాయి?,Visakhapatnam Revenue Division (or Visakhapatnam division) is an administrative division in the Visakhapatnam district of the Indian state of Andhra Pradesh. It is one of the 4 revenue divisions in the district which consists of 13 mandals under its administration. Visakhapatnam city is the divisional headquarters.,te,True,175,4,4,False,True
గోదావరి తెలుగు చిత్ర దర్శకుడు ఎవరు?,"Godavari is a 2006 Telugu, comedy/ romantic drama film written and directed by Sekhar Kammula and produced by G. V. G. Raju. Sumanth and Kamalinee Mukherjee played the lead roles. The film was a success at the box office in addition to receiving excellent critical acclaim. It won several Nandi and Filmfare awards. The music of the film was composed by K.M. Radha Krishnan. The director said the movie carried the same essence and feel of the 1973 movie ""Andala Ramudu"" directed by Bapu. We can note the similarity in the names of the protagonists and the house boat cruise on the Godavari river.",te,True,79,Sekhar Kammula,శేఖర్ కమ్యులా,False,True
2016నాటికి తెలంగాణలో ఎన్ని జిల్లాలు ఉన్నాయి?,"Telangana () is a state in south India. It is situated on the centre-south stretch of the Indian peninsula on the high Deccan Plateau. It is the twelfth largest state and the twelfth-most populated state in India with a geographical area of and 35,193,978 residents as per 2011 census. On 2 June 2014, the area was separated from the northwestern part of Andhra Pradesh as the newly formed 29th state with Hyderabad as its historic permanent capital. Its other major cities include Warangal, Nizamabad, Khammam and Karimnagar. Telangana is bordered by the states of Maharashtra to the north, Chhattisgarh to the east, Karnataka to the west, and Andhra Pradesh to the east and south. The terrain of Telangana region consists mostly of hills, mountain ranges, and thick dense forests distribution of 27,292 sq. km. As of 2018, the state of Telangana is divided into 31 districts.",te,True,864,31,31,False,True
ఇంట్లో ఇల్లాలు వంటింట్లో ప్రియురాలు చిత్ర కథానాయకుడు ఎవరు?,"Intlo Illalu Vantintlo Priyuralu (English: ""Wife at home, Lover in the kitchen"") is a 1996 Tollywood film directed by E. V. V. Satyanarayana and produced by K. L. Narayana under the Sri Durga Arts banner. It stars Venkatesh, Soundarya and Vineetha, with music composed by Koti. The film was a ""Super Hit"" at the box office. The film was a remake of Tamil film ""Thaikulame Thaikulame"".",te,True,214,Venkatesh,వెంకటేశ్,False,True
2019లో ఢిల్లీ రాష్ట్ర ముఖ్యమంత్రి ఎవరు?,"Arvind Kejriwal (born 16 August 1968) is an Indian politician and a former bureaucrat who is the current and 7th Chief Minister of Delhi since February 2015. Arvind Kejriwal is a graduate of the Indian Institute of Technology (IIT) Kharagpur, with mechanical engineering as his majors. He worked in the Indian Revenue Service as a Joint Commissioner of the Income Tax Department in New Delhi.",te,True,0,Arvind Kejriwal,అర్వింద్ కేజ్రీవాల్,False,True
కృష్ణా నది పై నిర్మించిన మొదటి ఆనకట్ట ఏది?,"The idea of constructing a dam across the river Krishna dates back to 1798. It began in the hands of captain Buckle and was revised in 1839 and 1841 by Captain Best and Captain Lake. After the endorsement of Major Cotton, the board of Directors of the East India Company approved it on 5 January 1850. The dam was started in 1852 and completed in 1855. It cost Rs 1.75 crore in those days and seems to have paid the then government a return of 18%. It used to irrigate 7 lakh acres.
Later, the State Government constructed a bridge that was named after Tanguturi Prakasam, the first Chief Minister of Andhra (a state formed in 1953, which later became Andhra Pradesh in 1956 after the merger of Telugu speaking districts of former Hyderabad State). Completed in 1957, it helps to irrigate over 1.2 million acres of land. This barrage also supplies water to Buckingham canal which was initially constructed as an inland navigation canal but was later used as an irrigation water supply canal. One of the first major irrigation projects of South India, the Prakasam Barrage in Vijayawada was completely successful in its mission.",te,True,1055,Prakasam Barrage,ప్రకాసమ్ బారేజ్,False,True
భక్తి ఛానెల్ ఎప్పుడు ప్రారంభించారు?,"It is a sister channel of NTV. It was launched on 30 August 2007, the same day that NTV was officially launched. ",te,True,50,30 August 2007,2007 ఆగస్టు 30,False,True
స్వాగతం చిత్ర కథానాయకుడు ఎవరు?,"Swagatham is a 1989 Indian Malayalam film, directed by Venu Nagavally and produced by Anand. The film stars Jayaram, Urvasi, Ashokan and Parvathy in lead roles. The film had musical score by Rajamani.",te,True,108,"Jayaram, Urvasi, Ashokan and Parvathy","జయరమ్, ఉర్వాసీ, అశోకాన్, పర్వతి",False,True
సంస్కృత భాషలో ఎన్ని అక్షరాలు ఉన్నాయి?,"Devanagari script has 47 primary characters, of which 14 are vowels and 33 are consonants. The ancient Nagari script for Sanskrit had two additional consonantal characters. Unlike the Latin alphabet, the script has no concept of letter case. Generally the orthography of the script reflects the pronunciation of the language.",te,True,22,47,47,False,True
ఆముదం చెట్టు శాస్త్రీయ నామం ఏమిటి?,"Ricinus communis, the castor bean or castor oil plant, is a species of perennial flowering plant in the spurge family, Euphorbiaceae. It is the sole species in the monotypic genus, Ricinus, and subtribe, Ricininae. The evolution of castor and its relation to other species are currently being studied using modern genetic tools. It reproduces with a mixed pollination system which favors selfing by geitonogamy but at the same time can be an out-crosser by anemophily (wind pollination) or entomophily (insect pollination).",te,True,0,Ricinus communis,రిసినియస్ కమ్యూనిస్,False,True
ఆవర్తన పట్టికలో మొత్తం ఎన్ని ములకాలు ఉంటాయి?,"Since 2016, the periodic table has 118 confirmed elements, from element 1 (hydrogen) to 118 (oganesson). Elements 113, 115, 117 and 118, the most recent discoveries, were officially confirmed by the International Union of Pure and Applied Chemistry (IUPAC) in December 2015. Their proposed names, nihonium (Nh), moscovium (Mc), tennessine (Ts) and oganesson (Og) respectively, were announced by the IUPAC in June 2016 and made official in November 2016.",te,True,35,118,ఎన్ఎంఎంఎంఎంఎంఎంఎంఎంఎంఎంఎంఎంఎంఎంఎంఎంఎంఎంఎంఎంఎంఎంఎంఎంఎంఎంఎంఎంఎంఎంఎం,False,True
ద్వారకా తిరుమల పుణ్య క్షేత్రములో ఏ దేవుడిని పూజిస్తారు?,"Venkateswara Temple is a Vaishnavite temple situated in the town of Dwaraka Tirumala of West Godavari district of the Indian state of Andhra Pradesh. The temple is dedicated to Lord Venkateswara, an incarnation of Vishnu. The temple is also known by other name like Chinna Tirupati meaning Small Tirupati.",te,True,214,Vishnu,విష్ణు,False,True
టెంపర్ చిత్ర నిడివి ఎంత?,S. R. Sekhar simultaneously completed the editing work so that the film can release on time. Post-production activities progressed in tandem with the filming during the film's shoot at Goa. Mani Sharma began composing the background score on 4 December 2014. The film's dubbing activities began on 9 December 2014 at Hyderabad. Rama Rao Jr. and the film's cast began dubbing for their roles on 4 February 2015. The pending DTS mixing and Rama Rao Jr.'s dubbing were completed by 7 February 2015. Mani Sharma was completing the rerecording work at the same time and the final copy was planned to be sent to Central Board of Film Certification for censoring on 9 February 2015. The censoring activities were postponed by a day due to unavailability of slot for censor and delay of final mixing. The special screening for the board began at 4:00 PM. The board passed the film with an 'U/A' certificate. The film's final length after censoring was 147 minutes and 18 cuts were made in the film including the reduction of the climax by 30%.,te,True,944,147 minutes,147 నిమిషాలు,False,True
కర్నూలు ఆంధ్రప్రదేశ్ కు ఎన్ని సంవత్సరాలు రాజధానిగా ఉంది?,"Kurnool is the headquarters of Kurnool district in the Indian state of Andhra Pradesh. The city is often referred as ""The Gateway of Rayalaseema"". It was the capital of Andhra State from 1 October 1953 to 31 October 1956. census, it is the fifth most populous city in the state with a population of 460,184.",te,True,147,It was the capital of Andhra State from 1 October 1953 to 31 October 1956,ఇది 1953 అక్టోబర్ 1 నుండి 1956 అక్టోబర్ 31 వరకు ఆంధ్ర రాష్ట్ర రాజధానిగా ఉంది.,False,True
భారత ఎన్నికల కమిషను ఎప్పుడు ప్రారంభమైంది?,"Originally in 1950, the commission had only a Chief Election Commissioner. Two additional Commissioners were appointed to the commission for the first time on 16 October 1989 but they had a very short tenure, ending on 1 January 1990. ""The Election Commissioner Amendment Act, 1989"" made the commission a multi-member body. The concept of a 3-member Commission has been in operation since then, with the decisions being made by a majority vote. The Chief Election Commissioner and the two Election Commissioners who are usually retired IAS officers draw salaries and allowances as per with those of the Judges of the Supreme Court of India as per the ""Chief Election Commissioner and other Election Commissioners (Conditions of Service) Rules, 1992"".",te,True,14,1950,1950లో,False,True
ప్రపంచంలో అతిపెద్ద వైమానిక సంస్థ ఏది ?,"Airlines vary in size, from small domestic airlines to full-service international airlines with double decker airplanes. Airline services can be categorized as being intercontinental, domestic, regional, or international, and may be operated as scheduled services or charters. The largest airline currently is American Airlines Group.",te,True,310,American Airlines Group,అమెరికన్ ఎయిర్లైన్స్ గ్రూప్,False,True
2011 నాటికి కృష్ణా జిల్లాలో ఎన్ని శాసనసభ నియోజకవర్గాలు ఉన్నాయి?,"Krishna district has two parliamentary constituencies namely, Vijayawada and Machilipatnam. There are 16 assembly constituencies namely, Tiruvuru (SC), Nandigama (SC), Mylavaram, Jaggayyapeta, Vijayawada West, Vijayawada Central, Vijayawada East, Penamaluru, Nuzvid, Gannavaram, Pedana, Gudivada, Kaikaluru, Machilipatnam, Avanigadda, Pamarru (SC).janasena party, Telugu Desam, YSR Congress, Bharatiya Janata Party, Lok Satta, CPI and CPM are the main political parties in the district.",te,True,21,two,రెండు,False,True
భారత దేశంలో ప్రవహించే అతి పెద్ద నది ఏది?,"
Himalayan glaciers in the Indian subcontinent are broadly divided into the three
river basins, namely the Indus, Ganga and Brahmaputra. The Indus basin has the largest number of glaciers (3500), whereas the Ganga and Brahmaputra basins contain about 1000 and 660 glaciers, respectively.
Ganga is the largest river system in India.However these rivers are just three among many.Some other examples of rivers are narmada, tapi, godwari etc.",te,True,288,Ganga,గంగా,False,True
చినువ అచెబె విద్యాభ్యాసం ఎక్కడ జరిగింది ?,"In 1948, in preparation for independence, Nigeria's first university opened. Known as University College (now the University of Ibadan), it was an associate college of the University of London. Achebe was admitted as a Major Scholar in the university's first intake and given a bursary to study medicine. It was during his studies at Ibadan that Achebe began to become critical of European literature about Africa. After reading Joyce Cary's 1939 work ""Mister Johnson"" about a cheerful Nigerian man who (among other things) works for an abusive British storeowner, he was so disturbed by the book's portrayal of its Nigerian characters as either savages or buffoons that he decided to become a writer. Achebe recognised his dislike for the African protagonist as a sign of the author's cultural ignorance. One of his classmates announced to the professor that the only enjoyable moment in the book is when Johnson is shot.",te,True,114,University of Ibadan,ఇబదాన్ విశ్వవిద్యాలయం,False,True
పక్షులలో అత్యంత వేగంగా ఎగిరే పక్షి పేరేమిటి?,"This is a list of the fastest flying birds in the world. A bird's velocity is necessarily variable; a hunting bird will reach much greater speeds while diving to catch prey than when gliding. The bird with the greatest airspeed velocity is the Peregrine falcon, able to exceed 321.8 km/h (200 mph) in its hunting dives. The greatest self-powered horizontal speed is achieved by Homing Racing Pigeons. They can fly 1100 km (700 miles) in a single day, and they have been recorded flying at 177 km/h (110 miles per hour), making them the birds with the fastest speed ever recorded on a self-powered flight, and the fastest endurance flight.",te,True,244,Peregrine falcon,పెరెగ్రిన్ ఫాల్కన్,False,True
మొట్టమొదటి మోటారుసైకిల్ ఎవరు కనుగొన్నారు?,"The Daimler Petroleum ""Reitwagen (""riding car"") or Einspur"" (""single track"") was a motor vehicle made by Gottlieb Daimler and Wilhelm Maybach in 1885. It is widely recognized as the first motorcycle. Daimler is often called ""the father of the motorcycle"" for this invention. Even when the three steam powered two wheelers that preceded the ""Reitwagen"", the Michaux-Perreaux and Roper of 1867–1869, and the 1884 Copeland, are considered motorcycles, it remains nonetheless the first gasoline internal combustion motorcycle, and the forerunner of all vehicles, land, sea and air, that use its overwhelmingly popular engine type.",te,True,105,Gottlieb Daimler and Wilhelm Maybach,గోట్లీబ్ డైమ్లెర్ మరియు విల్హెల్మ్ మేబాచ్,False,True
2019 నాటికి తెలంగాణ రాష్ట్రంలో ఎన్ని జిల్లాలు ఉన్నాయి?,"Telangana () is a state in south India. It is situated on the centre-south stretch of the Indian peninsula on the high Deccan Plateau. It is the twelfth largest state and the twelfth-most populated state in India with a geographical area of and 35,193,978 residents as per 2011 census. On 2 June 2014, the area was separated from the northwestern part of Andhra Pradesh as the newly formed 29th state with Hyderabad as its historic permanent capital. Its other major cities include Warangal, Nizamabad, Khammam and Karimnagar. Telangana is bordered by the states of Maharashtra to the north, Chhattisgarh to the east, Karnataka to the west, and Andhra Pradesh to the east and south. The terrain of Telangana region consists mostly of hills, mountain ranges, and thick dense forests distribution of 27,292 sq. km. As of 2018, the state of Telangana is divided into 31 districts.",te,True,864,31,31,False,True
2018 నాటికి పశ్చిమ బెంగాల్ ముఖ్యమంత్రి ఎవరు?,"Mamata Banerjee (Bengali: also known as ""Didi"", born 5 January 1955) is an Indian politician of Bengali descent who serves as the 8th and current Chief Minister of West Bengal since 2011. She is the first woman to hold the office. She founded the party All India Trinamool Congress (AITC or TMC) in 1998 after separating from the Indian National Congress, and became its chairperson. She is often referred to as Didi (meaning: ""elder sister"" in Hindi and Bengali).",te,True,0,Mamata Banerjee,మమతా బెనర్జీ,False,True
మొదటి పంచాయతీరాజ్‌ శాఖ మంత్రిగా ఎవరు పనిచేసారు?,"The Ministry was created on May 27, 2004, with Mani Shankar Aiyar being the first minister.
",te,True,47,Mani Shankar Aiyar,మణిశంకర్ ఐయార్,False,True
కర్ణాటక లో అతిపెద్ద నగరం ఎక్కడ ఉంది?,"Karnataka () is a state in the south western region of India. It was formed on 1 November 1956, with the passage of the States Reorganisation Act. Originally known as the State of Mysore, it was renamed ""Karnataka"" in 1973. The state corresponds to the Carnatic region. The capital and largest city is Bangalore (Bengaluru).",te,True,302,Bangalore (Bengaluru),బెంగళూరు (బెంగళూరు),False,True
గ్రీన్‌విచ్ నగరం ఏ రాష్ట్రంలో ఉంది?,"Greenwich is a town in Fairfield County, Connecticut, United States. As of the 2010 census, the town had a total population of 61,171. It is the 10th largest municipality in Connecticut, and the largest that functions as a town (the remaining largest municipalities in the state function as cities).",te,True,0,"Greenwich is a town in Fairfield County, Connecticut, United States",గ్రీన్విచ్ యునైటెడ్ స్టేట్స్లోని ఫెయిర్ఫీల్డ్ కౌంటీలో ఒక పట్టణం,False,True
హర్యానా రాష్ట్రం ఎప్పుడు ఏర్పడింది?,"Haryana (), carved out of the former state of East Punjab on 1November 1966 on linguistic as well as on cultural basis, is one of the 29 states in India. Situated in North India with less than 1.4% () of India's land area, it is ranked 22nd in terms of area. Chandigarh is the state capital, Faridabad in National Capital Region is the most populous city of the state and Gurugram is a leading financial hub of NCR with major Fortune 500 companies located in it. Haryana has 6 administrative divisions, 22 districts, 72 sub-divisions, 93 revenue tehsils, 50 sub-tehsils, 140 community development blocks, 154 cities and towns, 6,848 villages and 6222 villages panchayats.",te,True,0,"Haryana (), carved out of the former state of East Punjab on 1November 1966","హర్యానా (), పూర్వ పంజాబ్ రాష్ట్రం నుండి 1 నవంబర్ 1966 న చెక్కబడింది",False,True
కర్నూలు నగరం ఎన్ని రోజులు ఆంద్రప్రదేశ్ రాష్ట్ర రాజధానిగా ఉంది?,"Kurnool is the headquarters of Kurnool district in the Indian state of Andhra Pradesh. The city is often referred as ""The Gateway of Rayalaseema"". It was the capital of Andhra State from 1 October 1953 to 31 October 1956. census, it is the fifth most populous city in the state with a population of 460,184.",te,True,187,1 October 1953 to 31 October 1956,1953 అక్టోబర్ 1 నుంచి 1956 అక్టోబర్ 31 వరకు,False,True
ఉష్ణోగ్రతని ఎన్ని ప్రమాణాలలో కొలుస్తారు?,"Temperature is a physical quantity expressing hot and cold. It is measured with a thermometer calibrated in one or more temperature scales. The most commonly used scales are the Celsius scale (formerly called ""centigrade"") (denoted °C), Fahrenheit scale (denoted °F), and Kelvin scale (denoted K). The kelvin (spelled with a lower-case k) is the unit of temperature in the International System of Units (abbreviated SI), in which temperature is one of the seven fundamental base quantities. The Kelvin scale is widely used in science and technology.",te,True,178,"Celsius scale (formerly called ""centigrade"") (denoted °C","సెల్సియస్ స్కేల్ (గతంలో ""సెంటీగ్రేడ్"" అని పిలిచేవారు)",False,True
స్వాగతం చిత్రంలో నటించిన కథానాయకులు ఎవరు?,"Swagatham is a 1989 Indian Malayalam film, directed by Venu Nagavally and produced by Anand. The film stars Jayaram, Urvasi, Ashokan and Parvathy in lead roles. The film had musical score by Rajamani.",te,True,108,Jayaram,జయరమ్,False,True
భారతదేశ జాతీయజంతువు ఏది ?,"The Republic of India has been several official national symbols including a historical document, a flag, an emblem, an anthem, a memorial tower as well as several national heroes. All the symbols were picked up at various times. The design of the national flag was officially adopted by the Constituent Assemblyman just before independence, on the 22nd of July in 1947. There are also several other symbols including the national animal, bird, flower, fruit and tree and game.",te,True,439,bird,పక్షి,False,True
న్యూస్‌వీక్ సంస్థను ఎప్పుడు స్థాపించారు?,"The Newsweek Daily Beast Company LLC was an American media company, and owner of ""Newsweek"" and ""The Daily Beast"". It was established in 2010 as a merger between the two media outlets. The company was owned by IAC/InterActiveCorp and the estate of Sidney Harman, with Stephen Colvin of ""The Daily Beast"" as CEO. In August 2013, IBT Media acquired ""Newsweek"", leaving ""The Daily Beast"" under the management of The Newsweek Daily Beast Company, which today operates as a subsidiary of IAC.",te,True,137,2010,2010 సంవత్సరము,False,True
మద్రాసు హైకోర్టు ఎప్పుడు స్థాపించబడింది?,"The Madras High Court is the high court of the Indian state of Tamil Nadu. The court is one of the three High Courts in India established in the three Presidency Towns of Bombay, Calcutta and Madras by letters patent granted by Queen Victoria, bearing date 26 June 1862. It exercises original jurisdiction over the city of Chennai and appellate jurisdiction over the entire state of Tamil Nadu and Union territory of Puducherry, as well as extraordinary original jurisdiction, civil and criminal, under the letters patent and special original jurisdiction for the issue of writs under the Constitution of India.",te,True,265,1862,1862 వ సంవత్సరం,False,True
గ్రీకువీరుడు చిత్ర నిర్మాత ఎవరు?,"Greeku Veerudu (English Translation: The Greek Hero) is a 2013 Telugu romantic comedy film produced by D. Sivaprasad Reddy on Kamakshi Movies banner, directed by Dasarath. Starring Nagarjuna Akkineni, Nayantara in the lead roles and music composed by S. Thaman.",te,True,103,D. Sivaprasad Reddy,డి. సివప్రసాద్ రెడ్డి,False,True
న్యూస్‌వీక్ సంస్థను ఎవరు స్థాపించారు?,Newsweek is an American weekly magazine founded in 1933.,te,True,51,1933,1933,False,True
2015లో భారతదేశ ఆర్థిక శాఖ మంత్రి ఎవరు?,"The first Finance Minister of independent India was R. K. Shanmukham Chetty, who also presented its first Budget. The incumbent Arun Jaitley, of the Bharatiya Janata Party, has held office since 26 May 2014. , Morarji Desai has presented 10 budgets which is the highest followed by P Chidambaram's 9 and Pranab Mukherjee's 8. Yashwant Sinha, Yashwantrao Chavan and C.D. Deshmukh have presented 7 budgets each while Manmohan Singh and T.T. Krishnamachari have presented 6 budgets. As of February 2018, four Finance Ministers have gone on to become the Prime Minister who are: Morarji Desai, Charan Singh, V. P. Singh and Manmohan Singh.",te,True,128,Arun Jaitley,అరుణ్ జైట్లీ,False,True
రెండవ హరిహర రాయలు ఎప్పుడు మరణించాడు?,"Harihara II ಹರಿಹರ ೨ (1377–1404 CE) was an emperor of the Vijayanagara Empire from the Sangama Dynasty. He patronised Kannada poet Madhura, a Jaina. An important work on Vedas was completed during his time. He earned the titles ""Vaidikamarga Sthapanacharya"" and ""Vedamarga Pravartaka"".",te,True,26,1404,1404 వ వంశం,False,True
రామ రామ కృష్ణ కృష్ణ చిత్ర దర్శకుడు ఎవరు?,"Rama Rama Krishna Krishna is a 2010 Telugu action drama film that stars Ram Pothineni, Priya Anand and Bindu Madhavi in the lead role, whilst prominent actors Arjun Sarja, Nassar and Brahmanandam play pivotal roles. This film, directed by Srivas (""Lakshyam"" fame) and produced by noted producer, Dil Raju, released on 12 May 2010. Upon release the film received mixed reviews, critics mainly praising Ram's and Sarja's performance. The film failed at the box office. The film was dubbed later into Tamil as ""Gandhipuram"" and released on 24 December 2010 and in Hindi as ""Nafrat Ki Jung"" by Goldmines Telefilms in 2011.",te,True,239,Srivas,శ్రీవాస్,False,True
విశ్వాసం చిత్ర నిర్మాత ఎవరు ?,"Viswasam () is a 2019 Indian Tamil language masala film written and directed by Siva. The film features Ajith Kumar and Nayanthara in lead roles. Produced by Sathya Jyothi Films, the film was officially announced on 20 November 2017 and principal photography began in May 2018. The film was released on 10 January 2019.",te,True,158,Sathya Jyothi Films,సత్య జ్యోతి సినిమాలు,False,True
స్ట్రాబెర్రి  శాస్త్రీయ నామం ఏమిటి ?,"The garden strawberry (or simply strawberry; Fragaria × ananassa) is a widely grown hybrid species of the genus ""Fragaria"", collectively known as the strawberries. It is cultivated worldwide for its fruit. The fruit is widely appreciated for its characteristic aroma, bright red color, juicy texture, and sweetness. It is consumed in large quantities, either fresh or in such prepared foods as preserves, juice, pies, ice creams, milkshakes, and chocolates. Artificial strawberry flavorings and aromas are also widely used in many products like lip gloss, candy, hand sanitizers, perfume, and many others.",te,True,45,Fragaria × ananassa,Fragaria × ananassa,False,True
తక్షశిల విశ్వవిద్యాలయం ఎక్కడ ఉంది ?,"The Takshashila Institution is an independent, networked think tank and public policy school based in India. It focuses on strategic affairs, public policy and governance. The Takshashila Institution is registered as a non-profit trust.",te,True,102,India,భారతదేశం,False,True
ప్రపంచములోని ఖండాల సంఖ్య ఎంత ?,"A continent is one of several very large landmasses of the world. Generally identified by convention rather than any strict criteria, up to seven regions are commonly regarded as continents. Ordered from largest in area to smallest, they are: Asia, Africa, North America, South America, Antarctica, Europe, and Australia.",te,True,140,seven,ఏడు,False,True
శారదా దేవి ఎక్కడ జన్మించింది?,"Saradamani Devi was born of Brahmin parents as the eldest daughter on 29 December 1853, in the quiet village of Jayrambati in present-day West Bengal, India. Her parents, Ramachandra Mukhopadhyay and Shyama Sundari Devi, were poor. Her father Ramchandra earned his living as a farmer and through the performance of priestly duties. According to traditional accounts, Ramachandra and Syama Sundari had visions and supernatural events foretelling the birth of a divine being as their daughter.",te,True,112,Jayrambati in present-day West Bengal,ప్రస్తుత పశ్చిమ బెంగాల్ లో జయరాంబతి,False,True
ప్రపంచంలోని అతి పెద్ద రాజకీయపార్టీ ఏది ?,"The Bharatiya Janata Party (; translation: Indian People's Party; BJP) is one of the two major political parties in India, along with the Indian National Congress. , it is the country's largest political party in terms of representation in the national parliament and state assemblies, and it is the world's largest party in terms of primary membership. BJP is a right-wing party, and its policy has historically reflected Hindu-nationalist positions. It has close ideological and organisational links to the Rashtriya Swayamsevak Sangh.",te,True,4,Bharatiya Janata Party,భారతీయ జనతా పార్టీ,False,True
ప్రపంచములో ఎన్ని ఖండాలు ఉన్నాయి?,"A continent is one of several very large landmasses of the world. Generally identified by convention rather than any strict criteria, up to seven regions are commonly regarded as continents. Ordered from largest in area to smallest, they are: Asia, Africa, North America, South America, Antarctica, Europe, and Australia.",te,True,140,seven,ఏడు,False,True
జీవ శాస్త్రాన్ని ఆంగ్లంలో ఏమంటారు?,"The term ""biology"" is derived from the Greek word , ""bios"", ""life"" and the suffix , ""-logia"", ""study of."" The Latin-language form of the term first appeared in 1736 when Swedish scientist Carl Linnaeus (Carl von Linné) used ""biologi"" in his ""Bibliotheca botanica"". It was used again in 1766 in a work entitled ""Philosophiae naturalis sive physicae: tomus III, continens geologian, biologian, phytologian generalis"", by Michael Christoph Hanov, a disciple of Christian Wolff. The first German use, ""Biologie"", was in a 1771 translation of Linnaeus' work. In 1797, Theodor Georg August Roose used the term in the preface of a book, ""Grundzüge der Lehre van der Lebenskraft"". Karl Friedrich Burdach used the term in 1800 in a more restricted sense of the study of human beings from a morphological, physiological and psychological perspective (""Propädeutik zum Studien der gesammten Heilkunst""). The term came into its modern usage with the six-volume treatise ""Biologie, oder Philosophie der lebenden Natur"" (1802–22) by Gottfried Reinhold Treviranus, who announced:",te,True,10,biology,జీవశాస్త్రం,False,True
గోధ్ర రైలు దహనంలో ఎంత మంది గాయపడ్డారు ?,"The Godhra train burning was an incident that occurred on the morning of 27 February 2002, in which 59 people died in a fire inside the Sabarmati Express train near the Godhra railway station in the Indian state of Gujarat. The victims were Hindu pilgrims who were returning from the city of Ayodhya after a religious ceremony at the disputed Babri Masjid site. The commission set up by the Government of Gujarat to investigate the train burning spent 6 years going over the details of the case, and concluded that the fire was arson committed by a mob of 1,000 to 2,000 people. A commission appointed by the central government, whose appointment was later held to be unconstitutional, stated that the fire had been an accident. A court convicted 31 Muslims for the incident and the conspiracy for the crime. The conviction was later upheld by the Gujarat High Court, ",te,True,100,59,59,False,True
త్రిష నటించిన తొలి తెలుగు చిత్రం ఏంటి?,"After appearing in a supporting role in the 1999 Tamil film ""Jodi"", she had her first lead role in the 2002 film ""Mounam Pesiyadhe"". She later rose to fame starring in the successful films, ""Saamy"" (2003) and ""Ghilli"" (2004) in Tamil cinema and ""Varsham"" (2004) in Telugu cinema, for which she secured her first South Filmfare Best Actress Award. She went on to win the award two more times for ""Nuvvostanante Nenoddantana"" (2005) and ""Aadavari Matalaku Ardhalu Verule"" (2007). In 2010, she made her Bollywood début in ""Khatta Meetha"". She was seen in her career best performances in ""Abhiyum Naanum"" (2008), ""Vinnaithaandi Varuvaayaa"" (2010) for which she won Vijay Award for Favourite Heroine and was nominated for Filmfare Best Tamil Actress Award.",te,True,60,"""Jodi""","""జోడి""",False,True
దిక్కులను తెలుసుకోవడానికి వాడే పరికరం ఏమిటి?,"A compass is an instrument used for navigation and orientation that shows direction relative to the geographic cardinal directions (or points). Usually, a diagram called a compass rose shows the directions north, south, east, and west on the compass face as abbreviated initials. When the compass is used, the rose can be aligned with the corresponding geographic directions; for example, the ""N"" mark on the rose points northward. Compasses often display markings for angles in degrees in addition to (or sometimes instead of) the rose. North corresponds to 0°, and the angles increase clockwise, so east is 90° degrees, south is 180°, and west is 270°. These numbers allow the compass to show magnetic North azimuths or true North azimuths or bearings, which are commonly stated in this notation. If magnetic declination between the magnetic North and true North at latitude angle and longitude angle is known, then direction of magnetic North also gives direction of true North.",te,True,2,compass,కంబాస్,False,True
2017 భారత్ ప్రధానమంత్రి ఎవరు?,"In the general election of 2014, the BJP-led NDA got an absolute majority, winning 336 out of 543 Lok Sabha seats; the BJP itself became the first party since 1984 to get a majority in the Lok Sabha. Narendra Modi—the Chief Minister of Gujarat—was elected prime minister, becoming the first prime minister to have been born in an independent India.",te,True,200,Narendra Modi,నరేంద్ర మోదీ,False,True
బ్రిటిషు వారు శ్రీకాకుళం పేరును ఏమని పలికేవారు?,"The city was known as ""Chicacole"" before Indian Independence.",te,True,23,Chicacole,చికాకోల్,False,True
2017 లో భారత్ ప్రధాన మంత్రి ఎవరు?,"Narendra Damodardas Modi (; born 17 September 1950) is an Indian politician serving as the 14th and current Prime Minister of India since 2014. He was the Chief Minister of Gujarat from 2001 to 2014, and is the Member of Parliament for Varanasi. Modi is a member of the Bharatiya Janata Party (BJP) and the Rashtriya Swayamsevak Sangh (RSS).",te,True,0,Narendra Damodardas Modi,నరేంద్ర దమోదార్దస్ మోదీ,False,True
2019 నాటికి ఆంధ్ర ప్రదేశ్ రాష్ట్రములో ఎన్ని విశ్వవిద్యాలయాలు ఉన్నాయి?,"In Andhra Pradesh there are eighteen state universities, five deemed universities, and one autonomous university.
",te,True,28,"eighteen state universities, five deemed universities, and one autonomous university","పద్దెనిమిది రాష్ట్ర విశ్వవిద్యాలయాలు, ఐదు గుర్తింపు పొందిన విశ్వవిద్యాలయాలు మరియు ఒక స్వతంత్ర విశ్వవిద్యాలయం",False,True
వోల్ఫ్ అఫ్ వాల్ స్ట్రీట్ చిత్ర నిడివి ఎంత?,"""The Wolf of Wall Street"" premiered at the Ziegfeld Theatre in New York City on December 17, 2013, followed by a wide release on December 25, 2013. It was previously slated to be released on November 15, 2013, but the date was pushed back after film cuts were made to reduce the run time. On October 22, 2013, it was reported that the film was set for a Christmas 2013 release. Paramount officially confirmed the Christmas Day 2013 release date on October 29, 2013, with a running time of 165 minutes. On November 25, 2013, the length was announced to be 179 minutes. It was officially rated R for ""sequences of strong sexual content, graphic nudity, drug use and language throughout, and for some violence"". Scorsese had to edit sexual content and nudity to avoid an NC-17 rating. By different counts, the film contains between 506 and 569 uses of the word ""fuck"", and currently holds the record for the most uses of the word in a mainstream non-documentary film.",te,True,555,179 minutes,179 నిమిషాలు,False,True
యూ ఎస్ ఏ గల రాష్ట్రాల సంఖ్య ఎంత ?,"The United States of America is a federal republic consisting of 50 states, a federal district (Washington, D.C., the capital city of the United States), five major territories, and various minor islands. The 48 contiguous states and Washington, D.C., are in central North America between Canada and Mexico; the two other states, Alaska and Hawaii, are in the northwestern part of North America and an archipelago in the mid-Pacific, respectively, while the territories are scattered throughout the Pacific Ocean and the Caribbean Sea.",te,True,65,50,50,False,True
ఆంధ్ర ప్రదేశ్ రాష్ట్ర సముద్ర తీర రేఖ పొడువు ఎంత?,"Andhra Pradesh has a coastline of – the second longest coastline among the states of India, after Gujarat – with jurisdiction over almost 15,000 km2 of territorial waters. The state is bordered by Telangana in the north-west, Chhattisgarh and Odisha in the north-east, Karnataka in the west, Tamil Nadu in the south, and to the east lies the Bay of Bengal. The small enclave of Yanam, a district of Puducherry, lies to the south of Kakinada in the Godavari delta on the eastern side of the state.",te,True,138,"15,000 km2","15,000 చదరపు కిలోమీటర్లు",False,True
పరమేశ్వరుడి కంఠం ఏ రంగులో ఉంటుంది?,"Vāsuki is famous for coiling around Shiva's neck, who blessed and wore him as an ornament. ",te,True,0,Vāsuki,వాసుకి,False,True
పశ్చిమ బెంగాల్ రాష్ట్ర హైకోర్టు ఎక్కడ ఉంది?,"The seat of the Calcutta High Court is at Kolkata, capital of West Bengal. As per the Calcutta High Court (Extension of Jurisdiction) Act, 1953, the Calcutta High Court's jurisdiction was extended to cover Chandernagore (now called Chandannagar) and the Andaman and Nicobar Islands as of 2 May 1950. The Calcutta High Court extended its Circuit Bench in Port Blair, the capital of the Andaman and Nicobar Islands and in Jalpaiguri, the divisional headquarters of the North Bengal region of West Bengal.",te,True,42,Kolkata,కోల్కతా,False,True
తూర్పు గోదావరి జిల్లాలో ప్రవహిస్తున్న అతిపెద్ద నది ఏది?,"The Godavari is India's second longest river after the Ganga. Its source is in Triambakeshwar, Maharashtra. It flows east for draining the states of Maharashtra (48.6%), Telangana (18.8%), Andhra Pradesh (4.5%), Chhattisgarh (10.9%), Madhya Pradesh (10.0%), Odisha (5.7%), Karnataka (1.4%) and Puducherry (Yanam) and emptying into Bay of Bengal through its extensive network of tributaries. Measuring up to , it forms one of the largest river basins in the Indian subcontinent, with only the Ganges and Indus rivers having a larger drainage basin. In terms of length, catchment area and discharge, the Godavari river is the largest in peninsular India, and had been dubbed as the Vridha Ganga – Ganges.",te,True,4,Godavari,గోదావరి,False,True
లైఫ్ అఫ్ పై చిత్ర నిర్మాత ఎవరు ?,"In February 2009, Fox 2000 Pictures hired Ang Lee to direct the film. In May 2010, Lee and the producer Gil Netter proposed a reported budget of US$120 million, at which the studio balked, placing the project's development on hold for a short time. David Magee was hired to write the screenplay, as Lee began to spend several months looking for someone to cast as Pi. Lee stated that water was a major inspiration behind making the film in 3-D: ""I thought this was a pretty impossible movie to make technically. It's so expensive for what it is. You sort of have to disguise a philosophical book as an adventure story. I thought of 3-D half a year before 'Avatar' was on the screen. I thought water, with its transparency and reflection, the way it comes out to you in 3-D, would create a new theatrical experience and maybe the audience or the studio would open up their minds a little bit to accept something different."" Following the premiere of the film, Lee stated that his desire to take risks and chances helped with his direction, saying ""In a strange way it did feel like we're the vessels, we have to surrender to movie god. We have to let things happen. I just had this feeling, I'll follow this kid to wherever this movie takes me. I saw the movie start to unravel in front of me.""",te,True,104,Gil Netter,గిల్ నెట్ర్,False,True
లక్ష్మీ కళ్యాణం చిత్ర సంగీత దర్శకుడు ఎవరు?,"Audio of Lakshmi Kalyanam was released on 26 January 2007 at Big 92.7 FM radio station in Hyderabad. Big FM station director Ashwin launched the audio and gave the first unit to music director RP Patnaik. This function was also graced by Swapna (programming director of BIG FM), Jeethi (producer), Nihal, Pranathi and Malavika. Madhura Entertainment bought the audio rights.
",te,True,193,RP Patnaik,ఆర్ పి పట్నాయక్,False,True
కృష్ణకుమార్ దినేష్ కార్తీక్ ఎప్పుడు అంతర్జాతీయ క్రికెట్ లోకి వచ్చాడు?,"Krishna Kumar Dinesh Karthik (; born 1 June 1985) is Indian wicketkeeper-batsman who made his debut for the Indian cricket team in 2004 and has been a regular member of the team for varying periods since then, including a stint in 2007 as a specialist opening batsman and non-wicket-keeper. Karthik was a batsman in his junior career, but turned to wicket-keeping in order to improve his future prospects. He is the present captain of Kolkata Knight Riders replacing Gautam Gambhir.
His greatest performance in T20 cricket was his quickfire knock of unbeaten 29 runs off 8 deliveries during the final of the 2018 Nidahas Trophy against Bangladesh. Rising through the junior ranks, Karthik made his first-class debut in late-2002 for Tamil Nadu as a 17-year-old, and was dropped in his first season despite his healthy run-scoring because of his problematic glovework. He fought his way back into the team and after playing for India at the 2004 Under-19 World Cup, made his ODI and Test cricket debut in late 2004.",te,True,131,2004,2004 సంవత్సరం,False,True
ప్రపంచంలో అధికంగా వాడే  భాష ఏది?,"A world language is spoken internationally and is learned and spoken by a large number of people as a second language. A world language is characterized not only by the total number of speakers (native and second language speakers), but also by its geographical distribution, as well as use in international organizations and diplomatic relations.
One of the most widely spoken and fastest spreading world languages today is English, which has over 980,000,000 first- and second-language users worldwide.",te,True,425,English,ఇంగ్లీష్,False,True
2018 నాటికి చిత్తూరు జిల్లాలో అతిపెద్ద జంతు ప్రదర్శనశాల పేరు ఏమిటి?,"Established in 1987, Tirupati Zoo or Sri Venkateswara Zoological Park is a zoo located at Tirupati and is Asia's Second largest Zoo with an area of 5500 acres. It is built on the concept of Hindhu Mythology. It exhibits only animals that are mentioned in our ancient epics like Ramayana, Mahabharatha, Panchatantra. The enclosures are also named based on Indian Mythology. It hosts wide range of animals, Reptiles and Birds like Deers, Monkeys, Lions, Tigers, Bears, Elephants, Peafowl, Grey pelican, Marsh crocodile, Starred tortoise etc.",te,True,37,Sri Venkateswara Zoological Park,శ్రీ వెంకటేశ్వర జూలాజికల్ పార్క్,False,True
అగస్త్య మహాముని ఎక్కడ జన్మించాడు?,"Agastya is the named author of several hymns of the ""Rigveda"" (1500-1200 BCE). These hymns do not provide his biography. The origins of Agastya are mythical. Unlike most Vedic sages, he has neither a human mother nor a father in its legends. His miraculous birth follows a yajna being done by gods Varuna and Mitra, where the celestial apsara Urvashi appears. They are overwhelmed by her extraordinary sexuality, and ejaculate. Their semen falls into a mud pitcher, which is the womb in which the fetus of Agastya grows. He is born from this jar, along with his twin sage Vashistha in some mythologies. This mythology gives him the name ""kumbhayoni"", which literally means ""he whose womb was a mud pot"".",te,True,453,mud pitcher,బురద గిన్నె,False,True
ది వాల్ట్ డిస్నీ కంపెనీ 2019 సంవత్సరంలో సీఈఓ ఎవరు?,"Robert Allen Iger (; born February 10, 1951) is an American media executive and businessman who is Chairman and Chief Executive Officer (CEO) of The Walt Disney Company. Before working for Disney, Iger served as the President of ABC Television from 1994–95, and as President/COO of Capital Cities/ABC, Inc. from 1995 until Disney's acquisition of the company in 1996.",te,True,0,Robert Allen Iger,రాబర్ట్ అలాన్ ఐగర్,False,True
హైదరాబాదు విస్తీర్ణత ఎంత ?,Hyderabad is located in central Telangana and is spread over an area of 260 km2. The city lies in the Deccan Plateau and rises to an average height of 536 m above the sea level. The city lies at 17.366° N latitude and 78.476° E longitude.,te,True,72,260 km2,260 కిలోమీటర్ల చదరపు,False,True
2011 నాటికి మహారాష్ట్ర రాష్ట్ర ముఖ్యమంత్రి ఎవరు?,"Prithviraj Chavan (born 17 March 1946) is an Indian politician who was the 17th Chief Minister of Maharashtra, a state in Western India. Chavan is a graduate of the Birla Institute of Technology and Science, Pilani and University of California in mechanical engineering. He spent time working in the field of aircraft instrumentation and designing audio recorders for anti-submarine warfare in the US before returning to India and becoming an entrepreneur in 1974. Referred to in the media as a technocrat with a clean, non-controversial image, a low-profile leader. Chavan served as the Minister of State in the Prime Minister's Office in the Ministry of Parliamentary Affairs and Ministry of Personnel, Public Grievances, and Pensions. Chavan was also General Secretary of the All-India Congress Committee (AICC), in-charge of many states, including Jammu and Kashmir, Karnataka, Haryana, Gujarat, Tripura, and Arunachal Pradesh.",te,True,0,Prithviraj Chavan,ప్రిత్విరాజ్ చావన్,False,True
జంతువులకు భావనలు ఉన్నాయని కనుగొన్న శాస్త్రవేత్త ఎవరు?,"The existence and nature of emotions in animals are believed to be correlated with those of humans and to have evolved from the same mechanisms. Charles Darwin was one of the first scientists to write about the subject, and his observational (and sometimes anecdotal) approach has since developed into a more robust, hypothesis-driven, scientific approach. Cognitive bias tests and learned helplessness models, have shown feelings of optimism and pessimism in a wide range of species including rats, dogs, cats, rhesus macaques, sheep, chicks, starlings, pigs, and honeybees.",te,True,145,Charles Darwin,చార్లెస్ డార్విన్,False,True
ప్రజా రాజ్యం పార్టీ అధ్యక్షుడు ఎవరు?,"Praja Rajyam Party (translation: People's Rule) was a regional political party in the state of Andhra Pradesh in India, founded by Telugu cinema actor Chiranjeevi on 26 August 2008. On 6 February 2011, it was officially announced that the party would be merging into the Indian National Congress. As announced, it was formally merged with Indian National Congress in August 2011.",te,True,151,Chiranjeevi,చిరంజీవి,False,True
శుక్రుని చుట్టూ ఎన్ని ఉపగ్రహాలు ఉంటాయి?,"Venus has no natural satellites. It has several trojan asteroids: the quasi-satellite and two other temporary trojans, and . In the 17th century, Giovanni Cassini reported a moon orbiting Venus, which was named Neith and numerous sightings were reported over the following , but most were determined to be stars in the vicinity. Alex Alemi's and David Stevenson's 2006 study of models of the early Solar System at the California Institute of Technology shows Venus likely had at least one moon created by a huge impact event billions of years ago. About 10 million years later, according to the study, another impact reversed the planet's spin direction and caused the Venusian moon gradually to spiral inward until it collided with Venus. If later impacts created moons, these were removed in the same way. An alternative explanation for the lack of satellites is the effect of strong solar tides, which can destabilize large satellites orbiting the inner terrestrial planets.",te,True,10,no natural satellites,సహజ ఉపగ్రహాలు లేవు,False,True
నత్త జీవితకాలం ఎంత ?,"Most species of land snail are annual, others are known to live 2 or 3 years, but some of the larger species may live over 10 years in the wild. For instance, 10-year old individuals of the Roman snail ""Helix pomatia"" are probably not uncommon in natural populations. Populations of some threatened species may be dependent on a pool of such long-lived adults. In captivity, the lifespan of snails can be much longer than in the wild, for instance up to 25 years in ""H. pomatia"".",te,True,64,"2 or 3 years, but some of the larger species may live over 10 years","2 లేదా 3 సంవత్సరాలు, కానీ కొన్ని పెద్ద జాతులు 10 సంవత్సరాల కంటే ఎక్కువ జీవిస్తాయి",False,True
2011 గణాంకాల ప్రకారం భారతదేశ జనాభా ఎంత?,"The population of India as per 2011 census was . India added 181.5 million to its population since 2001, slightly lower than the population of Brazil. India, with 2.4% of the world's surface area, accounts for 17.5% of its population. Uttar Pradesh is the most populous state with roughly 200 million people. Over half the population resided in the six most populous states of Uttar Pradesh, Maharashtra, Bihar, West Bengal, Andhra Pradesh and Madhya Pradesh. Of the 1.21 billion Indians, 833 million (68.84%) live in rural areas while 377 million stay in urban areas. 453.6 million people in India are migrants, which is 37.8% of total population.",te,True,467,1.21 billion,1.21 బిలియన్లు,False,True
క్రికెట్‌ ఎక్కడ పుట్టింది?,"Given Derrick's age, it was about half a century earlier when he was at school and so it is certain that cricket was being played c. 1550 by boys in Surrey. The view that it was originally a children's game is reinforced by Randle Cotgrave's 1611 English-French dictionary in which he defined the noun """"crosse"""" as ""the crooked staff wherewith boys play at cricket"" and the verb form """"crosser"""" as ""to play at cricket"".",te,True,130,c. 1550,సి. 1550,False,True
కొత్తజంట చిత్ర దర్శకుడు ఎవరు?,"Kotha Janta (, ) is a Telugu film directed by Maruthi and produced by Bunny Vasu on the prestigious Geetha Arts Banner. It stars Allu Sirish and Regina Cassandra in the lead roles. The film released on 1 May 2014 to mixed reviews from critics but positive response from the movie viewers due to its high comedy content. The film was a commercial hit.",te,True,46,Maruthi,మరుతి,False,True
విశాఖపట్నం భారత ఏ నౌకా దళ కమాండుకు కేంద్రంగా ఉంది?,"The Eastern Naval Command of the Indian Navy is one of its three major formations. It utilizes Visakhapatnam as its headquarters, and has bases there and at Kolkata. It is the first and largest naval command in India.",te,True,4,Eastern Naval Command,తూర్పు నావికాదళ కమాండ్,False,True
ద్రావితం అంటే ఏంటి?,"A liquid is a nearly incompressible fluid that conforms to the shape of its container but retains a (nearly) constant volume independent of pressure. As such, it is one of the four fundamental states of matter (the others being solid, gas, and plasma), and is the only state with a definite volume but no fixed shape. A liquid is made up of tiny vibrating particles of matter, such as atoms, held together by intermolecular bonds. Water is, by far, the most common liquid on Earth. Like a gas, a liquid is able to flow and take the shape of a container. Most liquids resist compression, although others can be compressed. Unlike a gas, a liquid does not disperse to fill every space of a container, and maintains a fairly constant density. A distinctive property of the liquid state is surface tension, leading to wetting phenomena.",te,True,14,nearly incompressible fluid that conforms to the shape of its container but retains a (nearly) constant volume independent of pressure,"దాదాపుగా కంప్రెస్ చేయలేని ద్రవం, ఇది దాని కంటైనర్ ఆకృతికి అనుగుణంగా ఉంటుంది, కానీ ఒత్తిడి నుండి స్వతంత్రంగా (దాదాపుగా) స్థిరమైన వాల్యూమ్ను కలిగి ఉంటుంది",False,True
శ్రీ కృష్ణదేవ రాయలు విజయనగర సామ్రాజ్యాన్ని ఎన్ని సంవత్సరాలు పాలించాడు?,"Krishnadevaraya (IAST ) was an emperor of the Vijayanagara Empire who reigned from 1509–1529. He is the third ruler of the Tuluva Dynasty. Presiding over the empire at its zenith, he is regarded as an icon by many Indians. Krishna Deva Raya earned the titles ""Kannada Rajya Rama Ramana"" (""lit"", ""Lord of the Kannada empire""), ""Andhra Bhoja"" (""lit"", ""Bhoja for Telugu Literature"") and ""Mooru Rayara Ganda"" (""lit"", ""King of Three Kings""). He became the dominant ruler of the peninsula of India by defeating the Sultans of Bijapur, Golconda, the Bahmani Sultanate and the Gajapatis of Odisha. He was one of the most powerful of all the Hindu rulers of India. Indeed, when the Mughal Emperor Babur was taking stock of the potentates of north India, Krishnadevaraya was rated the most powerful and had the most extensive empire in the subcontinent.",te,True,83,1509–1529,1509 1529,False,True
భారతదేశంలో పులికాట్ సరస్సు ఏ రాష్ట్రంలో ఉంది?,"The Tamil Nadu part of the lake is north of Chennai and the nearest airport and major railway station are in Chennai. The nearest suburban railway station is at Ponneri. To reach Pulicat on the National Highway 5 from Chennai, drive north toward Nellore, after , turn right towards Ponneri village and continue to Pulicat village. Sullurpeta station is from Sriharikota. The Buckingham Canal on the western side of the lagoon is the navigation route through the lake used by cargo and passenger vessels.",te,True,44,Chennai,చెన్నై,False,True
ఢిల్లీ పోలీస్ ఏర్పడిన సంవత్సరం ఏది ?,"Delhi Police has its origin in a small security force, established in 1854, under the assistant of British Resident to the Mughal Imperial Courts. Founded in 1861 after the adoption of the Indian Police Act, Delhi Police remained a part of the Punjab Police until India gained independence in 1947.",te,True,70,1854,1854 సంవత్సరము,False,True
భలే భలే మగాడివోయ్ చిత్ర కథానాయిక ఎవరు ?,"Bhale Bhale Magadivoy () is a 2015 Indian Telugu-language romantic comedy film written and directed by Maruthi Dasari. Jointly produced by Bunny Vasu, V. Vamsi Krishna Reddy, and Pramod Uppalapati under their production companies GA2 Pictures and UV Creations, ""Bhale Bhale Magadivoy"" features Nani and Lavanya Tripathi in the lead roles, and Murli Sharma, Ajay, Naresh, Sithara, and Vennela Kishore in supporting roles. The film revolves around Lucky, an absent-minded plant scientist and his efforts to hide his inherent memory-related flaws from Nandana, a benevolent kuchipudi dancer with whom he is in a relationship.",te,True,303,Lavanya Tripathi,లావణ్య త్రిపాఠి,False,True
గూగుల్ పే యాప్ ని ఏ సంవత్సరంలో విడుదల చేసారు ?,"Google demonstrated the original version of the service at a press conference on May 26, 2011. The first app was released in the US only on September 19, 2011.",te,True,154,2011,2011 సంవత్సరము,False,True
భారత ప్రభుత్వం ఐదు వందల రూపాల నోటు ను ఎప్పుడు రద్దు చేసింది?,Starting from midnight 8 November 2016 all ₹500 and ₹1000 banknotes of the Mahatma Gandhi Series ceased to be a form of legal tender after a televised address to India by Prime Minister Narendra Modi.,te,True,34,2016,2016 సంవత్సరం,False,True
జాతీయోద్యమం ఎప్పుడు మొదలయింది ?,"The Pakistan National Movement was founded in 1933 by Choudhry Rahmat Ali who is also credited with creating the name ""Pakistan"", for a separate Muslim homeland in South Asia. After publishing the declaration Now or Never, he felt the need of putting up a co-operative effort to publicize and promote his ideas. He started the movement by publishing an eight-page pamphlet.",te,True,46,1933,1933,False,True
2010 నాటికి కరీంనగర్ జిల్లాలో అక్షరాస్యత శాతం ఎంత?,"Karimnagar city has a literacy rate of 85.82%, which is highest urban literacy rate in Telangana state. Karimnagar urban agglomeration has a literacy rate of 84.93% which is almost equal to the National Urban average of 85%. The literacy rate for males and females for Karimnagar urban region stood at 91.06% and 78.69% respectively.",te,True,225,The literacy rate for males and females for Karimnagar urban region stood at 91.06% and 78.69% respectively,"కరీమ్ నగర్ పట్టణ ప్రాంతంలో పురుషుల, మహిళల అక్షరాస్యత రేటు వరుసగా 91.06% మరియు 78.69% గా ఉంది.",False,True
టూపాక్ షకుర్ పై కాల్పులు ఎక్కడ జరిగాయి?,"Tupac Shakur, a highly successful American hip hop artist, was fatally shot on September 7th, 1996, in a drive-by shooting in Las Vegas, Nevada. He was 25 years old. The shooting occurred at 11:15 p.m. Pacific time when the car carrying Shakur was stopped at a red light at East Flamingo Road and Koval Lane. Shakur was struck by four .40 caliber rounds fired from a Glock: two in the chest, one in the arm, and one in the thigh. He died from his wounds six days later.",te,True,0,"Tupac Shakur, a highly successful American hip hop artist, was fatally shot on September 7th, 1996","యుఎస్ హిప్ హాప్ కళాకారుడు తుప్యాక్ షకుర్, 1996 సెప్టెంబర్ 7వ తేదీన హత్యకు గురయ్యాడు.",False,True
ఆంధ్ర ప్రదేశ్ రాష్ట్రంలో ప్రవహించే అతి పెద్ద నది ఏది?,"Its course is relatively non-significant except for receiving two smaller streams – Indrayani and Masuli – merging at its left and right banks respectively. Within the last taluka of the district Parbhani, Purna, the river drains a major tributary of the same name: Purna",te,True,62,two smaller streams – Indrayani and Masuli,"రెండు చిన్న ప్రవాహాలు  ఇంద్రయానీ, మసులి",False,True
ఇమేజ్ సెన్సర్ లు ఎన్ని రకాలు ?,"The two major types of digital image sensor are CCD and CMOS. A CCD sensor has one amplifier for all the pixels, while each pixel in a CMOS active-pixel sensor has its own amplifier. Compared to CCDs, CMOS sensors use less power. Cameras with a small sensor use a back-side-illuminated CMOS (BSI-CMOS) sensor. Overall final image quality is more dependent on the image processing capability of the camera, than on sensor type.",te,True,0,The two major types of digital image sensor are CCD and CMOS,డిజిటల్ ఇమేజ్ సెన్సార్ యొక్క రెండు ప్రధాన రకాలు CCD మరియు CMOS,False,True
టిగ్ ఎప్పటి నుండి వాడుకలోకి వచ్చింది?,"Russell Meredith of Northrop Aircraft perfected the process in 1941. Meredith named the process Heliarc because it used a tungsten electrode arc and helium as a shielding gas, but it is often referred to as tungsten inert gas welding (TIG). The American Welding Society's official term is gas tungsten arc welding (GTAW). Linde Air Products developed a wide range of air-cooled and water-cooled torches, gas lenses to improve shielding, and other accessories that increased the use of the process. Initially, the electrode overheated quickly and, despite tungsten's high melting temperature, particles of tungsten were transferred to the weld. To address this problem, the polarity of the electrode was changed from positive to negative, but the change made it unsuitable for welding many non-ferrous materials. Finally, the development of alternating current units made it possible to stabilize the arc and produce high quality aluminum and magnesium welds.",te,True,63,1941,1941,False,True
ఆముక్తమాల్యద పుస్తకాన్ని శ్రీ కృష్ణదేవరాయలు ఎప్పుడు రచించాడు?,"Krishnadevaraya was the king of the Vijayanagara Empire reigning between 1509–1530. He was the third ruler of the Tuluva Dynasty, and presided over the Vijaynagar empire at its zenith. Krishna Deva Raya earned the titles of ""Kannada Rajya Rama Ramana"" (""lit"", ""Lord of the Kannada empire""), ""Andhra Bhoja"" and ""Mooru Rayara Ganda"" (""lit"", ""King of three Kings""). He became the dominant ruler of the peninsula of India by defeating the Sultans of Bijapur, Golconda, the Bahmani Sultanate and the Gajapati Kingdom of Orissa.",te,True,73,1509–1530,1509 1530,False,True
విద్య చిత్ర దర్శకుడు ఎవరు?,"Vidya is 1948 Bollywood family drama film directed by Girish Trivedi, starring Dev Anand, Suraiya and Madan Puri.",te,True,54,Girish Trivedi,గిరిష్ త్రివేది,False,True
ఇన్స్టంట్ కెమెరాను ఏ సంవత్సరంలో కనుగొన్నారు?,"The instant camera is a type of camera which uses self-developing film to create a chemically developed print shortly after taking the picture. Polaroid Corporation pioneered (and patented) consumer-friendly instant cameras and film, and were followed by various other manufacturers.
The invention of commercially viable instant cameras which were easy to use is generally credited to American scientist Edwin Land, who unveiled the first commercial instant camera, the model 95 Land Camera, in 1948, a year after unveiling instant film in New York City. The earliest instant camera, which consisted of a camera and portable wet darkroom in a single compartment, was invented in 1923 by Samuel Shlafrock.",te,True,679,1923,1923,False,True
విశాఖపట్నం జిల్లాలో ఎన్ని లోక్‌సభ నియోజకవర్గాలు ఉన్నాయి?,Visakhapatnam Lok Sabha constituency is one of the 25 Lok Sabha (Lower House of the Parliament) constituencies in Andhra Pradesh state in southern India.,te,True,51,25,25,False,True
జనకుడు కూతురి పేరేమిటి?,"Janaka is the father of Sita, the wife of God Ram in the Hindu epic Ramayana. His conversation with Ashtavakra is recorded as Ashtavakra Gita, wherein he is depicted as one realised and this tested by the sage Ashtavakra. Many spiritual teachers have referred to this writing often translating and deducing its meaning.",te,True,24,Sita,సీతా,False,True
ఆంధ్ర విశ్వవిద్యాలయం మొట్టమొదటి ఉప కులపతి ఎవరు?,"Andhra University was established in 1926 by the Madras University Act to serve the entire linguistic region of Andhra as a residential teaching-cum-affiliating University. The institution has Sir C.R. Reddy as its founder Vice-Chancellor and Sarvepalli Radhakrishnan as the second Vice-Chancellor. Mir Osman Ali Khan, The Seventh Nizam of Hyderabad, donated lakh for the university.",te,True,193,Sir C.R. Reddy,సర్ సి. ఆర్. రెడ్డీ,False,True
ప్రపంచంలో అతి పొడవైన రహదారి పొడవు ఎంత ?,"The Pan-American Highway is a network of roads stretching across the American continents and measuring about in total length. Except for a rainforest break of approximately , called the Darién Gap, the roads link almost all of the Pacific coastal countries of the Americas in a connected highway system. According to ""Guinness World Records"", the Pan-American Highway is the world's longest ""motorable road"". However, because of the Darién Gap, it is not possible to cross between South America and Central America with conventional highway vehicles. Without an all-terrain vehicle, it is necessary to circumnavigate this terrestrial stretch by sea.",te,True,4,Pan-American Highway,పాన్-అమెరికన్ హైవే,False,True
నల్ల మిరియాలు శాస్త్రీయ నామం ఏమిటి ?,"The misleading name ""pepper"" was given by Europeans when Christopher Columbus brought the plant back to Europe. At that time, black pepper (peppercorns), from the unrelated plant ""Piper nigrum"" originating from India, was a highly prized condiment; the name ""pepper"" was at that time applied in Europe to all known spices with a hot and pungent taste and was therefore naturally extended to the newly discovered genus ""Capsicum"". The most commonly used alternative name of the plant family, ""chile"", is of Mexican origin, from the Nahuatl word ""chilli"". Botanically speaking, bell peppers are fruits; however, they are considered vegetables in culinary contexts.",te,True,418,"""Capsicum","""కాప్సికమ్",False,True
కాకతీయుల సామ్రాజ్యం పేరు ఏమిటి?,"The 12th and 13th centuries saw the emergence of the Kakatiya dynasty. The Kakatiyas are known for their famous architecture such as Warangal Fort, Ramappa Temple, Thousand Pillar Temple and Kota Gullu.",te,True,53,Kakatiya dynasty,కాకాటియా రాజవంశం,False,True
పరమేశ్వరుడి మేడలో ఏ ప్రాణి ఉంటుంది?,"The iconographical attributes of Shiva are the serpent around his neck, the adorning crescent moon, the holy river Ganga flowing from his matted hair, the third eye on his forehead, the trishula or trident, as his weapon, and the damaru drum. He is usually worshipped in the aniconic form of Lingam. Shiva is a pan-Hindu deity, revered widely by Hindus, in India, Nepal and Sri Lanka.",te,True,47,serpent,పాము,False,True
ఓరుగల్లు ఏ రాజ్యానికి రాజధాని?,"The Kakatiya base was the city of Orugallu in the dry uplands of northern Telangana on the Deccan Plateau. From there they expanded their influence into Coastal Andhra, the delta between the Godavari and Krishna rivers that feed into the Bay of Bengal. According to Rao and Shulman, the latter contained a high proportion of Brahmins while the former was the haunt of ""peasants, artisans and warriors"". Under the Kakatiyas, cultural innovation often began in the uplands, was refined in the lowlands and then recycled back into the Deccan. This bi-directional flow of cultural influences brought into being a feeling of cultural affinity between those who spoke the Telugu language where nothing of that nature had previously existed. The unification of the distinct upland and lowland cultures was their most significant political achievement, achieved through a process of binding many locally powerful figures in allegiance to the empire.",te,True,4,Kakatiya,కాకతీయా,False,True
2018 నాటికి ఖమ్మం జిల్లాలో గోదావరి నది పై ఎన్ని వంతెనలు ఉన్నాయి?,There are 4 bridges spanning the river between East Godavari and West Godavari districts.,te,True,10,4,4,False,True
మహా శివుడి మెడలో ఏ ప్రాణి ఉంటుంది?,"The iconographical attributes of Shiva are the serpent around his neck, the adorning crescent moon, the holy river Ganga flowing from his matted hair, the third eye on his forehead, the trishula or trident, as his weapon, and the damaru drum. He is usually worshipped in the aniconic form of Lingam. Shiva is a pan-Hindu deity, revered widely by Hindus, in India, Nepal and Sri Lanka.",te,True,47,serpent,పాము,False,True
ఈత చెట్టు యొక్క శాస్త్రీయ నామం ఏంటి?,"Phoenix dactylifera, commonly known as date or date palm, is a flowering plant species in the palm family, Arecaceae, cultivated for its edible sweet fruit. Dates are also well known for being odorless. Although its place of origin is unknown because of long cultivation, it probably originated from the Fertile Crescent region straddling between Egypt and Mesopotamia. The species is widely cultivated across Northern Africa, The Middle East, The Horn of Africa and South Asia, and is naturalized in many tropical and subtropical regions worldwide. ""P. dactylifera"" is the type species of genus ""Phoenix"", which contains 12–19 species of wild date palms, and is the major source of commercial production.",te,True,597,Phoenix,ఫెనిక్స్,False,True
2016 నాటికి ఆలమూరు మండలంలో అత్యంత జనాభా కలిగిన గ్రామం ఏది?,"According to the 2011 census, Penumantra Mandal has 16 settlements made up of small villages. Penumantra is the most populated village and Mallipudi is the least.",te,True,30,Penumantra Mandal has 16 settlements made up of small villages. Penumantra is the most populated village,పెనుమంత్రా మండలంలో చిన్న గ్రామాలతో కూడిన 16 స్థావరాలు ఉన్నాయి. పెనుమంత్రా అత్యంత జనాభా కలిగిన గ్రామం,False,True
2019లో ఆంధ్ర ప్రదేశ్ రాష్ట్రములో మొత్తం ఎన్ని శాసనసభ నియోజకవర్గాలు ఉన్నాయి?,"The TDP's withdrawal from the National Democratic Alliance in March 2018 following the disputes between the TDP and the Bharatiya Janata Party (BJP) regarding the 
Special Category Status (SCS), a part of the Andhra Pradesh Reorganisation Act, 2014 has resulted in competition between the two parties. A few weeks later, the BJP announced that they will contest in all 175 assembly constituencies in the state. Head of YSR Congress Party and leader of the opposition in the fourteenth assembly, Y. S. Jaganmohan Reddy has been campaigning in the state since November 2017. As part of the campaign, Reddy had walked over on foot, across the state as of Oct 2018. Meanwhile, Pawan Kalyan's JSP had been gaining significant support in Uttarandhra (North Coastal Andhra Pradesh).",te,True,369,175,175,False,True
అమెరికా జాతీయ జెండాలో ఎన్ని నక్షత్రాలు ఉంటాయి?,"The flag of the United States of America, often referred to as the American flag, is the national flag of the United States. It consists of thirteen equal horizontal stripes of red (top and bottom) alternating with white, with a blue rectangle in the canton (referred to specifically as the ""union"") bearing fifty small, white, five-pointed stars arranged in nine offset horizontal rows, where rows of six stars (top and bottom) alternate with rows of five stars. The 50 stars on the flag represent the 50 states of the United States of America, and the 13 stripes represent the thirteen British colonies that declared independence from the Kingdom of Great Britain, and became the first states in the U.S. Nicknames for the flag include the Stars and Stripes, Old Glory, and the Star-Spangled Banner.",te,True,468,50,50,False,True
2016లో విశాఖపట్నం జిల్లాలో ఎన్ని అంతర్జాతీయ క్రికెట్ స్టేడియంలు ఉన్నాయి?,"Cricket is the most popular sport, followed by tennis and football. Visakhapatnam is home to a number of local cricket teams participating in district and zonal matches. Gully cricket (a form of cricket played in streets or parks) is a popular sport among local youth. Visakhapatnam co-hosted the 32nd National Games alongside Hyderabad in 2002. The city has seven cricket stadiums, which are used for Ranji Trophy matches; two of these stadiums have been used for one day international matches. Indira Priyadarshini Stadium, also known as the Municipal Corporation Stadium, hosted the first ODI match on 9 December 1988 and the last ODI on 3 April 2001. The stadium has been discontinued in favour of the new ACA-VDCA Stadium in Madhurawada.",te,True,424,two,రెండు,False,True
సాంద్రతని కొలిచే పరికరం ఏది ?,"A density meter, also known as a densimeter, is a device that measures the density. Density is usually abbreviated as either formula_1 or formula_2. Typically, density either has the units of ""formula_3"" or ""formula_4"". The most basic principle of how density is calculated is by the formula:",te,True,2,density meter,సాంద్రత కొలత,False,True
నేహా ధుపియా తన మొదటి ఫిల్మ్‌ఫేర్ అవార్డ్ ను ఏ చిత్రానికి అందుకున్నాడు?,"The film stars Vidya Balan as the titular character, an ambitious housewife who becomes a radio jockey for a late-night relationship advice show. Manav Kaul and Neha Dhupia co-star as Sulu's husband and boss, respectively. ""Tumhari Sulu"" was released worldwide on 17 November 2017, both critical and box office success earned over 584 million on a 200 million budget. The film received nine Filmfare Award nominations and won the Best Actress award for Vidya. It was remade in Tamil as ""Kaatrin Mozhi"" (2018) with Jyothika reprising Vidya's role.",te,True,224,Tumhari Sulu,తుమహరి సులు,False,True
తెలుగులో మొదటగా విడుదలైన సినిమా పేరేమిటి?,"Telugu cinema, also known by its sobriquet Tollywood, is the segment of Indian cinema dedicated to the production of motion pictures in the Telugu language, based in Film Nagar, a neighborhood of Hyderabad, Telangana. Since 1909, film maker Raghupathi Venkaiah was involved in producing short films and travelling to different regions in Asia to promote film work. In 1921, he produced the first Telugu silent film, ""Bhishma Pratigna"". He is cited as the father of Telugu cinema. Tollywood is second largest Film industry in India .",te,True,417,Bhishma Pratigna,భీష్మా ప్రతీగ్నా,False,True
ప్రపంచంలో అతి చిన్న నది ఏది?,"The D River is a river in Lincoln City, Oregon, United States. The once-nameless river was at one time the ""shortest river in the world"" in the ""Guinness World Records"" at . ",te,True,4,D River,D నది,False,True
ఇస్రో సంస్థ ప్రధాన కార్యాలయం ఎక్కడ ఉంది?,"The Indian Space Research Organisation (ISRO, ) is the space agency of the Government of India headquartered in the city of Bengaluru. Its vision is to ""harness space technology for national development while pursuing space science research and planetary exploration.""",te,True,124,Bengaluru,బెంగళూరు,False,True
విజయవాడలో ఉన్న అతిపెద్ద హిందూ దేవాలయం పేరు ఏంటి?,"Kanaka Durga Temple is a famous hindu Temple of Goddess Durga located in Vijayawada, Andhra Pradesh. The temple is located on the Indrakeeladri hill, on the banks of Krishna River. Kaalika puraana, Durgaa sapthashati and other vedic literature have mentioned about Goddess Kanaka Durga on the Indrakeelaadri and have described the deity as Swayambhu, (self-manifested) in Triteeya kalpa.",te,True,0,Kanaka Durga Temple,కానకా దుర్గా ఆలయం,False,True
కరక్కాయ ని ఆంగ్లములో ఏమంటారు?,"Terminalia chebula, commonly known as black- or chebulic myrobalan, is a species of ""Terminalia"", native to South Asia from India and Nepal east to southwest China (Yunnan), and south to Sri Lanka, Malaysia, and Vietnam.",te,True,48,chebulic myrobalan,చెబులిక్ మిరోబలాన్,False,True
నాయకుడు చిత్ర మొదటగా ఎప్పుడు విడుదల అయ్యింది?,"Nayak: The Real Hero is a 2001 Indian Hindi-language political thriller film directed by S. Shankar and starring Anil Kapoor, Rani Mukerji, Amrish Puri, Paresh Rawal and Johnny Lever in the lead roles. The film is a remake of S. Shankar's successful Tamil film ""Mudhalvan"" (1999). The film's score and soundtrack, composed by A. R. Rahman, were reused from ""Mudhalvan"" with Hindi lyrics. It was critically acclaimed and has since developed a mass cult following among audience. It did Amazing box office collections and was blockbuster. It was one of the most expensive films to be completely shot in India. Over the years it has emerged as a cult film due to its strong fan following. At the same time this film was remade in Bangladesh named ""Minister"" directed by Kazi Hayat starring Manna, Moushumi, Dildar and Kazi Hayat",te,True,26,2001,2001 వ సంవత్సరం,False,True
విజయవాడలో ఉన్న ప్రముఖ హిందూ దేవాలయం పేరు ఏంటి?,"The city is known for its landmarks such as Prakasham Barrage across the Krishna river; ""Krishnaveni Mandapam"" (River Museum) depicting the history of Krishna river and a nearby idol of the river known as Krishnaveni statue; Gandhi Hill, the first Mahatma Gandhi Memorial in the country, an elevation of 500 ft on the on a hill; Bhavani Island, one of the largest river island amidst Krishna River. The Kanaka Durga Temple is a Hindu temple of Goddess Durga on the Indrakeeladri hill, on the banks of Krishna River. The deity is described as Swayambhu (self-manifested) in Triteeya kalpa. Akkana Madanna cave temple is a rock-cut temple which is located at the lower reach of the Indrakeeladri temple. 'Vijayavatika' and 'Bezawada' are the old names of present Vijayawada.",te,True,403,Kanaka Durga Temple,కానకా దుర్గా ఆలయం,False,True
జ్యోతిష శాస్త్రమును తమిళంలో ఏమంటారు?,"The basic concept of Nadi Astrology is ""Nadi"" (). There are 150 Nādis in a sign or Rāshi (Rāsi); one sign is 30 degrees of the zodiac 360. Twelve signs of zodiac are grouped into three categories: Movable (Chara), Fixed (Sthira) and Dual (Dvisvabhāva) signs. The nomenclature of 150 Nādis is peculiar to each of these three types of signs. There are 1,800 Nādis in 360 degrees. Numbers and names of Nādis are identical among all four Chara signs. Among all four Sthira signs, numbers and names of Nādis are identical, but numbering is different from those in Chara and Dvisvabhāva signs. Similarly, numbering of Nādis in all four Dvisvabhāva signs are identical among themselves, but different from Chara or Sthira signs. For instance, the first Nādi in Chara signs such as Aries is Vasudhā Nādi, but in Sthira signs the order is reversed and Vasudhā is 150th Nādi. In Dvisvabhāva signs such as Gemini, Vasudhā is 76th Nādi; that is, from the middle of 150. Thus, there are 450 distinctive names and numbers in the full zodiac. Nādi texts use this concept of Nādi as the basic unit for prediction. That is why they are called ""Nādi amshas"".",te,True,40,Nadi,నాడి,False,True
2009నాటికి ఆంధ్రప్రదేశ్ రాష్ట్ర మొదటి ముఖ్యమంత్రి ఎవరు?,"Konijeti Rosaiah (born 4 July 1933) is an Indian politician who was Chief Minister of Andhra Pradesh from 2009 to 2010 and Governor of Tamil Nadu from 2011 to 2016. He was previously an MLC, MLA and MP from the Indian National Congress numerous times and handled many ministerial posts over his long political career spanning over half a century. He is one of the most experienced political leaders in the state of Andhra Pradesh and his role as the Finance minister is very well recognized.",te,True,0,Konijeti Rosaiah,కోనిజెటి రోసాయా,False,True
త్రిశూర్ పట్టణ విస్తీర్ణం ఎంత?,"Thrissur Municipal Corporation is spread over an area of 101.42 km2. The city alone accounts for 38% of the urban population in the Thrissur District. Thrissur Urban Development Authority area encompasses the municipal corporation area and adjoining panchayats. The total area under municipal corporation jurisdiction is 101.42 km2, and the area under the Panchayats is 18.83 km2 Together, these constitute an area covering 120.25 km2.",te,True,57,101.42 km2,101.42 km2,False,True
1991 భారత జనగణన గణాంకాల ప్రకారం హైలకండి జిల్లా జనాభా ఎంత ?,"According to the 2011 census, Hailakandi district has a population of 659,260, roughly equal to the nation of Montenegro or the US state of North Dakota. This gives it a ranking of 509th in India (out of a total of 640). The district has a population density of . Its population growth rate over the decade 2001-2011 was 21.44%. Hailakandi has a sex ratio of 946 females for every 1000 males, and a literacy rate of 75.26%.",te,True,70,"659,260","659,260",False,True
"అమెరికన్ ఎయిర్‌లైన్స్, ఇంక్ ని ఎప్పుడు స్థాపించారు ?",American Airlines was started in 1930 via a union of more than eighty small airlines.,te,True,33,1930,1930లో,False,True
విమానాన్ని నడిపిన మొదటి స్త్రీ ఎవరు?,"The first woman known to fly was Élisabeth Thible, who was a passenger in an untethered hot air balloon, which flew above Lyon, France in 1784. Four years later, Jeanne Labrosse became the first woman to fly solo in a balloon and would become the first woman to parachute, as well. Sophie Blanchard took her first balloon flight in 1804, was performing as a professional aeronaut by 1810 and was made Napoleon's chief of air service in 1811. Blanchard, the first woman who was a professional in the air, died in a spectacular crash in 1819. In June 1903, Aida de Acosta, an American woman vacationing in Paris, convinced Alberto Santos-Dumont, pioneer of dirigibles to allow her to pilot his airship, becoming probably the first woman to pilot a motorized aircraft.",te,True,555,Aida de Acosta,ఎయిడా డి అకోస్టా,False,True
బీజగణిత పితామహుడు ఎవరు?,"In the context where algebra is identified with the theory of equations, the Greek mathematician Diophantus has traditionally been known as the ""father of algebra"" and in context where it is identified with rules for manipulating and solving equations, Persian mathematician al-Khwarizmi is regarded as ""the father of algebra"". A debate now exists whether who (in general sense) is more entitled to be known as ""the father of algebra"". Those who support Diophantus point to the fact that the algebra found in ""Al-Jabr"" is slightly more elementary than the algebra found in ""Arithmetica"" and that ""Arithmetica"" is syncopated while ""Al-Jabr"" is fully rhetorical. Those who support Al-Khwarizmi point to the fact that he introduced the methods of ""reduction"" and ""balancing"" (the transposition of subtracted terms to the other side of an equation, that is, the cancellation of like terms on opposite sides of the equation) which the term ""al-jabr"" originally referred to, and that he gave an exhaustive explanation of solving quadratic equations, supported by geometric proofs, while treating algebra as an independent discipline in its own right. His algebra was also no longer concerned ""with a series of problems to be resolved, but an exposition which starts with primitive terms in which the combinations must give all possible prototypes for equations, which henceforward explicitly constitute the true object of study"". He also studied an equation for its own sake and ""in a generic manner, insofar as it does not simply emerge in the course of solving a problem, but is specifically called on to define an infinite class of problems"".",te,True,97,Diophantus,డియోఫాంటాస్,False,True
జమ్మూ అండ్ కాశ్మీర్ రాష్ట్ర అధికారిక భాష ఏది?,"Urdu is also one of the officially recognized languages in India and the official language of Jammu and Kashmir, one of the two official languages of Telangana and also has the status of """"additional official language"""" in the Indian states of Uttar Pradesh, Bihar, Jharkhand, West Bengal and the national capital, New Delhi.",te,True,0,Urdu,ఉర్దూ,False,True
2018 నాటికి గుంటూరు జిల్లాలో ఎన్ని రెవెన్యూ విభాగాలు ఉన్నాయి?,"The district is divided into four Revenue divisions, namely, Guntur, Tenali, Narasaraopet and Gurazala. These are sub-divided into 57 Mandals, which are in turn divided as 57 Panchayat Samiti (Block)s, 712 villages and 14 towns. These 14 towns includes, 1 municipal corporation, 12 municipalities and 1 census town. Gurazala revenue division was newly formed in the year 2013. Guntur city is the only municipal corporation and district headquarter another Vaddeswaram is categorised as a census town. The 12 municipalities in the district are Mangalagiri, Sattenapalli, Tadepalle, Tenali, Ponnur, Bapatla, Repalle, Narasaraopet, Chilakaluripet, Vinukonda, Macherla, Piduguralla.",te,True,29,four,నాలుగు,False,True
రేడియో తరంగాల  పౌనఃపున్యం ఎంత?,"Radio waves are a type of electromagnetic radiation with wavelengths in the electromagnetic spectrum longer than infrared light. Radio waves have frequencies as high as 300 gigahertz (GHz) to as low as 30 hertz (Hz). At 300 GHz, the corresponding wavelength is 1 mm, and at 30 Hz is 10,000 km. Like all other electromagnetic waves, radio waves travel at the speed of light. They are generated by electric charges undergoing acceleration, such as time varying electric currents. Naturally occurring radio waves are emitted by lightning and astronomical objects. ",te,True,158,as high as 300 gigahertz (GHz) to as low as 30 hertz (Hz),300 గిగాహెర్ట్జ్ (GHz) నుండి 30 హెర్ట్జ్ (Hz) వరకు,False,True
ఆర్య చిత్రం ఎప్పుడు విడుదల అయ్యింది?,"Aarya is an Indian 2004 Telugu-language romantic action film which was released on 7 May 2004. The film was directed by debutant Sukumar starring Allu Arjun, Anu Mehta, and Siva Balaji in lead roles. Upon release, the film was declared a ""Blockbuster"". It was remade into Bengali (Bangladesh) as ""Badha"" with Shakib Khan and Purnima, in Odia as ""Pagala Premi"" with Sabyasachi Mishra and Arpita Pal, in Sinhala as Adaraye Namayen with Roshan Ranawana and Kishani Alanki and in Tamil as ""Kutty"" with Dhanush and Shriya Saran. An unrelated sequel titled ""Aarya 2"" was released in 2009.
",te,True,83,7 May 2004,2004 మే 7,False,True
రేడియో తరంగాల పౌనఃపున్యం ఎంత?,"Radio waves are a type of electromagnetic radiation with wavelengths in the electromagnetic spectrum longer than infrared light. Radio waves have frequencies as high as 300 gigahertz (GHz) to as low as 30 hertz (Hz). At 300 GHz, the corresponding wavelength is 1 mm, and at 30 Hz is 10,000 km. Like all other electromagnetic waves, radio waves travel at the speed of light. They are generated by electric charges undergoing acceleration, such as time varying electric currents. Naturally occurring radio waves are emitted by lightning and astronomical objects. ",te,True,169,300 gigahertz (GHz) to as low as 30 hertz,300 గిగాహెర్ట్జ్ (GHz) నుండి 30 హెర్ట్జ్ వరకు,False,True
ఆంధ్ర ప్రదేశ్ రాష్ట్ర నూతన రాజధాని ఏది ?,"Amaravati is the ""de facto"" capital city of the Indian state of Andhra Pradesh. The planned city is located on the southern banks of the Krishna river in Guntur district, within the Andhra Pradesh Capital Region, being built on a 217 sq km riverfront designed to have 51% of green spaces and 10% of water bodies. The word ""Amaravati"" derives from the historical Amaravathi Temple town, the ancient capital of the Satavahana dynasty. The foundation stone was laid on 22 October 2015, at Uddandarayunipalem area by the Prime Minister, Narendra Modi. The metropolitan area of Guntur and Vijayawada are the major conurbations of Amaravati.",te,True,0,Amaravati,అమరావతి,False,True
రేడియో తరంగాల  పౌనఃపున్యం ఎంత ?,"Radio waves are a type of electromagnetic radiation with wavelengths in the electromagnetic spectrum longer than infrared light. Radio waves have frequencies as high as 300 gigahertz (GHz) to as low as 30 hertz (Hz). At 300 GHz, the corresponding wavelength is 1 mm, and at 30 Hz is 10,000 km. Like all other electromagnetic waves, radio waves travel at the speed of light. They are generated by electric charges undergoing acceleration, such as time varying electric currents. Naturally occurring radio waves are emitted by lightning and astronomical objects. ",te,True,169,300 gigahertz (GHz) to as low as 30 hertz,300 గిగాహెర్ట్జ్ (GHz) నుండి 30 హెర్ట్జ్ వరకు,False,True
విశాఖపట్నం జిల్లా ఎన్ని జిల్లాలకు ఆనుకొని ఉంది?,"The district has four revenue divisions, namely Anakapalli, Paderu, Narsipatnam and Visakhapatnam, each headed by a sub collector. These revenue divisions are divided into 46 mandals in the district. The district consists of 3265 villages and 15 towns including, 1 municipal corporation, 2 municipalities and 12 census towns. Visakhapatnam city is the only municipal corporation and the 2 municipalities in the district are Yelamanchili and Narsipatnam. The census towns are Bowluvada, Chodavaram, Chintapalle, Gudivada, Kantabamsuguda, Mulakuddu, Nakkapalle, Narsipatnam, Peda Boddepalle, Payakaraopeta, Upper Sileru Project Site Camp.",te,True,17,four,నాలుగు,False,True
బెర్ట్రాండ్ ఆర్థర్ విలియం రస్సెల్ కు ఏ సంవత్సరంలో నోబెల్ బహుమతి వచ్చింది?,"Russell was a prominent anti-war activist and he championed anti-imperialism. Occasionally, he advocated preventive nuclear war, before the opportunity provided by the atomic monopoly had passed and ""welcomed with enthusiasm"" world government. He went to prison for his pacifism during World War I. Later, Russell concluded that war against Adolf Hitler's Nazi Germany was a necessary ""lesser of two evils"" and criticised Stalinist totalitarianism, attacked the involvement of the United States in the Vietnam War and was an outspoken proponent of nuclear disarmament. In 1950, Russell was awarded the Nobel Prize in Literature ""in recognition of his varied and significant writings in which he champions humanitarian ideals and freedom of thought"".",te,True,572,1950,1950లో,False,True
రష్యా దేశ మొదటి ప్రధానమంత్రి ఎవరు?,"After the election of Boris Yeltsin, President of Russia, the head of the government was Yeltsin personally. He headed the Russian SFSR Council of Ministers (16 May 1992, the Council of Ministers of the Russian Federation) for about six months. In fact, Yeltsin was the first Head of Government of Russia after the dissolution of the Soviet Union, however he was not the Prime Minister. After Yeltsin, Yegor Gaidar became Acting Prime Minister, but the Russian Supreme Soviet refused to approve him as Prime Minister. On 14 December 1992, the Prime Minister appointed was Viktor Chernomyrdin.",te,True,22,Boris Yeltsin,బోరిస్ యెల్సిన్,False,True
ఆటోమేటిక్‌ ఫైర్‌ అలారంను మొదటగా ఎప్పుడు కనుగొన్నారు?,"The first automatic electric fire alarm was patented in 1890 by Francis Robbins Upton, an associate of Thomas Edison. George Andrew Darby patented the first European electrical heat detector in 1902 in Birmingham, England. In the late 1930s Swiss physicist Walter Jaeger tried to invent a sensor for poison gas. He expected that gas entering the sensor would bind to ionized air molecules and thereby alter an electric current in a circuit in the instrument. His device did not meet its purpose: small concentrations of gas had no effect on the sensor's conductivity. Frustrated, Jaeger lit a cigarette and was soon surprised to notice that a meter on the instrument had registered a drop in current. Smoke particles from his cigarette had apparently done what poison gas could not. Jaeger's experiment was one of the advances that paved the way for the modern smoke detector. In 1939 Swiss physicist Ernst Meili devised an ionization chamber device capable of detecting combustible gases in mines. He also invented a cold cathode tube that could amplify the small signal generated by the detection mechanism to a strength sufficient to activate an alarm.",te,True,56,1890,1890,False,True
అమెరికాలో ఎక్కువమంది పెంచుకునే జంతువు ఏది ?,"Two of the most popular pets are dogs and cats. A cat lover is known as an ailurophile and a dog lover is known as a cynophile. Other animals commonly kept include rabbits; ferrets; pigs; rodents, such as gerbils, hamsters, chinchillas, rats, and guinea pigs; avian pets, such as parrots, passerines, and fowl; reptile pets, such as turtles, alligators, crocodiles, lizards, and snakes; aquatic pets, such as fish, freshwater and saltwater snails, and frogs; and arthropod pets, such as tarantulas and hermit crabs. Small pets may be grouped together as pocket pets, while the equine and bovine group include the largest companion animals.",te,True,33,dogs and cats,కుక్కలు మరియు పిల్లులు,False,True
ప్రపంచంలో మొదటి గుండె శస్త్రచికిత్స ఎక్కడ జరిగింది?,"Christiaan Neethling Barnard (8 November 1922 – 2 September 2001) was a South African cardiac surgeon who performed the world's first human-to-human heart transplant on 3 December 1967 at Groote Schuur Hospital in Cape Town, South Africa. ",te,True,214,"Cape Town, South Africa.","కేప్ టౌన్, దక్షిణాఫ్రికా.",False,True
ప్రపంచంలో మొదటి వెబ్ బ్రౌజరు పేరు ఏంటి?,"1993 was a landmark year with the release of Mosaic, credited as ""the world's first popular browser"". Its innovative graphical interface made the World Wide Web system easy to use and thus more accessible to the average person. This, in turn, sparked the Internet boom of the 1990s when the Web grew at a very rapid rate. Marc Andreessen, the leader of the Mosaic team, soon started his own company, Netscape, which released the Mosaic-influenced Netscape Navigator in 1994. Navigator quickly became the most popular browser.",te,True,45,Mosaic,మొజాయిక్,False,True
ప్రపంచంలో మొదటి గుండె శస్త్రచికిత్స ఎక్కడ చేసారు?,"Christiaan Neethling Barnard (8 November 1922 – 2 September 2001) was a South African cardiac surgeon who performed the world's first human-to-human heart transplant on 3 December 1967 at Groote Schuur Hospital in Cape Town, South Africa. ",te,True,72,South African,దక్షిణాఫ్రికా,False,True
మానవ శరీరంలో అతిపెద్ద ఎముక ఏది?,"In human anatomy, the tibia is the second largest bone next to the femur. As in other vertebrates the tibia is one of two bones in the lower leg, the other being the fibula, and is a component of the knee and ankle joints. The leg bones (femur, tibia and fibula) are the strongest long bones as they have to support the rest of the body.",te,True,67,femur,ఎముక,False,True
లక్ష్మీ చిత్రానికి సంగీతం అందించింది ఎవరు?,"Lakshmi is a 2018 Indian Tamil-language musical dance film written and directed by A. L. Vijay. The film stars Prabhu Deva, Ditya Bhande and Aishwarya Rajesh in the lead roles, with a supporting cast including Salman Yusuff Khan and Karunakaran. Produced by Prateek Chakravorty, Shruti Nallappa and R. Ravindran under the banner of Pramod Films and Trident Arts, the film features music composed by Sam C. S. and cinematography by Nirav Shah. The film released on 24 August 2018 on the eve of Varalakshmi Vratam and based on the theme of goddess Lakshmi.",te,True,83,A. L. Vijay,ఎ. ఎల్. విజయ్,False,True
ప్రేమకథాచిత్రం నిర్మాత ఎవరు?,"Prema Katha Chitram (English: ""Love Story Film"") is a 2013 Telugu horror comedy film produced by Maruthi and Sudarshan Reddy, and directed by Maruthi. It stars Sudheer Babu and Nanditha in the lead. J. Prabhakar Reddy also is the cinematographer and S. B. Uddhav provides the Editing. J.B. scored the music. The movie revolves around four youngsters who decide to kill themselves because of their failure in their respective lives. They come together to die in a farm house, where they encounter a ghost which takes over the heroine's body. What happens following this, what they experience at this time and how they deal with it forms the rest of the movie. The audio of the film was launched on 12 April 2013 by Mahesh Babu. The film released on 7 June 2013 to positive reviews from critics and eventually became a Blockbuster at the Box office. It was one of the Top 5 Super Hits of Telugu Cinema in the year 2013 and is remembered for its innovative taking. The film was remade in Kannada as ""Chandralekha"" with Chiranjeevi Sarja and in Tamil as ""Darling"" with G. V. Prakash Kumar.",te,True,97,Maruthi and Sudarshan Reddy,"మారుతి, సుదర్షన్ రెడ్డీ",False,True
యాన్‌ మార్‌ట్టెల్ జన్మస్థలం ఏది ?,"The son of French-Canadians Nicole Perron and Émile Martel, Yann Martel was born in Salamanca, Spain, where his parents were studying at the University of Salamanca. His mother was enrolled in Hispanic Studies, while his father was working on a PhD on the Spanish writer and philosopher Miguel de Unamuno. Soon after his birth, the family moved, first to Coimbra, Portugal; and Madrid, Spain; and then to Fairbanks, Alaska; and Victoria, British Columbia, where his father taught at the Universities of Alaska and Victoria, respectively. His parents subsequently joined the Canadian foreign service, and he was therefore raised in San José, Costa Rica, Paris, France, and Madrid, Spain, with stints in Ottawa, Ontario, in between postings. Martel completed his final two years of high school at Trinity College School, a boarding school in Port Hope, Ontario, Canada, and completed an undergraduate degree in philosophy at Trent University in Peterborough, Ontario.",te,True,84,"Salamanca, Spain","సలామాంకా, స్పెయిన్",False,True
పార్వతీ దేవికి ఎంతమంది సంతానం ?,"Parvati is the wife of the Hindu god Shiva – the protector, the destroyer (of evil) and regenerator of the universe and all life. She is the daughter of the mountain king Himavan and queen Mena. Parvati is the mother of Hindu deities Ganesha, Kartikeya, Ashokasundari. The Puranas also referenced her to be the sister of the preserver god Vishnu. She is the divine energy between a man and a woman, like the energy of Shiva and Shakti. ",te,True,234,"Ganesha, Kartikeya, Ashokasundari","గణేష్, కార్తికేయ, అశోకాసుందరి",False,True
మానవుని శరీరంలో అతిపెద్ద ఎముక ఏది?,"The femur is the longest and, by most measures, the strongest bone in the human body. Its length on average is 26.74% of a person's height, a ratio found in both men and women and most ethnic groups with only restricted variation, and is useful in anthropology because it offers a basis for a reasonable estimate of a subject's height from an incomplete skeleton.",te,True,4,femur,ఎముక,False,True
తెలుగు లిపి ఏ లిపి నుండి ఉద్భవించింది?,The Brahmi script used by Mauryan kings eventually reached the Krishna River delta and would give rise to the Bhattiprolu script found on an urn purported to contain Lord Buddha's relics. Buddhism spread to East Asia from the nearby ports of Ghantasala and Masulipatnam (ancient Maisolos of Ptolemy and Masalia of Periplus). The Bhattiprolu Brahmi script evolved to become the Telugu script by 5th century C.E. ,te,True,391,by 5th century C.E,5వ శతాబ్దం నాటికి,False,True
సూక్ష్మ జీవులను చూడటానికి వాడే పరికరం పేరు ఏంటి?,"Antonie Van Leeuwenhoek is considered to be the father of microbiology. He was the first in 1673 to discover, observe, describe, study and conduct scientific experiments with microoorganisms, using simple single-lensed microscopes of his own design. Robert Hooke, a contemporary of Leeuwenhoek, also used microscopy to observe microbial life in the form of the fruiting bodies of moulds. In his 1665 book ""Micrographia"", he made drawings of studies, and he coined the term ""cell"".",te,True,219,microscope,మైక్రోస్కోప్,False,True
నరేంద్రమోడీ భారతదేశానికి ఎన్నవ ప్రధానమంత్రిగా ఎన్నిక అయ్యాడు?,"Narendra Damodardas Modi (; born 17 September 1950) is an Indian politician serving as the 14th and current Prime Minister of India since 2014. He was the Chief Minister of Gujarat from 2001 to 2014, and is the Member of Parliament for Varanasi. Modi is a member of the Bharatiya Janata Party (BJP) and the Rashtriya Swayamsevak Sangh (RSS).",te,True,91,14,పద్నాలుగు,False,True
డిజిటల్ ఇండియా ను ప్రారంభించిన ప్రధానమంత్రి ఎవరు?,"Launched on 1 July 2015 by Indian Prime Minister Narendra Modi, it is both enabler and beneficiary of other key Government of India schemes, such as BharatNet, Make in India, Startup India and Standup India, industrial corridors, Bharatmala, Sagarmala, dedicated freight corridors, UDAN-RCS and E-Kranti.",te,True,49,Narendra Modi,నరేంద్ర మోదీ,False,True
సయీద్ అన్వర్ మొదటి అంతర్జాతీయ టెస్ట్ మ్యాచ్ ఏ సంవత్సరంలో ఆడాడు ?,"Anwar got a pair at his Test debut against the West Indies in 1990, and scored 169 runs in his third Test against New Zealand in February 1994. In 1998–99, he became the third Pakistani to carry his bat through a Test innings, and scored his highest Test score of 188 not out. He made four ODI centuries at Sharjah Cricket Association Stadium, including three consecutive during 1993–94. Anwar scored two successive hundreds on three different occasions in his career. He is most notable for scoring 194 runs against India in Chennai in 1997, the highest score for that time, and now the tenth highest individual score in an ODI. Anwar participated in three Cricket World Cups, and captained Pakistan in seven Tests and 11 ODIs. In August 2003, he announced his retirement from International cricket.
Saeed Anwar was the highest runs scoring batsman for Pakistan bin 2003 world cup but was dropped from the team for no reason after 2003 world cup.",te,True,62,1990,1990,False,True
పీడనంకి గల ప్రమాణం ఏమిటి ?,"The SI unit for pressure is the pascal (Pa), equal to one newton per square metre (N/m2, or kg·m<sup>−1</sup>·s<sup>−2</sup>). This name for the unit was added in 1971; before that, pressure in SI was expressed simply in newtons per square metre.",te,True,32,pascal,పాస్కల్,False,True
థాయిలాండ్ దేశ మారకద్రవ్యం ఏమిటి  ?,"The baht (; , ; sign: ฿; code: THB) is the official currency of Thailand. It is subdivided into 100 ""satang"" (, ). The issuance of currency is the responsibility of the Bank of Thailand.",te,True,4,baht,బాత్,False,True
ఇప్పటి వరకు ప్రపంచంలో అతిపెద్ద భూకంపం ఎప్పుడు సంభవించింది ?,"The 1960 Valdivia earthquake () or Great Chilean earthquake (""Gran terremoto de Chile"") of 22 May is the most powerful earthquake ever recorded. Various studies have placed it at 9.4–9.6 on the moment magnitude scale. It occurred in the afternoon (19:11 GMT, 15:11 local time), and lasted approximately 10 minutes. The resulting tsunami affected southern Chile, Hawaii, Japan, the Philippines, eastern New Zealand, southeast Australia and the Aleutian Islands.",te,True,35,Great Chilean earthquake,పెద్ద చిలీ భూకంపం,False,True
ఎమ్. ఎస్. నారాయణ ఎప్పుడు మరణించాడు?,M. S. Narayana (16 April 1951 – 23 January 2015) was a Telugu actor who was a popular and respected comedian in Telugu films. He died on 23 January 2015 due to multiple organ failure in Hyderabad.,te,True,137,23 January 2015,"జనవరి 23, 2015",False,True
రాష్ట్ర విభజన తర్వాత ఆంధ్రప్రదేశ్ రాష్ట్ర రెండవ ముఖ్యమంత్రి ఎవరు?,"Nara Chandrababu Naidu (born 20 April 1950) is an Indian politician who has been Chief Minister of Andhra Pradesh since 2014. He is the first chief minister of the state since it was divided. Previously he served as Chief Minister of United Andhra Pradesh from 1994 to 2004, before the state was divided, and as the Leader of the opposition in the United Andhra Pradesh Legislative Assembly from 2004 to 2014. He is currently the National President of Telugu Desam Party.",te,True,0,Nara Chandrababu Naidu,నారా చంద్రబాబు నాయుడు,False,True
అజ్మీరు జిల్లాకు ఆనుకొని ఎన్ని జిల్లాలు ఉన్నాయి?,"Ajmer District has an area of 8,481 km², and a population of 2,180,526 (2001 census). Three main religions are; Hindu 1,869,044, Muslim 244,341, Jains 47,812. The district is situated in the center of Rajasthan, and is bounded by Nagaur District to the north, Jaipur and Tonk districts to the east, Bhilwara District to the south, and Pali District to the west.",te,True,230,"Nagaur District to the north, Jaipur and Tonk districts to the east, Bhilwara District to the south, and Pali District","ఉత్తరాన నాగూర్ జిల్లా, తూర్పున జైపూర్, టోంక్ జిల్లాలు, దక్షిణాన బిల్వారా జిల్లా, పాలి జిల్లా",False,True
శరీరంలో ఎన్ని కండరాలు ఉంటాయి?,"The muscular system consists of all the muscles present in a single body. There are approximately 650 skeletal muscles in the human body, but an exact number is difficult to define. The difficulty lies partly in the fact that different sources group the muscles differently and partly in that some muscles, such as palmaris longus, are not always present.",te,True,84,approximately 650,సుమారు 650,False,True
క్రికెట్‌ ఆటలో ఎంతమంది ఆటగాళ్లు ఉండాలి?,"Cricket is a bat-and-ball game played between two teams of eleven players on a field at the centre of which is a pitch with a wicket at each end, each comprising two bails balanced on three stumps. The batting side scores runs by striking the ball bowled at the wicket with the bat, while the bowling and fielding side tries to prevent this and dismiss each player (so they are ""out""). Means of dismissal include being bowled, when the ball hits the stumps and dislodges the bails, and by the fielding side catching the ball after it is hit by the bat, but before it hits the ground. When ten players have been dismissed, the innings ends and the teams swap roles. The game is adjudicated by two umpires, aided by a third umpire and match referee in international matches. They communicate with two off-field scorers who record the match's statistical information.",te,True,46,two teams of eleven players,పదకొండు మంది ఆటగాళ్లతో కూడిన రెండు జట్లు,False,True
ఆవుల జీవితకాలం ఎంత ?,"Domestic cows can live to 20 years; however, those raised for dairy rarely live that long, as the average cow is removed from the dairy herd around age six and marketed for beef. In 2014, approximately 9.5% of the cattle slaughtered in the U.S. were culled dairy cows: cows that can no longer be seen as an economic asset to the dairy farm. These animals may be sold due to reproductive problems or common diseases of milk cows such as mastitis and lameness.",te,True,26,20 years,20 సంవత్సరాలు,False,True
2018 తెలంగాణ ఆర్ధిక మంత్రి ఎవరు?,He was elected from Kamalapur in the 2004 General Elections. He is the TRS floor leader in the state assembly. Etela is the Finance Minister of Govt. of Telangana State. He is a four-time Member of Legislative Assembly (MLA).,te,True,111,Etela,ఎటెల్లా,False,True
శరీరంలో అతిపెద్ద ఎముక ఏది?,"In human anatomy, the tibia is the second largest bone next to the femur. As in other vertebrates the tibia is one of two bones in the lower leg, the other being the fibula, and is a component of the knee and ankle joints. The leg bones (femur, tibia and fibula) are the strongest long bones as they have to support the rest of the body.",te,True,67,femur,ఎముక,False,True
ఆవు జీవితకాలం ఎంత?,"Domestic cows can live to 20 years; however, those raised for dairy rarely live that long, as the average cow is removed from the dairy herd around age six and marketed for beef. In 2014, approximately 9.5% of the cattle slaughtered in the U.S. were culled dairy cows: cows that can no longer be seen as an economic asset to the dairy farm. These animals may be sold due to reproductive problems or common diseases of milk cows such as mastitis and lameness.",te,True,26,20 years,20 సంవత్సరాలు,False,True
కమ్యూనిస్టు పార్టీ ఆఫ్ ఇండియా పార్టీని ఎప్పుడు స్థాపించారు?,"The Communist Party of India (CPI) is the oldest communist party in India. There are different views on exactly when it was founded. The date maintained as the foundation day by the CPI is 26 December 1925. The Communist Party of India (Marxist), which separated from the CPI in 1964 following an ideological rift between China and the Soviet Union, continues to claim having been founded in 1925.",te,True,201,1925,1925,False,True
మోర్గాన్ పోర్టర్ఫీల్డ్ ఫ్రీమాన్ మొదట దర్శకత్వం వహించిన మొదటి చిత్రం ఏంటి?,"Freeman made his directorial debut in 1993 with ""Bopha!"" for Paramount Pictures.",te,True,48,"""Bopha!""","""బోఫా!",False,True
కిషోర్ కుమార్ తన జీవితకాలంలో ఎన్ని చిత్రాలలో నటించాడు?,"After Ashok Kumar became a star of Hindi films, the Ganguly family visited Mumbai regularly. Abhas Kumar changed his name to 'Kishore Kumar' and started his cinema career as a chorus singer at Bombay Talkies, where his brother worked. Kumar's first film appearance was in ""Shikari"" (1946), in which his brother, Ashok played the lead role. Music director Khemchand Prakash gave Kumar a chance to sing ""Marne Ki Duayen Kyon Mangu"" for the film ""Ziddi"" (1948). After this, Kumar was offered many other assignments, but he was not very serious about a film career. In 1949, he settled in Mumbai. Kumar played the lead in the Bombay Talkies film ""Andolan"" (1951), directed by Phani Majumdar. Although he got some acting assignments with the help of his brother, he was more interested in becoming a singer. But Ashok wanted Kumar to be an actor like him. Between 1946 and 1955, Kumar appeared in 22 films of which 16 were flops and since he was disinterested in taking up acting as a career, he would find ways to be in the bad books of the director or producer, so that they throw him from their films. It was only after the success of films such as ""Ladki"", ""Naukari"", ""Miss Malaysia"", ""Char Paise"" and ""Baap Re Baap"" that Kumar developed interest in acting seriously, which resulted in him having successful films as the lead actor between 1955 and 1966.",te,True,892,22,22,False,True
ప్లాస్టిక్ ని ఏ సంవత్సరంలో కనుగొన్నారు ?,"The world's first fully synthetic plastic was bakelite, invented in New York in 1907 by Leo Baekeland who coined the term 'plastics'. Many chemists have contributed to the materials science of plastics, including Nobel laureate Hermann Staudinger who has been called ""the father of polymer chemistry"" and Herman Mark, known as ""the father of polymer physics"".",te,True,80,1907,1907,False,True
2008 నాటికి  ప్రకాశం జిల్లాలో ఎన్ని మున్సిపాలిటీ లు ఉన్నాయి?,"The district is divided into 3 revenue divisions, namely, Kandukur, Markapur and Ongole. These are sub-divided into 56 mandals which consists of 1081 villages and 13 towns. These 13 towns (or urban settlements) in the district include, 1 municipal corporation, 3 municipalities and 4 nagar panchayats. Ongole is the only municipal corporation, Chirala, Kandukur, Markapur are the 3 municipalities and Addanki, Kanigiri, Chimakurthi, Giddalur are the nagar panchayats. The 5 census towns in the district are Cumbum, Chirala (CT), Podili, Vetapalem, Pamur and Singarayakonda.",te,True,261,3,3,False,True
రజనీకాంత్ మొదటి చిత్రం ఏది ?,"Shivaji Rao Gaekwad (born 12 December 1950), known by his mononymous stage name Rajinikanth, is an Indian film actor and politician who works primarily in Tamil cinema. He began acting in plays while working in the Bangalore Transport Service as a bus conductor. In 1973, he joined the Madras Film Institute to pursue a diploma in acting. Following his debut in K. Balachander's Tamil drama ""Apoorva Raagangal"" (1975), his acting career commenced with a brief phase of portraying antagonistic characters in Tamil films.",te,True,392,Apoorva Raagangal,అపోర్వా రాగాంగల్,False,True
ఫ్లెమింగ్ కుడి చేతి నిర్వచనం ఎవరు ఇచ్చారు?,"When a conductor such as a wire attached to a circuit moves through a magnetic field, an electric current is induced in the wire due to Faraday's law of induction. The current in the wire can have two possible directions. Fleming's right-hand rule gives which direction the current flows.",te,True,248,gives which direction the current flows,ప్రవాహం ఏ దిశలో ప్రవహిస్తుందో చూపిస్తుంది,False,True
భారతదేశంలో మొదటి మహిళా విలేఖరి ఎవరు?,"Homai Vyarawalla (9 December 1913 – 15 January 2012), commonly known by her pseudonym Dalda 13, was India's first woman photojournalist. She began work in the late 1930s and retired in the early 1970s. In 2011, she was awarded Padma Vibhushan, the second highest civilian award of the Republic of India.She was amongst the first women in India to join a mainstream publication when she joined The Illustrated Weekly of India .",te,True,0,Homai Vyarawalla,హోమయి విరావాలా,False,True
కార్బన్ పరమాణు భారం ఎంత ?,"In the example above the atomic mass of carbon is given as 12.011, not 12. This is because naturally occurring carbon is a mixture of the isotopes <sup>12</sup>C, <sup>13</sup>C and <sup>14</sup>C which have relative atomic masses of 12, 13 and 14 respectively. Moreover, the proportion of the isotopes varies between samples, so 12.011 is an average value. By contrast, there is less variation in naturally occurring hydrogen so the average atomic mass is known more precisely. The precision of the molecular mass is determined by precision of the least precise atomic mass value, in this case that of carbon. In high-resolution mass spectrometry the isotopomers <sup>12</sup>C<sup>1</sup>H and <sup>13</sup>C<sup>1</sup>H are observed as distinct molecules, with molecular masses of 16 and 17, respectively. The intensity of the mass-spectrometry peaks is proportional to the isotopic abundances in the molecular species. <sup>12</sup>C 2H <sup>1</sup>H can also be observed with molecular mass of 17.",te,True,59,12.011,12.011,False,True
తెలంగాణ రాష్ట్ర మొదటి మహిళా హోమ్ శాఖామంత్రి ఎవరు?,"Naini Narshimha Reddy (born 1934) is the Home Minister of Telangana. He was sworn as minister of Telangana state on 2 June 2014. He is the first home minister of Telangana. He taken charge of portfolios including Prisons, Fire Services, Sainik Welfare, Labour and Employment.
He was elected as Member of Telangana Legislative Council.",te,True,0,Naini Narshimha Reddy,నాని నర్షింహా రెడ్డి,False,True
కార్బను పరమాణు భారం ఎంత ?,"In the example above the atomic mass of carbon is given as 12.011, not 12. This is because naturally occurring carbon is a mixture of the isotopes <sup>12</sup>C, <sup>13</sup>C and <sup>14</sup>C which have relative atomic masses of 12, 13 and 14 respectively. Moreover, the proportion of the isotopes varies between samples, so 12.011 is an average value. By contrast, there is less variation in naturally occurring hydrogen so the average atomic mass is known more precisely. The precision of the molecular mass is determined by precision of the least precise atomic mass value, in this case that of carbon. In high-resolution mass spectrometry the isotopomers <sup>12</sup>C<sup>1</sup>H and <sup>13</sup>C<sup>1</sup>H are observed as distinct molecules, with molecular masses of 16 and 17, respectively. The intensity of the mass-spectrometry peaks is proportional to the isotopic abundances in the molecular species. <sup>12</sup>C 2H <sup>1</sup>H can also be observed with molecular mass of 17.",te,True,59,12.011,12.011,False,True
ఎ టేల్ ఆఫ్ టు సిస్టర్స్ సినిమా దర్శకుడు ఎవరు?,"A Tale of Two Sisters (; lit. ""Rose Flower, Red Lotus"") is a 2003 South Korean psychological horror drama film written and directed by Kim Jee-woon. The film is inspired by a Joseon Dynasty era folktale entitled Janghwa Hongryeon jeon, which has been adapted to film several times. The plot focuses on a recently released patient from a mental institution who returns home with her sister, only to face disturbing events between her stepmother and the ghosts haunting their house- all of which are connected to a dark past in the family's history.",te,True,135,Kim Jee-woon,కిమ్ జి-వాన్,False,True
టర్నర్ సిండ్రోమ్ ని ఎప్పుడు కనుగొన్నారు?,"Turner syndrome (TS), also known as 45,X or 45,X0, is a condition in which a female is partly or completely missing an X chromosome. Signs and symptoms vary among those affected. Often, a short and webbed neck, low-set ears, low hairline at the back of the neck, short stature, and swollen hands and feet are seen at birth. Typically, they develop menstrual periods and breasts only with hormone treatment, and are unable to have children without reproductive technology. Heart defects, diabetes, and low thyroid hormone occur more frequently. Most people with TS have normal intelligence. Many have troubles with spatial visualization that may be needed for mathematics. Vision and hearing problems occur more often.
Turner syndrome is not usually inherited from a person's parents. No environmental risks are known, and the mother's age does not play a role. Turner syndrome is due to a chromosomal abnormality in which all or part of one of the X chromosomes is missing or altered. While most people have 46 chromosomes, people with TS usually have 45. The chromosomal abnormality may be present in just some cells in which case it is known as TS with mosaicism. In these cases, the symptoms are usually fewer and possibly none occur at all. Diagnosis is based on physical signs and genetic testing.
No cure for Turner syndrome is known. Treatment may help with symptoms. Human growth hormone injections during childhood may increase adult height. Estrogen replacement therapy can promote development of the breasts and hips. Medical care is often required to manage other health problems with which TS is associated.
Turner syndrome occurs in between one in 2,000 and one in 5,000 females at birth. All regions of the world and cultures are affected about equally. Generally people with TS have a shorter life expectancy, mostly due to heart problems and diabetes. Henry Turner first described the condition in 1938. In 1964, it was determined to be due to a chromosomal abnormality.",te,True,1915,1938,1938,False,True
భారతదేశ సుప్రీంకోర్టు ఎక్కడ ఉంది?,"Supreme Court Reports is the official journal of reportable supreme court decisions. It is published under the authority of the Supreme Court of India by the Controller of Publications, Government of India, Delhi. In addition, there are many other reputed private journals that report supreme court decisions. Some of these other important journals are: SCR (The Supreme Court Reports), SCC (Supreme Court Cases), AIR (All India Reporter), SCALE, etc.",te,True,124,"the Supreme Court of India by the Controller of Publications, Government of India, Delhi","భారతదేశ సుప్రీంకోర్టుకు ప్రచురణల నియంత్రిక, భారత ప్రభుత్వం, ఢిల్లీ",False,True
2018లో ఆంధ్రప్రదేశ్ లో ఎన్ని శాసనసభ నియోజక వర్గాలు ఉన్నాయి?,"The TDP's withdrawal from the National Democratic Alliance in March 2018 following the disputes between the TDP and the Bharatiya Janata Party (BJP) regarding the 
Special Category Status (SCS), a part of the Andhra Pradesh Reorganisation Act, 2014 has resulted in competition between the two parties. A few weeks later, the BJP announced that they will contest in all 175 assembly constituencies in the state. Head of YSR Congress Party and leader of the opposition in the fourteenth assembly, Y. S. Jaganmohan Reddy has been campaigning in the state since November 2017. As part of the campaign, Reddy had walked over on foot, across the state as of Oct 2018. Meanwhile, Pawan Kalyan's JSP had been gaining significant support in Uttarandhra (North Coastal Andhra Pradesh).",te,True,369,175,175,False,True
భారత్ లో అతిపెద్ద శివలింగము ఎక్కడ ఉంది?,"Baba Bhusandeswar Temple, is one of the Shiva Lingams in the World. It is in Bhogarai village of Balasore district, Odisha. The 12 feet long and 14 feet width lingam is carved out on a black granite and only half of the lingam is visible. The other half has remained buried for years. The diameter of the lingam is 12 feet and has three parts. The middle portion of the lingam is octagonal in shape, about 12 feet in diameter and nearly four feet in height. The Lingam slightly leans towards the right side.",te,True,0,Baba Bhusandeswar Temple,బాబా భుసాండెస్వర్ ఆలయం,False,True
రాజీవ్ గాంధీ జన్మస్థలం ఏది ?,"Rajiv Gandhi was born in Bombay on 20 August 1944 to Indira and Feroze Gandhi. In 1951, Rajiv and Sanjay were admitted to Shiv Niketan school, where the teachers said Rajiv was shy and introverted, and ""greatly enjoyed painting and drawing"". He was admitted to the Welham Boys' School and Doon School in 1954, where Sanjay joined him two years later. Rajiv was sent to London in 1961 to study A-levels. From 1962 to 1965 he studied engineering at Trinity College, Cambridge, but did not obtain a degree. In 1966 he began a course in mechanical engineering at Imperial College London, but did not complete it. Gandhi really was not studious enough, as he went on to admit later.",te,True,25,Bombay,బాంబే,False,True
మర్రి ఏ కుటుంబానికి చెందిన వృక్షం?,"A banyan, also spelled ""banian"", is a fig that begins its life as an epiphyte, i.e. a plant that grows on another plant, when its seed germinates in a crack or crevice of a host tree or edifice. ""Banyan"" often specifically denominates ""Ficus benghalensis"" (the ""Indian banyan""), which is the national tree of the Republic of India, though the name has also been generalized to denominate all figs that share a common life cycle and used systematically in taxonomy to denominate the subgenus Urostigma.",te,True,236,Ficus benghalensis,ఫికస్ బెంగాలెన్సిస్,False,True
పాకిస్థాన్ లో విడుదలైన మొట్టమొదటి మొబైల్ ఫోన్ పేరేంటి?,"Paktel () was the pioneer cellular operator of Pakistan. It was the first ever company granted license to carry out cellular phone services in Pakistan, set up by Cable & Wireless. It carried out AMPS services until 2004 when the company switched to GSM technology.",te,True,0,Paktel,పక్టెల్,False,True
నంద వంశ పాలకులలో చివరి రాజు ఎవరు ?,"According to Mahabodhivamsa, Dhana Nanda was the last ruler of the Nanda dynasty. He was one of nine sons of Mahapadma Nanda. Plutarch tells that ""Androkottos"" or Chandragupta Maurya had stated that Nanda was hated and despised by his subjects on account of the wickedness of his disposition and meanness of his origin.",te,True,29,Dhana Nanda,ధనా నాండా,False,True
ప్రపంచంలో అత్యంత విషపూరితమైన పాము ఏది ?,"The Inland taipan (""Oxyuranus microlepidotus"") is considered the most venomous snake in the world with a murine value of 0.025 mg/kg SC. Ernst and Zug et al. 1996 list a value of 0.01 mg/kg SC, which makes it the most venomous snake in the world in their study too. They have an average venom yield of 44 mg. Bites from this species have a mortality rate of 80% if left untreated, although it is very rare for this species to bite. This species is known to be a very shy, reclusive and a laid-back snake that will nearly always slither away from disturbance. It is not an aggressive species and rarely strikes. No recorded incidents have been fatal since the advent of the monovalent (specific) antivenom therapy.",te,True,4,Inland taipan,అంతర్గత తైపాన్,False,True
హైదరాబాదులోని చార్మినార్ ను ఎప్పుడు నిర్మించారు?,"The Charminar (""Four Minarets""), constructed in 1591, is a monument and mosque located in Hyderabad, Telangana, India. The landmark has become a global icon of Hyderabad, listed among the most recognized structures of India. Charminar has been a historical place with Mosque on the top floor for over 400 years and also known for its surrounding markets. It is one of the tourist attractions in Hyderabad. It is where many famous festivals are celebrated, such as Eid-ul-adha and Eid-ul-fitr.",te,True,48,1591,1591 వ సంవత్సరం,False,True
2018 నాటికి వైఎస్ఆర్ జిల్లాలో ఎన్ని ప్రభుత్వ పాఠశాలలు ఉన్నాయి?,"The primary and secondary school education is imparted by government, aided and private schools, under the ""School Education Department"" of the state. As per the school information report for the academic year 2015–16, there are a total of 4,488 schools. They include, 22 government, 3,094 mandal and zilla parishads, 1 residential, 1,181 private, 10 model, 29 Kasturba Gandhi Balika Vidyalaya (KGBV), 88 municipal and 63 other types of schools. The total number of students enrolled in primary, upper primary and high schools of the district are 416,782.",te,True,269,22,22,False,True
సంగమేశ్వరస్వామి దేవాలయం మొదటగా ఎవరు నిర్మించారు?,"The temple's wooden Lingam, Sangameswaram, is believed to have been installed by Dharmaraja, the eldest of the Pandavas, after their visit to Srisailam Mallikarjuna temple. The temple is considered a place of religious sanctity due to being built at the confluence of seven rivers and remain visible for two months . (Bhavanasi, Krishna River and five rivers that merge into it beforehand, namely, Veni, Tunga, Bhadra, Bheemarathi and Malapaharini).
",te,True,81,Dharmaraja,ధర్మరాజు,False,True
కొల్లం జిల్లా ఏ సముద్ర తీరాన ఉంది?,"Kollam () also known by its former name Quilon (Coulão) and Desinganadu, is an old seaport and city on the Laccadive Sea coast of the Indian state of Kerala. The city is on the banks Ashtamudi Lake. Kollam has had a strong commercial reputation since the days of the Phoenicians and Romans. Fed by the Chinese trade, it was mentioned by Ibn Battuta in the 14th century as one of the five Indian ports he had seen during the course of his twenty-four year travels. Desinganadu's rajas exchanged embassies with Chinese rulers while there was a flourishing Chinese settlement at Kollam. In the 9th Century, on his way to Canton, China, Persian merchant Sulaiman al-Tajir found Kollam to be the only port in India visited by huge Chinese junks. Marco Polo, the Venetian traveller, who was in Chinese service under Kublai Khan in 1275, visited Kollam and other towns on the west coast, in his capacity as a Chinese mandarin.",te,True,107,Laccadive Sea coast of the Indian state of Kerala,భారతదేశం లోని కేరళ రాష్ట్రం లోని లక్కడివ్ సముద్ర తీరం,False,True
ఐస్ క్రీమ్ చిత్ర కథానాయిక ఎవరు?,"Ice Cream is a 2014 Telugu language horror fiction film written and directed by Ram Gopal Varma. It stars Navdeep and Tejaswi Madivada in the lead roles. It is the first Indian movie to be filmed with Flowcam System Technology and was released on 12 July 2014. The film deals with a character that is obsessed with eating ice cream and suffers from a nightmare disorder. Upon release, the film became a commercial blockbuster at the box office.",te,True,106,Navdeep and Tejaswi Madivada,"నవదీప్, తేజస్వి మదీవాడ",False,True
1991 భారత జనగణన గణాంకాల ప్రకారం పశ్చిమగోదావరి జిల్లా జనాభా ఎంత ?,"West Godavari district or Paschima Godavari Jilla is one of the 13 districts in the Indian state of Andhra Pradesh. The district is situated in Coastal Andhra region of the state. The administrative headquarters of the district is situated at Eluru. census of India, the district has an area of and a population of 3,936,966. It is bounded by Krishna district on the west, East Godavari district on the east, Bay of Bengal on the south and the state of Telangana on the north.",te,True,315,"3,936,966","3,936,966",False,True
అమెరికాలో కెల్లా మొదటి అతిపెద్ద రాష్ట్రము ఏది ?,"Alaska (; ; ; Alutiiq: ""Alas'kaaq;"" ) is a U.S. state in the northwest extremity of North America, just across the Bering Strait from Asia. The Canadian province of British Columbia and territory of Yukon border the state to the east, its most extreme western part is Attu Island, and it has a maritime border with Russia (Chukotka Autonomous Okrug) to the west across the Bering Strait. To the north are the Chukchi and Beaufort seas—southern parts of the Arctic Ocean. The Pacific Ocean lies to the south and southwest. It is the largest state in the United States by area and the 
seventh largest subnational division in the world. In addition, it is the 3rd least populous and the most sparsely populated of the 50 United States; nevertheless, it is by far the most populous territory located mostly north of the 60th parallel in North America: its population—estimated at 738,432 by the United States Census Bureau in 2015— is more than quadruple the combined populations of Northern Canada and Greenland. Approximately half of Alaska's residents live within the Anchorage metropolitan area. Alaska's economy is dominated by the fishing, natural gas, and oil industries, resources which it has in abundance. Military bases and tourism are also a significant part of the economy.",te,True,0,Alaska,అలస్కా,False,True
ఆంధ్ర ప్రదేశ్ లో మొదటిసారిగా ఎన్.టి.ఆర్. ఆరోగ్యశాస్త్ర విశ్వవిద్యాలయాన్ని ఎక్కడ స్థాపించారు?,"Dr. NTR University of Health Sciences (NTRUHS; IAST: ""Ḍā. En. Ṭī. Ār. Ārogyașāstra Vișvavidyālayamu""), formerly Andhra Pradesh University of Health Sciences, is a public university in the city of Vijayawada, Andhra Pradesh, India.",te,True,196,"Vijayawada, Andhra Pradesh","విజయవదా, ఆంధ్రప్రదేశ్",False,True
ఏ రోజును తెలంగాణ భాషా దినంగా జరుపుకుంటారు?,"Telangana Language Day is celebrated on 9 September every year in Telangana, India. This date was chosen on the occasion of renowned writer, poet of the Telangana Kaloji Narayana Rao's 100th birth anniversary. The Government of Telangana provides funds and awards for the improvement of Telangana.",te,True,40,9 September,సెప్టెంబర్ 9,False,True
భారత దేశ అత్యున్నత న్యాయస్థానం ఎక్కడ ఉంది?,New Delhi () is an urban district of Delhi which serves as the capital of India and seat of all three branches of the Government of India.,te,True,0,New Delhi,న్యూఢిల్లీ,False,True
భారతదేశంలో ఎన్ని వైమానిక సంస్థలు ఉన్నాయి?,"There are a total of 22 airlines which are operational in India, including Air India and Pawan Hans PSUs, listed companies (SpiceJet, IndiGo Airlines, Jet Lite, Air India Express and Jet Airways) and private airlines (such as GoAir, Air Asia, Vistara and IndiGo) (c. 2015). Number of civil aviation aircraft in operation for the scheduled commercial flights jumped 38% to 548 in December 2017 from 395 in 2014 and 50 aircraft are being added every year.",te,True,21,22,22,False,True
విష్ణువు యొక్క పది అవతారాలలో మూడవ అవతారము ఏది?,"Varaha (, , ""boar"") is the avatar of the Hindu god Vishnu who takes the form of a boar to rescue goddess earth. Varaha is listed as third in the Dashavatara, the ten principal avatars of Vishnu.",te,True,112,Varaha,వరాహా,False,True
తమిళనాడు రాష్ట్ర అవతరణ దినోత్సవం ఎప్పుడు?,"Tamil Nadu Government has decided to celebrate the Golden Jubilee on January 14, 2018 for the state getting rechristened as ""Tamilnadu"". It has hence been decided to observe its golden jubilee through events to mark the eminence of Tamil language and Tamil people, and honoring young Tamil research scholars at the valedictory.",te,True,69,January 14,జనవరి 14,False,True
మగధీర చిత్ర బడ్జెట్ ఎంత?,"Made on a budget of 350 million, the production was launched on 2 March 2008 while principal photography commenced on 19 March 2008. The cinematography was done by K. K. Senthil Kumar, and was edited by Kotagiri Venkateshwara Rao. Production design was done by R. Ravinder, while the action sequences were choreographed by Peter Hein and the duo of Ram—Lakshman. The visual effects were designed by R. C. Kamalakannan, with assistance from Adel Adili and Pete Draper. It is the first Telugu film to list a ""visual effects producer"" in its credits. The soundtrack was composed by M. M. Keeravani, who collaborated with Kalyani Malik to score the background music.",te,True,20,350 million,350 మిలియన్లు,False,True
మిస్టర్ పర్‌ఫెక్ట్ చిత్రం ఎప్పుడు విడుదలైంది?,"Mr. Perfect is a 2011 Tollywood romantic comedy film directed by Dasaradh Kondapalli, starring Prabhas, Kajal Agarwal and Taapsee Pannu in the lead roles, while actors Murali Mohan, Prakash Raj, Sayaji Shinde, Nassar, Kaushal Manda, and Viswanath Kasinadhuni play other pivotal roles. The movie is produced by Dil Raju and written by Ravi Abburi . The film released on 22 April 2011 to positive reviews. The film won the newly incorporated, Nagi Reddy, memorial Award as the best Telugu family entertainer for the year 2011. It was dubbed into Tamil and Malayalam under the same title and later into Hindi under the title ""No.1 Mr. Perfect"" (by Goldmines Telefilms in 2013).",te,True,17,2011,2011 సంవత్సరము,False,True
తుంగభద్ర నది ఏ ప్రాంతంలో తెలంగాణ రాష్ట్రంలోకి ప్రవేశిస్తుంది?,"The Tungabhadra River is formed by the confluence of the Tunga River and the Bhadra River at Koodli which flow down the eastern slope of the Western Ghats in the state of Karnataka. The two rivers originate in Mudigere Taluk of Chikmagalur District of Karnataka along with the Nethravathi (west-flowing river, joining the Arabian Sea near Mangalore), the Tunga and the Bhadra rise at Gangamoola, in Varaha Parvatha in the Western Ghats at an elevation of 1198 metres
(near Samse Village). According to Hindu Mythology legend, Varaha Swamy( Third Incarnation of Lord Shri Hari Vishnu) after killing the Demon was very tired. After that war, He took rest by sitting on present day Varaha Parvatha peak. When He sat on that Peak, Sweat over flowed from his scalp. The Sweat which flowed from his left side of Scalp became Tunga River and the Sweat which flowed from his right side of Scalp became Bhadra River. After emerging from the Source, The Bhadra river flows through Kudremukh mountain region, Tarikere Taluk and the industrial city Bhadravathi. Where as, Tunga River flows through Sringeri Taluk, Thirthahalli Taluk and Shimoga Taluk. More than 100 tributaries, streams, creeks, rivulets and the like contribute to the two rivers. The journey of the 'Tunga' and the 'Bhadra' is and respectively, till they join at Koodli, at an elevation of about 610 metres near Holehonnur, about from Shivamogga, areca granary of the country. Though both Tunga and Bhadra rivers start at same source(Gangamoola), they flow separately for some distance and then they later unite with each other at Koodali village. Hence from there, Collective name ""TungaBhadra"" was given. From there, the Tungabhadra meanders through the plains to a distance of . After confluence, The mighty Tunga Bhadra river flows through Honnali, Harihara and Harapanahalli taluks of Davangere district. Then It flows through Hoovina Hadagali, Hagaribomannahalli, Hospet and Siruguppa Taluks of Bellary district. In Siruguppa Taluk of Bellary district, It receives its tributary Vedavathi River. The river forms natural boundary between Bellary and Koppal districts and then between Bellary and Raichur districts along its course. After entering Andhra pradesh State, It flows through temple town of Mantralaya and then through Kurnool City. It receives its tributary Handri river near Kurnool City. Then It mingles with the Krishna near Alampur Village of Mehaboobnagar district of Telangana state. The Place of confluence of TungaBhadra and Krishna River is a holy pilgrimage site. The Sangameshwara temple and Jogulamba temple(dedicated to Lord Shiva and Goddessess Devi respectively) are present near Alampur village. The Varada flowing through Shimoga, Uttara Kannada and Haveri districts and Vedavathi in Chikkamagalur, Chitradurga and Bellary districts in Karnataka and the Handri in Kurnool district of Andra Pradesh are the main tributaries of the Tungabhadra. 
Many rivulets and streams join these tributaries. There is a popular saying in Kannada ""Tunga Paana, Ganga Snana"", which means ""Drink Tunga River water, which is tasty & sweet and Bath in Ganga River, which is holy"". ",te,True,2400,Alampur Village,అలమ్పూర్ గ్రామం,False,True
2017 నాటికి బంటుమిల్లి మండలంలో అక్షరాస్యత శాతం ఎంత?," census, the mandal had a population of 46,370 living in 13,335 households. The total population constituted 23,116 males and 23,254 females, for a sex ratio of 1006 females per 1000 males. There were 4,349 children in the age group of 0–6 years, of which 2,217 were boys and 2,132 were girls, for a sex ratio of 962. The average literacy rate stands at 67.68% with 28,439 literates, of which 14,986 are males and 13,453 are females. There were 6,638 members of Scheduled Castes and 898 members of Scheduled Tribes.",te,True,354,67.68%,67.68 శాతం,False,True
ఫ్రెంచ్ అధికారిక భాషగా ఎన్ని దేశాలలో వాడుకలో  ఉంది?,"French ( or ) is a Romance language of the Indo-European family. It descended from the Vulgar Latin of the Roman Empire, as did all Romance languages. French evolved from Gallo-Romance, the spoken Latin in Gaul, and more specifically in Northern Gaul. Its closest relatives are the other langues d'oïl—languages historically spoken in northern France and in southern Belgium, which French (Francien) has largely supplanted. French was also influenced by native Celtic languages of Northern Roman Gaul like Gallia Belgica and by the (Germanic) Frankish language of the post-Roman Frankish invaders. Today, owing to France's past overseas expansion, there are numerous French-based creole languages, most notably Haitian Creole. A French-speaking person or nation may be referred to as Francophone in both English and French. 
French is an official language in 29 countries across multiple different continents, most of which are members of the ""Organisation internationale de la Francophonie"" (OIF), the community of 84 countries which share the official use or teaching of French. It is spoken as a first language (in descending order of the number of speakers) in France, Canadian provinces of Quebec, Ontario and New Brunswick as well as other Francophone regions, Belgium (Wallonia and the Brussels-Capital Region), western Switzerland (cantons of Bern, Fribourg, Geneva, Jura, Neuchâtel, Vaud, Valais), Monaco, parts of the United States (Louisiana, Maine, New Hampshire, and Vermont), partly in Luxembourg and in northern Italy (region of Aosta Valley), and by various communities elsewhere. In 2015, approximately 40% of the francophone population (including L2 and partial speakers) lived in Europe, 35% in sub-Saharan Africa, 15% in North Africa and the Middle East, 8% in the Americas, and 1% in Asia and Oceania. French is the fourth most widely spoken mother tongue in the European Union, Of Europeans who speak other languages natively, approximately one-fifth are able to speak French as a second language. French is the second most taught foreign language in the EU. French is also the 18th most natively spoken language in the world, 6th most spoken language by total number of speakers and the second most studied language worldwide (with about 120 million current learners).",te,True,859,29,29,False,True
ఉప్పు సత్యాగ్రహం ని ఎవరు మొదలుపెట్టారు?,"The Salt March, also known as the Dandi March and the Dandi Satyagraha, was an act of nonviolent civil disobedience in colonial India led by Mohandas Karamchand Gandhi to produce salt from the seawater in the coastal village of Dandi (now in Gujarat), as was the practice of the local populace until British officials introduced taxation on salt production, deemed their sea-salt reclamation activities illegal, and then repeatedly used force to stop it. The 24-day march lasted from 12 March 1930 to 6 April 1930 as a direct action campaign of tax resistance and nonviolent protest against the British salt monopoly. It gained worldwide attention which gave impetus to the Indian independence movement and started the nationwide Civil Disobedience Movement. Mahatma Gandhi started this march with 78 of his trusted volunteers. Walking ten miles a day for 24 days, the march spanned over 240 miles.",te,True,141,Mohandas Karamchand Gandhi,మోహందస్ కరమచంద్ గాంధీ,False,True
ఉమ్రావ్ జాన్ చిత్ర కథానాయిక ఎవరు?,"Umrao Jaan (2006) is a Bollywood film based on the Urdu novel ""Umrao Jaan Ada"" and is about the famous courtesan of the title. Abhishek Bachchan and Aishwarya Rai star in the lead roles. The film is directed by J. P. Dutta and also stars Shabana Azmi, Sunil Shetty, Divya Dutta, Himani Shivpuri and Kulbhushan Kharbanda.",te,True,127,Abhishek Bachchan and Aishwarya Rai,"అభిషేక్ బచ్చన్, ఐశ్వర్య రాయ్",False,True
ఉత్తరాఖండ్ రాష్ట్రంలో అతిపెద్ద నగరం ఏది?,"Uttarakhand (), officially the State of Uttarakhand, formerly known as Uttaranchal, is a state in the northern part of India. It is often referred to as the ""Devabhumi"" (literally ""Land of the Gods"") due to a large number of Hindu temples and pilgrimage centres found throughout the state. Uttarakhand is known for the natural environment of the Himalayas, the Bhabhar and the Terai. On 9 November 2000, Uttarakhand became the 27th state of the Republic of India, being created from the Himalayan districts of Uttar Pradesh. It borders Tibet to the north; the Sudurpashchim Pradesh of Nepal to the east; the Indian states of Uttar Pradesh to the south and Himachal Pradesh to the west and north-west as well as Haryana on its south-western corner. The state is divided into two divisions, Garhwal and Kumaon, with a total of 13 districts. The interim capital of Uttarakhand is Dehradun, the largest city of the state, which is a railhead. The High Court of the state is located in Nainital.",te,True,877,Dehradun,డెహ్రాడన్,False,True
లక్ష్మి చిత్ర నిర్మాత ఎవరు?,"Lakshmi is a 2018 Indian Tamil-language musical dance film written and directed by A. L. Vijay. The film stars Prabhu Deva, Ditya Bhande and Aishwarya Rajesh in the lead roles, with a supporting cast including Salman Yusuff Khan and Karunakaran. Produced by Prateek Chakravorty, Shruti Nallappa and R. Ravindran under the banner of Pramod Films and Trident Arts, the film features music composed by Sam C. S. and cinematography by Nirav Shah. The film released on 24 August 2018 on the eve of Varalakshmi Vratam and based on the theme of goddess Lakshmi.",te,True,83,A. L. Vijay,ఎ. ఎల్. విజయ్,False,True
నోబెల్ బహుమతి అందుకున్న తొలి భారతీయ స్త్రీ ఎవరు?,"First instituted in 1901, a total of 904 individuals (852 men and 52 women) and 24 organizations were awarded the Nobel Prize between 1901 and 2018. Among the total recipients, 12 are Indians (five Indian citizens and seven of Indian origin or residency). Rabindranath Tagore was the first Indian citizen to be awarded and Mother Teresa is the only woman among the list of recipients. Notably, Sri Aurobindo, the Indian poet, philosopher, nationalist and developer of integral yoga, was nominated unsuccessfully for the Nobel Prize in Literature in 1943 and for the Nobel Peace Prize in 1950.",te,True,323,Mother Teresa,మదర్ టెర్రెసా,False,True
వైఎస్ఆర్ జిల్లా అన్ని కడప జిల్లాకు పేరు ఎప్పుడు మారింది?,"On 8 July 2010, the Government of Andhra Pradesh renamed the Kadapa district as YSR district in honour of Reddy, who was a native of that district.",te,True,3,8 July 2010,"జూలై 8, 2010",False,True
పుచ్చలపల్లి సుందరయ్య ఏ రాష్ట్రంలో జన్మించాడు?,"Sundarayya was born on 1 May 1913 in Alaganipadu (in the present Vidavalur Mandal of Kovur Constituency) in Nellore district of Andhra Pradesh, India. He was the child of a feudal family and, when Sundarayya was six, his father died. He completed primary education and entered a college where he studied at entry level until he left in 1930, at the age of 17, to join Gandhi's Non-Cooperation Movement. He was arrested and spent time in a Borstal school in Rajahmundry where he became acquainted with various communists. When released, he organized agricultural workers in his village to protest against bonded labour.",te,True,128,Andhra Pradesh,ఆంధ్రప్రదేశ్,False,True
కడప జిల్లా కు వైఎస్ఆర్ జిల్లా అన్ని పేరు ఎప్పుడు మారింది?,"On 8 July 2010, the Government of Andhra Pradesh renamed the Kadapa district as YSR district in honour of Reddy, who was a native of that district.",te,True,3,8 July 2010,"జూలై 8, 2010",False,True
విశాఖపట్నం స్టీలు ప్లాంటు ఎప్పుడు ప్రారంభమైంది?,"Visakhapatnam Steel Plant, popularly known as Vizag Steel, is an integrated steel producer in Visakhapatnam, India built using German and Soviet technology. The company has grown from a loss-making industry to 3-billion-dollar turnover company registering a growth of 203.6% in just four years. Vizag Steel Plant was conferred Navratna status on 17 November 2010. Founded in 1971, the company focuses on producing value-added steel, with 214,000 tonnes produced in August 2010, out of 252,000 tonnes total of salable steel produced.",te,True,375,1971,1971,False,True
భారత ప్రజలు స్వతంత్ర దినోత్సవంను ఎప్పుడు జరుపుకుంటారు?,"Independence Day is annually celebrated on 15 August, as a national holiday in India commemorating the nation's independence from the United Kingdom on 15 August 1947, the UK Parliament passed the Indian Independence Act 1947 transferring legislative sovereignty to the Indian Constituent Assembly. India still retained King George VI as head of state until its transition to full republican constitution. India attained independence following the Independence Movement noted for largely non-violent resistance and civil disobedience led by the Indian National Congress (INC). Independence coincided with the partition of India, in which the British India was divided along religious lines into the Dominions of India and Pakistan; the partition was accompanied by violent riots and mass casualties, and the displacement of nearly 15 million people due to religious violence. On 15 August 1947, the first Prime Minister of India, Jawaharlal Nehru raised the Indian national flag above the Lahori Gate of the Red Fort in Delhi. On each subsequent Independence Day, the incumbent Prime Minister customarily raises the flag and gives an address to the nation.",te,True,43,15 August,ఆగస్టు 15,False,True
వైఎస్ఆర్ జిల్లా అనే పేరు ఆ జిల్లాకు ఎప్పుడు వచ్చింది?,"The old records of the district reveal that Kadapa previously called ""Gadapa"" which means in Telugu language ""threshold"". The ancient village of Kadapa with its large tank and temple of Lord Venkateswara at Devuni Kadapa was convenient camping place for the myriads of pilgrims travelling to the holy shrine of Tirupathi. There was a belief that the pilgrims have to first visit Devuni Kadapa, before going to Tirupathi to pray to Saint Annamacharya and Saint Potuluri Veera Brahmam who foretold the future and advocated a classless society. The ancient temple at Vontimitta which inspired Pothana to compose Andhra Maha Bhagavatham is also in the district. In the olden days Kadapa was also called ""Hiranyanagaram"".",te,True,44,Kadapa,కడపా,False,True
ప్రపంచంలో అతి ఎత్తైన పర్వతము ఏది?,"The highest mountain on Earth is Mount Everest in the Himalayas of Asia, whose summit is above mean sea level. The highest known mountain on any planet in the Solar System is Olympus Mons on Mars at .",te,True,33,Mount Everest,ఎవెరెస్ట్ పర్వతం,False,True
అంగ్ కోర్ వాట్ దేవాలయ పొడవు ఎంత?,"Angkor Wat combines two basic plans of Khmer temple architecture: the temple-mountain and the later galleried temple. It is designed to represent Mount Meru, home of the devas in Hindu mythology: within a moat more than 5 kilometres (3 mi) long and an outer wall long are three rectangular galleries, each raised above the next. At the centre of the temple stands a quincunx of towers. Unlike most Angkorian temples, Angkor Wat is oriented to the west; scholars are divided as to the significance of this. The temple is admired for the grandeur and harmony of the architecture, its extensive bas-reliefs, and for the numerous devatas adorning its walls.",te,True,220,5 kilometres,5 కిలోమీటర్లు,False,True
గంగ నది ఎక్కడ ఉంది?,"The Ganges ( ), or Ganga (), is a trans-boundary river of the Indian subcontinent which flows through the nations of India and Bangladesh. The river rises in the western Himalayas in the Indian state of Uttarakhand, and flows south and east through the Gangetic Plain of North India. After entering West Bengal, it divides into two rivers: the Hooghly and the Padma River. The Hooghly, or Adi Ganga, flows through several districts of West Bengal and into the Bay of Bengal near Sagar Island. The other, the Padma, also flows into and through Bangladesh, and joins the Meghna river which ultimately empties into the Bay of Bengal. ",te,True,94,through the nations of India and Bangladesh,"భారతదేశం, బంగ్లాదేశ్ దేశాల ద్వారా",False,True
తూర్పు గోదావరి జిల్లా ముఖ్య పట్టణం ఏది?,Kakinada (formerly called Cocanada) is one of the largest cities and the district headquarters of East Godavari district in the Indian state of Andhra Pradesh. It is the second most populated city of East Godavari district after Rajahmundry. The city has a population of about 4.43 Lakhs as of 2011 census. ,te,True,0,Kakinada,కాకినాడా,False,True
బల్లి యొక్క శాస్త్రీయ నామం ఏంటి?,"Agama (Suriname creole name for a lizard) is both the genus name of a group of small, long-tailed, insectivorous Old World lizards as well as a common name for these lizards. The genus ""Agama"" is composed of at least 37 species found across Africa, where they are the most common lizard. They can be found in many sizes, from 12.5 to 30 cm (5 in. to 1 ft.) in length and a wide variety of colours. One of the best known species is ""Agama agama"", widespread in sub-Saharan Africa. For Eurasian agamaids, see the genus ""Laudakia"".",te,True,0,Agama,మతం,False,True
డా. సర్వేపల్లి రాధాకృష్ణన్ ఎప్పుడు మరణించాడు?,Sarvepalli Radhakrishnan (5 September 1888 – 17 April 1975) was an Indian philosopher and statesman who served as the first Vice President of India (1952–1962) and the second President of India (1962-1967).,te,True,45,17 April 1975,"ఏప్రిల్ 17, 1975",False,True
కాకతీయ సామ్రాజ్యాన్ని స్థాపించింది ఎవరు ?,The Kakatiya rulers traced their ancestry to a legendary chief or ruler named Durjaya. Many other ruling dynasties of Andhra also claimed descent from Durjaya. Nothing further is known about this chief.,te,True,78,Durjaya,దుర్జయ,False,True
హైదరాబాద్ నగరాన్ని ముందు ఏమని పిలిచేవారు?,"Archaeologists excavating near the city have unearthed Iron Age sites that may date from 500 BCE. The region comprising modern Hyderabad and its surroundings was known as ""Golkonda"" (Golla Konda-""shepherd's hill""), and was ruled by the Chalukya dynasty from 624 CE to 1075 CE. Following the dissolution of the Chalukya empire into four parts in the 11th century, Golkonda came under the control of the Kakatiya dynasty from 1158, whose seat of power was at Warangal, northeast of modern Hyderabad.",te,True,172,Golkonda,గోల్కొండ,False,True
భారతదేశం లో ఎక్కువ దూరం ప్రయాణించే నది ఏది?,"
Himalayan glaciers in the Indian subcontinent are broadly divided into the three
river basins, namely the Indus, Ganga and Brahmaputra. The Indus basin has the largest number of glaciers (3500), whereas the Ganga and Brahmaputra basins contain about 1000 and 660 glaciers, respectively.
Ganga is the largest river system in India.However these rivers are just three among many.Some other examples of rivers are narmada, tapi, godwari etc.",te,True,288,Ganga,గంగా,False,True
ఇది కథ కాదు చిత్ర కథానాయిక ఎవరు?,"Idi Katha Kaadu (Telugu: ""ఇది కధ కాదు""; English: ""This isn't a story"") is a 1979 Indian Telugu language drama film directed by K. Balachander starring Kamal Haasan, Jayasudha, Sarath Babu, Chiranjeevi, Saritha, and Ramaprabha. It is a remake of Balachander's earlier Tamil hit ""Avargal"" (1977). Jayasudha reprised the role of Sujatha in the original. Kamal Haasan starred in the same role in both languages. This film also had Chiranjeevi as the villainous husband of Jayasudha (Rajinikanth starred as the husband in Tamil). The film was shot in Black and white.",te,True,295,Jayasudha,జయసుద్ధ,False,True
నేషనల్ లీగ్ ఫర్ డెమాక్రసీ పార్టీని ఎవరు స్థాపించారు?,"The NLD was formed in the aftermath of the 8888 Uprising, a series of protests in favour of democracy which took place in 1988 and was ended when the military again took control of the country in a coup. It formed under the leadership of Aung San Suu Kyi, daughter of Aung San, a pivotal figure in the Burmese independence movement of the 1940s. She was recruited by concerned democracy advocates.",te,True,238,Aung San Suu Kyi,ఆంగ్ శాన్ సు చి,False,True
తాబేలు యొక్క జీవితకాలం ఎంత?,"The carapace is fused to both the vertebrae and ribcage, and tortoises are unique among vertebrates in that the pectoral and pelvic girdles are inside the ribcage rather than outside. Tortoises can vary in dimension from a few centimeters to two meters. They are usually diurnal animals with tendencies to be crepuscular depending on the ambient temperatures. They are generally reclusive animals. Tortoises are the longest living land animal in the world, although the longest living species of tortoise is a matter of debate. Galápagos tortoises are noted to live over 150 years, but an Aldabra giant tortoise named Adwaita may have been the longest living at an estimated 255 years. In general, most tortoise species can live 80–150 years.",te,True,566,over 150 years,150 సంవత్సరాలకు పైగా,False,True
ఇస్రో సంస్థని ఎప్పుడు స్థాపించారు ?,"Formed in 1969, ISRO superseded the erstwhile Indian National Committee for Space Research (INCOSPAR) established in 1962 by the efforts of independent India's first Prime Minister, Jawaharlal Nehru, and his close aide and scientist Vikram Sarabhai. The establishment of ISRO thus institutionalised space activities in India. It is managed by the Department of Space, which reports to the Prime Minister of India.",te,True,10,1969,1969,False,True
2011 జనగణన ప్రకారం జంగారెడ్డిగూడెం మండల జనాభా ఎంత?,"According to Indian census, total population of Jangareddygudem Mandal is 109,814 living in 29,820 Houses, it has villages. Of which Males are 54,682 and Females are 55,132.",te,True,74,"109,814","109,814",False,True
తెలుగు భాషలో విడుదలైన మొట్టమొదటి చిత్రం పేరేమిటి?,"Telugu cinema, also known by its sobriquet Tollywood, is the segment of Indian cinema dedicated to the production of motion pictures in the Telugu language, based in Film Nagar, a neighborhood of Hyderabad, Telangana. Since 1909, film maker Raghupathi Venkaiah was involved in producing short films and travelling to different regions in Asia to promote film work. In 1921, he produced the first Telugu silent film, ""Bhishma Pratigna"". He is cited as the father of Telugu cinema. Tollywood is second largest Film industry in India .",te,True,417,Bhishma Pratigna,భీష్మా ప్రతీగ్నా,False,True
షారుక్ ఖాన్ నటించిన మొదటి చిత్రం ఏది?,"Khan began his career with appearances in several television series in the late 1980s. He made his Bollywood debut in 1992 with ""Deewana"". Early in his career, Khan was recognised for portraying villainous roles in the films ""Darr"" (1993), ""Baazigar"" (1993) and ""Anjaam"" (1994). He then rose to prominence after starring in a series of romantic films, including ""Dilwale Dulhania Le Jayenge"" (1995), ""Dil To Pagal Hai"" (1997), ""Kuch Kuch Hota Hai"" (1998), ""Mohabbatein"" (2000) and ""Kabhi Khushi Kabhie Gham..."" (2001). Khan earned critical acclaim for his portrayal of an alcoholic in ""Devdas"" (2002), a NASA scientist in ""Swades"" (2004), a hockey coach in ""Chak De! India"" (2007) and a man with Asperger syndrome in ""My Name Is Khan"" (2010). His highest-grossing films include the romantic comedy ""Chennai Express"" (2013), the heist comedy ""Happy New Year"" (2014), the action film ""Dilwale"" (2015), and the crime film ""Raees"" (2017). Many of his films display themes of Indian national identity and connections with diaspora communities, or gender, racial, social and religious differences and grievances.",te,True,129,Deewana,దివానా,False,True
భారతదేశంలో కర్నూలు జిల్లా విస్తీర్ణం పరంగా ఎన్నో అతిపెద్ద జిల్లా ?,"Kurnool District is one of the 13 districts in the state of Andhra Pradesh, India. The district is located in the west-central part of the state and is bounded by Mahabubnagar district of Telangana in the north, Raichur district of Karnataka in the northwest, Bellary district of Karnataka in the west, Ananthapur district in the south, YSR Kadapa district in the South East and Prakasham district in the east. The city of Kurnool is the headquarters of the district. It has a population of 4,053,463 of which 28.35% were urban as of 2011. The district is the 10th largest district in the country and the 2nd largest district in the state, accounting for .",te,True,560,10th,10వ,False,True
లిథియం అయాన్ బ్యాటరీలో ఎలక్ట్రోడ్ గా వాడే మూలకం ఏది ?,"A lithium-ion battery or Li-ion battery (abbreviated as LIB) is a type of rechargeable battery in which lithium ions move from the negative electrode to the positive electrode during discharge and back when charging. Li-ion batteries use an intercalated lithium compound as one electrode material, compared to the metallic lithium used in a non-rechargeable lithium battery.",te,True,241,intercalated lithium,ఇంట్రాక్లేటెడ్ లిథియం,False,True
విశాఖపట్నం జిల్లాలో ప్రారంభించిన అతిపెద్ద షాపింగ్ మాల్ ఏది?,"Gajuwaka is a neighbourhood in the city of Visakhapatnam, India. The neighbourhood is considered the biggest shopping district in Andhra Pradesh by revenue. Though conceived as a residential locality, it is now one of the principal shopping districts of the city. Gajuwaka have Highest per capita income in Andhra Pradesh. ",te,True,0,Gajuwaka,గజువాకా,False,True
భారతదేశ జాతీయ చెట్టు శాస్త్రీయ నామం ఏమిటి?,"A banyan, also spelled ""banian"", is a fig that begins its life as an epiphyte, i.e. a plant that grows on another plant, when its seed germinates in a crack or crevice of a host tree or edifice. ""Banyan"" often specifically denominates ""Ficus benghalensis"" (the ""Indian banyan""), which is the national tree of the Republic of India, though the name has also been generalized to denominate all figs that share a common life cycle and used systematically in taxonomy to denominate the subgenus Urostigma.",te,True,236,Ficus benghalensis,ఫికస్ బెంగాలెన్సిస్,False,True
మొదటగా విడుదలైన మొట్టమొదటి తెలుగు చిత్రం పేరేమిటి?,"Telugu cinema, also known by its sobriquet Tollywood, is the segment of Indian cinema dedicated to the production of motion pictures in the Telugu language, based in Film Nagar, a neighborhood of Hyderabad, Telangana. Since 1909, film maker Raghupathi Venkaiah was involved in producing short films and travelling to different regions in Asia to promote film work. In 1921, he produced the first Telugu silent film, ""Bhishma Pratigna"". He is cited as the father of Telugu cinema. Tollywood is second largest Film industry in India .",te,True,417,Bhishma Pratigna,భీష్మా ప్రతీగ్నా,False,True
భారతదేశంలో వినియోగదారుల చట్టం ఎప్పుడు అమలులోకి వచ్చింది?,"Consumer Protection Act, 1986 is an Act of the Parliament of India enacted in 1986 to protect the interests of consumers in India. It makes provision for the establishment of consumer councils and other authorities for the settlement of consumers' disputes and for matters connected therewith also.The act was passed in Assembly in October 1986",te,True,332,October 1986,1986 అక్టోబర్,False,True
ఆసిన్ జన్మస్థలం ఏది ?,"Asin was born in Kochi in Kerala in a Malayali Syro-Malabar Catholic family. Her father Joseph Thottumkal is an Ex-CBI officer and later managed several businesses. Her mother Seline Thottumkal, who moved from Kochi to Chennai and then to Mumbai to live with her daughter, is a surgeon. According to custom, Asin was to be named Mary, after her paternal grandmother. Asin's father however, named her Asin as the name had a beautiful meaning. Asin has quoted that her name means ""pure and without blemish"". She states that the 'A' in her name is from Sanskrit meaning ""without"", and ""sin"" from English.",te,True,17,Kochi,కోచి,False,True
రాజ్‌నీతి చిత్ర దర్శకుడు ఎవరు?,"Raajneeti (), is a 2010 Indian political thriller film co-written, directed and produced by Prakash Jha, with a screenplay by Anjum Rajabali and Prakash Jha, and starring Ajay Devgn, Nana Patekar, Ranbir Kapoor, Katrina Kaif, Arjun Rampal, Manoj Bajpayee and Naseeruddin Shah in the lead roles. It was originally produced by Prakash Jha Productions and distributed by UTV Motion Pictures and Walkwater Media. It was shot in Bhopal. The title translates literally as ""Politics"" and contextually as ""Affairs of State."" The story draws parallels to the epic ""Mahabharata"" where shades of Karna (Ajay Devgan), Krishna (Nana Patekar), Arjuna (Ranbir Kapoor), Bhima (Arjun Rampal), Duryodhana (Manoj Bajpai), and Draupadi (Katrina Kaif) can be seen in the characters portrayed.",te,True,92,Prakash Jha,ప్రకాష్ జా,False,True
ఇందిరాగాంధీ తండ్రి పేరేంటి?,"Indira Gandhi was born as Indira Nehru in a Kashmiri Pandit family on 19 November 1917 in Allahabad. Her father, Jawaharlal Nehru, was a leading figure in India's political struggle for independence from British rule, and became the first Prime Minister of the Dominion (and later Republic) of India. She was the only child (a younger brother was born, but died young), and grew up with her mother, Kamala Nehru, at the Anand Bhavan; a large family estate in Allahabad. She had a lonely and unhappy childhood. Her father was often away, directing political activities or incarcerated, while her mother was frequently bed-ridden with illness, and later suffered an early death from tuberculosis. She had limited contact with her father, mostly through letters.",te,True,113,Jawaharlal Nehru,జవహర్లాల్ నెహ్రూ,False,True
జర్మనీ దేశ జాతీయ జంతువు ఏది ?,"The same design has remained in use by the Federal Republic of Germany since 1945, albeit under the name (""Federal Eagle"").",te,True,107,Federal Eagle,ఫెడరల్ ఈగల్,False,True
పియేర్ డి ఫెర్మా తల్లి పేరేమిటి?,"Fermat was born in the first decade of the 17th century in Beaumont-de-Lomagne, France—the late 15th-century mansion where Fermat was born is now a museum. He was from Gascony, where his father, Dominique Fermat, was a wealthy leather merchant, and served three one-year terms as one of the four consuls of Beaumont-de-Lomagne. His mother was Claire de Long. Pierre had one brother and two sisters and was almost certainly brought up in the town of his birth. There is little evidence concerning his school education, but it was probably at the Collège de Navarre in Montauban.",te,True,343,Claire de Long,క్లెయిర్ డి లాంగ్,False,True
ఏకలవ్య గురువుని శిష్యులు ఎంత మంది ?,"With funds from Government of India and the State Government. Two new EMRS at Bolepur (Birbhum) and Buniadpur (Dakshin Dinajpur) have started functioning in this academic year 2013-14. Each school has a capacity of 420 students. At present total number of students are 2072. The students who are admitted in these schools are provided with scholarships, free food and lodging etc.",te,True,269,2072,2072,False,True
సీతమ్మ వాకిట్లో సిరిమల్లె చెట్టు చిత్ర దర్శకుడు ఎవరు ?,"Seethamma Vakitlo Sirimalle Chettu () is a 2013 Indian Telugu-language drama film written and directed by Srikanth Addala. It was produced by Dil Raju's Sri Venkateswara Creations, and features Daggubati Venkatesh, Mahesh Babu, Anjali and Samantha Ruth Prabhu in the lead roles, while Prakash Raj, Jayasudha, Rao Ramesh, Tanikella Bharani and Rohini Hattangadi play supporting roles.",te,True,106,Srikanth Addala,శ్రీకాంత్ అడాలా,False,True
ఏనుగులు ఎక్కువగా గల దేశం ఏది ?,"According to the World Wildlife Fund, in 2014 the total population of African elephants was estimated to be around 700,000, and the Asian elephant population was estimated to be around 32,000. The population of African elephants in Southern Africa is large and expanding, with more than 300,000 within the region; Botswana has 200,000 and Zimbabwe 80,000. Large populations of elephants are confined to well-protected areas. However, conservative estimates were that 23,000 African elephants were killed by poachers in 2013 and less than 20% of the African elephant range was under formal protection. The International Union for Conservation of Nature released a report in September 2016 that estimates Africa's elephant population at 415,000. They reported that in the past decade, this is a decline of 111,000 elephants. This is reported as the worst decline in the past 25 years.",te,True,314,"Botswana has 200,000","బోట్సానాలో 200,000 మంది ఉన్నారు",False,True
క్రొయేషియా దేశ చిహ్నం ఏది ?,"The national symbols of Croatia are flags, coat of arms, icons or cultural expressions that are emblematic, representative or otherwise characteristic of Croatia or Croatian culture.
",te,True,0,"The national symbols of Croatia are flags, coat of arms, icons or cultural expressions that are emblematic","క్రొయేషియా యొక్క జాతీయ చిహ్నాలు చిహ్నాలు, చిహ్నాలు లేదా సాంస్కృతిక వ్యక్తీకరణలు",False,True
2018 వరకు కర్నూలు జిల్లాలో అతి పెద్ద ఆనకట్ట ఏది?,"The Srisailam Dam is constructed across the Krishna River in between Kurnool district, Andhra Pradesh and mahabubnagar, Telangana, near Srisailam temple town and is the 2nd largest capacity working hydroelectric station in the country.",te,True,4,Srisailam Dam,శ్రీశైలం ఆనకట్ట,False,True
ఆంధ్ర ప్రదేశ్ రాష్ట్రంలో పులికాట్ సరస్సు ఎక్కడ ఉంది?,"The Coromandel Coast is also home to extensive mangrove forests along the low-lying coast and river deltas, and several important wetlands, notably Kaliveli Lake and Pulicat Lake, that provide habitat to thousands of migrating and resident birds.",te,True,4,Coromandel Coast,కొరోమాండెల్ తీరం,False,True
కాకతీయ ప్రతాపరుద్రుడి తండ్రి పేరు ఏంటి?,Prataparudra succeeded his grandmother Rudramadevi on the Kakaktiya throne. His mother Mummadamma was the eldest daughter of Rudramadevi and a Chalukya prince Virabhadra. His father Mahadeva was a Kakatiya prince.,te,True,182,Mahadeva,మహాదేవుడు,False,True
2015 లో పోర్చుగల్ దేశ అధ్యక్షుడు ఎవరు?,"Aníbal Cavaco Silva had served two consecutive five-year terms as president, the maximum number, and the 2016 election was to choose a successor for a term beginning on March 9. In Portugal, the president is the head of state, has mostly ceremonial powers. However, the president does have some political influence and can dissolve the Parliament of Portugal if a crisis occurs. The president also has an official residence in the Belém Palace in Lisbon.",te,True,0,Aníbal Cavaco Silva,అనిబాల్ కవాకో సిల్వా,False,True
ప్రతాపరుద్రుడు కాకతీయ సామ్రాజ్యాన్ని ఎన్ని సంవత్సరాలు పాలించాడు?,"Pratāparudra (r. c. 1289-1323), also known as Rudradeva II, was the last ruler of the Kakatiya dynasty of India. He ruled the eastern part of Deccan, with his capital at Warangal.",te,True,20,1289-1323,1289-1323,False,True
కృష్ణా జిల్లాలో ఎన్ని మున్సిపాలిటీలు ఉన్నాయి?,"The district has four revenue divisions, namely Vijayawada, Nuzvid, Machilipatnam and Gudivada, each headed by a sub collector. These revenue divisions are divided into 50 mandals in the district. These 50 mandals consists of 49 mandal parishads, 973 panchayats, 1005 villages and 5 municipalities. There are 20 towns (or urban settlements) in the district, including 1 municipal corporation, 5 municipalities, 3 nagar panchayat and 11 census towns. Vijayawada city is the only municipal corporation and the 5 municipalities in the district are Gudivada, Jaggaiahpeta, Machilipatnam, Nuzivid and Pedana. Vuyyuru, Nandigama and Tiruvuru were constituted as nagar panchayats in the year 2011. The 11 census towns are Kanuru,
Poranki, Tadigadapa, Yanamalakuduru, Kankipadu, Ramavarappadu, Prasadampadu, Guntupalli, Ibrahimpatnam, Kondapalle, Tiruvuru.",te,True,281,5,5,False,True
సంవత్సరానికి నీటి నుంచి ఎంత శాతం విద్యుత్తు ఉత్పత్తి అవుతుంది?,"Hydroelectricity is electricity produced from hydropower. In 2015, hydropower generated 16.6% of the world's total electricity and 70% of all renewable electricity, and was expected to increase about 3.1% each year for the next 25 years.",te,True,88,16.6% of the world's total electricity,ప్రపంచంలోని మొత్తం విద్యుత్ ఉత్పత్తిలో 16.6%,False,True
ఒక మనిషిలో ఎన్ని కండరాలు ఉంటాయి?,"The muscular system consists of all the muscles present in a single body. There are approximately 650 skeletal muscles in the human body, but an exact number is difficult to define. The difficulty lies partly in the fact that different sources group the muscles differently and partly in that some muscles, such as palmaris longus, are not always present.",te,True,98,650,650,False,True
ఆకర్షణ సిద్ధాంతాన్ని కనుగొన్నది ఎవరు?,"In 1687, English mathematician Sir Isaac Newton published ""Principia"", which hypothesizes the inverse-square law of universal gravitation. In his own words, ""I deduced that the forces which keep the planets in their orbs must [be] reciprocally as the squares of their distances from the centers about which they revolve: and thereby compared the force requisite to keep the Moon in her Orb with the force of gravity at the surface of the Earth; and found them answer pretty nearly."" The equation is the following:",te,True,31,Sir Isaac Newton,సర్ ఐజాక్ న్యూటన్,False,True
సూర్యాపేట జిల్లాలో ఎన్ని మండలాలు కలవు ?,"Suryapet mandal is one of the 23 mandals in Suryapet district of the Indian state of Telangana. It is under the administration of Suryapet revenue division with its headquarters at Suryapet. The mandal is located on the banks of Musi river which separates it from Kethepally mandal and is bounded by Jajireddigudem, Athmakur (S), Chivvemla and Penpahad mandals. The density of population of the mandal is the highest of all the mandals in the district with 748.",te,True,30,23,23,False,True
ఆంధ్ర ప్రదేశ్ రాష్ట్రములోని అత్యున్నత ఎత్తయిన ప్రదేశం ఏది ?,At 1680 m Arama Konda is the highest mountain peak in the state of Andhra Pradesh as well as in the Godavari river basin. It is also the tallest peak of the Eastern Ghats. The peak is named as Sitamma Konda in Survey of India maps.,te,True,10,Arama Konda,అరామా కొండా,False,True
పెద్దపల్లి జిల్లా ఎప్పుడు ఏర్పడింది ?,"Due to the districts re-organisation in October 2016, the district was carved out from the erstwhile Karimnagar district to form three new districts of Jagtial district, Peddapalli district and Rajanna Sircilla district.",te,True,40,October 2016,అక్టోబర్ 2016,False,True
కె.బాలచందర్ దర్శకత్వం వహించిన మొదటి చిత్ర నిర్మాత ఎవరు?,"Kailasam Balachander (9 July 1930 – 23 December 2014) was an Indian filmmaker and playwright who worked mainly in the Tamil film industry. He was well known for his distinct film-making style, and the Indian film industry knew him as a master of unconventional themes and hard-hitting contemporary subject matter. Balachander's films are well known for their portrayal of women as bold personalities and central characters. Popularly referred to as ""Iyakkunar Sigaram"" (lit. ""the director who scaled the peak""), his films are usually centred on unusual or complicated interpersonal relationships and social themes. He started his film career in 1964 as a screenwriter and graduated to a director with ""Neerkumizhi"" (1965).",te,True,702,Neerkumizhi,నీర్కుమిజి,False,True
విలయనూర్ సుబ్రమణ్యన్ రామచంద్రన్ కి పద్మభూషణ్ పురస్కారం ఎప్పుడు లభించింది?,"Ramachandran was elected to a visiting fellowship at All Souls College, Oxford (1998–1999). In addition, he was a Hilgard visiting professor at Stanford University in 2005. He has received honorary doctorates from Connecticut College (2001) and the Indian Institute of Technology, Madras (2004). Ramachandran received the annual Ramon y Cajal award (2004) from the International Neuropsychiatric Society, and the Ariëns Kappers Medal from the Royal Netherlands Academy of Sciences for his contributions to Neuroscience (1999). In 2005 Ramachandran received the Henry Dale Medal from the Royal institution for ""outstanding research of an interdisciplinary nature"". In 2007, the President of India conferred on him the third highest civilian award and honorific title in India, the Padma Bhushan. In 2014, Ramachandran was appointed an Honorary Fellow of the Royal College of Physicians.",te,True,667,2007,2007 సంవత్సరము,False,True
సర్ అలెగ్జాండర్ ఫ్లెమింగ్ కి నోబెల్ బహుమతి ఎప్పుడు లభించింది?,"Sir Alexander Fleming (6 August 1881 – 11 March 1955) was a Scottish physician, microbiologist, and pharmacologist. His best-known discoveries are the enzyme lysozyme in 1923 and the world's first antibiotic substance benzylpenicillin (Penicillin G) from the mould ""Penicillium notatum"" in 1928, for which he shared the Nobel Prize in Physiology or Medicine in 1945 with Howard Florey and Ernst Boris Chain. He wrote many articles on bacteriology, immunology, and chemotherapy.",te,True,361,1945,1945,False,True
ఆంధ్ర ప్రదేశ్ రాష్ట్రములోని ఎతైన ప్రదేశం పేరేమిటి ?,At 1680 m Arama Konda is the highest mountain peak in the state of Andhra Pradesh as well as in the Godavari river basin. It is also the tallest peak of the Eastern Ghats. The peak is named as Sitamma Konda in Survey of India maps.,te,True,10,Arama Konda,అరామా కొండా,False,True
శివ చిత్ర దర్శకుడు ఎవరు?,"Siva is a 1989 Tamil action drama film directed by Ameerjan. The film features Rajinikanth, Raghuvaran, Sowcar Janaki and Shobana in lead roles. The film is a remake of the 1977 film ""Khoon Pasina"", which starred Amitabh Bachchan. In spite of N.T. Rama Rao's 1977 Telugu version ""Tiger,"" with Rajinikanth also starring in that film but playing Raghuvaran's role. It failed at the box office, despite good performances by both Rajini and Raghuvaran. The film was dubbed in Telugu as ""Tiger Shiva"" ",te,True,51,Ameerjan,అమేర్జాన్,False,True
ఆంధ్ర ప్రదేశ్లోని ఎత్తయిన ప్రదేశం ఏది ?,At 1680 m Arama Konda is the highest mountain peak in the state of Andhra Pradesh as well as in the Godavari river basin. It is also the tallest peak of the Eastern Ghats. The peak is named as Sitamma Konda in Survey of India maps.,te,True,10,Arama Konda,అరామా కొండా,False,True
నెల్లూరు జిల్లా పేరును శ్రీ పొట్టి శ్రీరాములు నెల్లూరు జిల్లాగా ఏ ప్రభుత్వ హయాంలో జరిగింది?,"The name of the district derives from the name of the district headquarters, Nellore. The district was known as ""Vikrama Simhapuri"" until the 13th century and later it came to be referred to as Nellore. A mythological story from Sthala Purana depicts, a lingam in the form of a stone under ""nelli tree"". The place gradually became ""Nelli-ooru"" (""Nelli=Name of the Tree"" and ""ooru=place"") and then to present day ""Nellore"". Government of Andhra Pradesh officially renamed the district as ""Sri Potti Sri Ramulu Nellore District"" after the freedom fighter and revolutionary Potti Sri Ramulu, who died fasting in an attempt to achieve the formation of a separate state for the Telugu people.",te,True,437,Andhra Pradesh,ఆంధ్రప్రదేశ్,False,True
ఎన్ని దిశలు ఉన్నాయి?,"The four cardinal directions, or cardinal points, are the directions north, east, south, and west, commonly denoted by their initials N, E, S, and W. East and west are perpendicular (at right angles) to north and south, with east being in the clockwise direction of rotation from north and west being directly opposite east. Points between the cardinal directions form the points of the compass.",te,True,4,four,నాలుగు,False,True
ది బకెట్ లిస్ట్ చిత్రం ఎప్పుడు విడుదలైంది?,"The Bucket List is a 2007 American comedy-drama film directed and produced by Rob Reiner, written by Justin Zackham, and starring Jack Nicholson and Morgan Freeman. The main plot follows two terminally ill men on their road trip with a wish list of things to do before they ""kick the bucket"".",te,True,21,2007,2007 సంవత్సరము,False,True
ఆంధ్ర ప్రదేశ్ రాష్ట్ర హైకోర్టు ఎక్కడ ఉంది?,"It was established in the year 1954, when the new state of Andhra formed from the earlier Madras Presidency. After the merger of the Hyderabad State with Andhra State to form the State of Andhra Pradesh, the Court initially met at the Guntur city till 1956. Thereafter, the High Court started functioning from the capital city of Hyderabad. However, post bifurcation of Andhra Pradesh into Telengana and Andhra Pradesh as per the Andhra Pradesh Reorganisation Act, 2014, the High Court of Judicature at Hyderabad was constituted as a common High Court, until the new High Court for the State of Andhra Pradesh is created. Later by a Presidential order, the High Court for the state of Andhra Pradesh was established on 1 January 2019 under the Andhra Pradesh Reorganisation Act, 2014. The seat of the High Court is at Amaravati, the capital of Andhra Pradesh and the first justice city of India. The first Chief Justice is Justice Chagari Praveen Kumar.",te,True,330,Hyderabad,హైదరాబాద్,False,True
2019లో విశాఖపట్నం జిల్లాలో మొత్తం ఎన్ని శాసనసభ నియోజకవర్గాలు ఉన్నాయి?,"Visakhapatnam East Assembly constituency is a constituency of the Andhra Pradesh Legislative Assembly, India. It is one of 15 constituencies in the Visakhapatnam district.",te,True,123,15,15,False,True
లెమాన్ బ్రదర్స్ సంస్థ ని ఎప్పుడు స్థాపించారు?,"Lehman Brothers Holdings Inc. () was a global financial services firm. Before filing for bankruptcy in 2008, Lehman was the fourth-largest investment bank in the United States (behind Goldman Sachs, Morgan Stanley, and Merrill Lynch), doing business in investment banking, equity and fixed-income sales and trading (especially U.S. Treasury securities), research, investment management, private equity, and private banking. Lehman was operational for 158 years from its founding in 1850 until 2008.",te,True,482,1850,1850 సంవత్సరము,False,True
మొదటి కృత్రిమ ఉపగ్రహం ఎక్కడ ప్రయోగించబడింది?,"Sputnik 1 was launched during the International Geophysical Year from Site No.1/5, at the 5th Tyuratam range, in Kazakh SSR (now known as the Baikonur Cosmodrome). The satellite travelled at about , taking 96.2 minutes to complete each orbit. It transmitted on 20.005 and 40.002 MHz, which were monitored by radio operators throughout the world. The signals continued for 21 days until the transmitter batteries ran out on 26 October 1957. ""Sputnik"" burned up on 4 January 1958 while reentering Earth's atmosphere, after three months, 1440 completed orbits of the Earth, and a distance travelled of about .",te,True,90,"5th Tyuratam range, in Kazakh SSR",కజాఖ్ SSR లోని 5వ టైరాటమ్ రేంజ్,False,True
ప్రకృతి వ్యతిరేక పదం ఏమిటి?,"Within the various uses of the word today, ""nature"" often refers to geology and wildlife. Nature can refer to the general realm of living plants and animals, and in some cases to the processes associated with inanimate objects—the way that particular types of things exist and change of their own accord, such as the weather and geology of the Earth. It is often taken to mean the ""natural environment"" or wilderness—wild animals, rocks, forest, and in general those things that have not been substantially altered by human intervention, or which persist despite human intervention. For example, manufactured objects and human interaction generally are not considered part of nature, unless qualified as, for example, ""human nature"" or ""the whole of nature"". This more traditional concept of natural things which can still be found today implies a distinction between the natural and the artificial, with the artificial being understood as that which has been brought into being by a human consciousness or a human mind. Depending on the particular context, the term ""natural"" might also be distinguished from the or the supernatural.",te,True,888,artificial,కృత్రిమ,False,True
జిందాల్‌ స్టీల్‌ అండ్‌ పవర్‌ లిమిటెడ్‌ ఎప్పుడు ప్రారంభమైంది?,"In 1969, O. P. Jindal (1930–2005) started ""Pipe Unit Jindal India Limited"" at Hisar, India. After Jindal's death in 2005, much of his assets were transferred to his wife, Savitri Jindal. Jindal Group's management was then split among his four sons with Naveen Jindal as the Chairman of Jindal Steel and Power Limited. His elder brother, Sajjan Jindal is the head of JSW Group, part of O.P. Jindal Group.",te,True,3,1969,1969,False,True
సహారా ఎడారి ఏ దేశంలో ఉంది?,"The desert comprises much of North Africa, excluding the fertile region on the Mediterranean Sea coast, the Atlas Mountains of the Maghreb, and the Nile Valley in Egypt and Sudan. It stretches from the Red Sea in the east and the Mediterranean in the north to the Atlantic Ocean in the west, where the landscape gradually changes from desert to coastal plains. To the south, it is bounded by the Sahel, a belt of semi-arid tropical savanna around the Niger River valley and the Sudan Region of Sub-Saharan Africa. The Sahara can be divided into several regions including: the western Sahara, the central Ahaggar Mountains, the Tibesti Mountains, the Aïr Mountains, the Ténéré desert, and the Libyan Desert.",te,True,29,North Africa,ఉత్తర ఆఫ్రికా,False,True
తానికాయల చెట్టు ఏ కుటుంబానికి చెందిన వృక్షం ?,"Terminalia is a genus of large trees of the flowering plant family Combretaceae, comprising around 100 species distributed in tropical regions of the world. This genus gets its name from Latin ""terminus"", referring to the fact that the leaves appear at the very tips of the shoots.",te,True,67,Combretaceae,కంబ్రేటసీ,False,True
డాక్టర్ చక్రవర్తి చిత్ర దర్శకుడు ఎవరు?,"Doctor Chakravarthy is 1964 Telugu drama film, produced by D. Madhusudhana Rao under the Annapurna Pictures banner and directed by Adurthi Subba Rao. It stars Akkineni Nageswara Rao, Savitri, Jaggaiah in the lead roles and music composed by Saluri Rajeswara Rao. The film is based on Koduri Kousalya Devi's ""Chakrabhramanam"" (Novel). The film was recorded as an ""Industry Hit"" at the box office. It is the first film to win the Nandi Award, instituted by Government of Andhra Pradesh in 1964. It inspired many people in India to become doctors.",te,True,131,Adurthi Subba Rao,అదుర్తి సుబ్బా రావు,False,True
కాళిదాసు చిత్రం మొదటగా ఏ సంవత్సరంలో విడుదల అయ్యింది?,"Her first release of 2008 was the Telugu film ""Kalidasu"", directed by debutante G. Ravicharan Reddy. She was paired with debutante Sushanth, the grandson of actor Akkineni Nageswara Rao. Upon release, the film opened to moderate reviews and critics felt that she looked good and very romantic, but had less scope to perform. The film was an average grosser at the box office. She later made a cameo appearance in the Telugu film ""Ready"", followed by another cameo appearance in the Telugu - Tamil bilingual ""Ninna Nedu Repu"", titled ""Netru Indru Naalai"" in Tamil.",te,True,21,2008,2008 సంవత్సరము,False,True
లోక్‌సభ సభ్యులను ఎవరు ఎన్నుకుంటారు?,"Lok Sabha (""House of the People"") or the lower house has 545 members. 543 members are directly elected by citizens of India on the basis of universal adult franchise representing Parliamentary constituencies across the country and 2 members are appointed by the President of India from the Anglo-Indian Community. Every citizen of India who is over 18 years of age, irrespective of gender, caste, religion or race, who is otherwise not disqualified, is eligible to vote for the Lok Sabha. The Constitution provides that the maximum strength of the House be 552 members. It has a term of five years. To be eligible for membership in the Lok Sabha, a person must be a citizen of India and must be 25 years of age or older, mentally sound, should not be bankrupt and should not be criminally convicted. The total elective membership is distributed among the States in such a way that the ratio between the number of seats allotted to each State and the population of the State is, so far as practicable, the same for all States.",te,True,106,citizens of India,భారతదేశ పౌరులు,False,True
శ్రీమహావిష్ణువు వాహనం ఏది ?,"""For the national airline of Indonesia, see Garuda Indonesia, for the giant wasp, see ""Megalara garuda""
The Garuda is a legendary bird or bird-like creature in Hindu, Buddhist and Jain mythology. He is variously the vehicle mount (""vahana"") of the Hindu god Vishnu, a dharma-protector and Astasena in Buddhism, and the Yaksha of the Jain Tirthankara Shantinatha.",te,True,108,Garuda,గారుడా,False,True
జూనియర్ ఎన్.టి.ఆర్ నటించిన మొదటి చిత్రం ఏది?,"Nandamuri Taraka Rama Rao Jr. (born 20 May 1983), also known as Jr. NTR or Tarak, is an Indian film actor, Kuchipudi dancer, playback singer and television personality known for his works in Telugu cinema. He is the grandson of Telugu actor, and former Chief Minister of Andhra Pradesh, N. T. Rama Rao, who was commonly referred to as NTR. In 1996, he starred as a child artist in ""Ramayanam"", which won the National Film Award for Best Children's Film for that year. His debut as an adult was in 2000 with the film ""Ninnu Choodalani"". In his film career spanning 18 years, Rao has worked in twenty seven films. He has received two state Nandi Awards, two Filmfare Best Telugu Actor Awards and four CineMAA Awards.",te,True,382,Ramayanam,రామాయణం,False,True
2018లో సుప్రీంకోర్టు ప్రధాన న్యాయమూర్తి ఎవరు?,"Since the Supreme Court was established in 1789, 17 people have served as chief justice. The first was John Jay (1789–1795). The current chief justice is John Roberts (since 2005). John Rutledge, Edward Douglass White, Charles Evans Hughes, Harlan Fiske Stone, and William Rehnquist served as associate justice prior to becoming chief justice.",te,True,154,John Roberts,జాన్ రాబర్ట్స్,False,True
మీలో ఎవరు కోటీశ్వరుడు చిత్ర దర్శకుడు ఎవరు?,"Meelo Evaru Koteswarudu (English: Who is the millionaire among you all?) is a Telugu Film directed by E. Satti Babu and produced by K. K. Radhamohan starring Naveen Chandra, Shruti Sodhi, Prudhviraj and Saloni Aswani among others. The film is set to release in the end of 2016.",te,True,102,E. Satti Babu,ఎ. సట్టి బాబు,False,True
వికారాబాద్ జిల్లాలో ఎన్ని మండలాలు ఉన్నాయి?,The district will have two revenue divisions of Tandur and Vikarabad. It is sub-divided into 18 mandals. Syed Omer Jaleel is the present collector of the district.,te,True,93,18,18,False,True
వైట్ హౌస్ ఎక్కడ ఉంది?,"The White House is the official residence and workplace of the President of the United States. It is located at 1600 Pennsylvania Avenue NW in Washington, D.C. and has been the residence of every U.S. President since John Adams in 1800. The term ""White House"" is often used as a metonym for the president and his advisers.",te,True,112,"1600 Pennsylvania Avenue NW in Washington, D.C.","వాషింగ్టన్, డి. సి. లో 1600 పెన్సిల్వేనియా అవెన్యూ NW",False,True
సంతోషం చిత్రం ఏ సంవత్సరంలో విడుదలైంది?,"Santhosham is a 1998 Tamil comedy film directed by newcomer Karthik. The film features Saravanan and Suvalakshmi in lead roles, with K. S. Ravikumar, Anand Babu, Prakash Raj, R. Sundarrajan and Thalaivasal Vijay playing supporting roles. The film, produced by Ve. Baabu, had musical score by Deva and was released on 3 April 1998.",te,True,16,1998,1998,False,True
మూలకము అంటే ఏమిటి?,"A chemical element is a species of atom having the same number of protons in their atomic nuclei (that is, the same atomic number, or ""Z""). For example, the atomic number of oxygen is 8, so the element oxygen consists of all atoms which have exactly 8 protons.",te,True,11,element is a species of atom having the same number of protons in their atomic nuclei,"మూలకం అనేది అణువు యొక్క ఒక రకం, దాని అణు కేంద్రకాలలో అదే సంఖ్యలో ప్రోటాన్లు ఉంటాయి",False,True
2017 లో సంగారెడ్డి జిల్లా కలెక్టర్ ఎవరు?,"The district will have three revenue divisions of Narayankhed, Sangareddy
and Zaheerabad are sub-divided into 27 mandals. M.Hanumantha Rao is the present collector of the district.",te,True,122,M.Hanumantha Rao,శ్రీ హనుమంత రావు,False,True
పోలాండ్ దేశంలో మారక ద్రవ్యం ఏది?,"The złoty (pronounced ; sign: zł; code: PLN), which is the masculine form of the Polish adjective 'golden', is the currency of Poland. The modern złoty is subdivided into 100 groszy (singular: ""grosz""; alternative plural form: ""grosze""). The recognised English form of the word is ""zloty"", plural zloty or zlote. The currency sign, zł, is composed of the Polish lower-case letters ""z"" and ""ł"" (Unicode: & ).",te,True,4,złoty,స్లోటీ,False,True
మైసూర్ రాజ్య వ్యవస్థాపకుడు ఎవరు ?,"Sources for the history of the kingdom include numerous extant lithic and copper plate inscriptions, records from the Mysore palace and contemporary literary sources in Kannada, Persian and other languages. According to traditional accounts, the kingdom originated as a small state based in the modern city of Mysore and was founded by two brothers, Yaduraya (also known as Vijaya) and Krishnaraya. Their origins are mired in legend and are still a matter of debate; while some historians posit a northern origin at Dwarka, others locate it in Karnataka. Yaduraya is said to have married Chikkadevarasi, the local princess and assumed the feudal title ""Wodeyar"" (""lit"", ""Lord""), which the ensuing dynasty retained. The first unambiguous mention of the Wodeyar family is in 16th century Kannada literature from the reign of the Vijayanagara king Achyuta Deva Raya (1529–1542); the earliest available inscription, issued by the Wodeyars themselves, dates to the rule of the petty chief Timmaraja II in 1551.",te,True,350,Yaduraya (also known as Vijaya) and Krishnaraya,యదూరయ (విజయ అని కూడా పిలుస్తారు) మరియు కృష్ణరాయ,False,True
కల్కి చిత్రం ఎప్పుడు విడుదల అయింది ?,"Kalki () is a 1996 Tamil drama film directed by K. Balachander, starring Shruti, Rahman, Prakash Raj, Geetha and Renuka. The music composition is by Deva. The film was co-produced by Gramco Films. The film was among 1996 Deepavali releases.",te,True,14,1996,1996,False,True
అమర్ చిత్ర దర్శకుడు ఎవరు?,"Amar (, translation: ""immortal"") is a 1954 black-and-white Bollywood film. Produced and directed by Mehboob Khan, the film stars Dilip Kumar, Madhubala, Nimmi and Jayant. ""Amar"" features music by Naushad with lyrics by Shakeel Badayuni. R. Kaushik won the Filmfare Award for Best Sound Design.",te,True,100,Mehboob Khan,మెహబూబ్ ఖాన్,False,True
అగ్ని క్షిపణి ప్రయాణించే అత్యధిక దూరం ఎంత ?,"Agni-VI is an intercontinental ballistic missile reported to be in early stages of development by India. It is to be the latest and most advanced version among the Agni missile program. It will be capable of being launched from submarines as well as from land, and will have a strike-range of 8,000–10,000 km with MIRVed warheads.",te,True,299,"10,000 km","10,000 కిలోమీటర్లు",False,True
తెలంగాణ రాష్ట్ర క్రీడా ఏంటి?,"It is popular in the Indian subcontinent and other surrounding Asian countries. Although accounts of kabaddi appear in the histories of both ancient India and ancient Sistan, the game was popularized as a competitive sport in the 20th century by India; it is the state game of the Indian states of Andhra Pradesh, Bihar, Haryana, Karnataka, Kerala, Maharashtra, Punjab, Tamil Nadu, Telangana, and Uttar Pradesh. It is also the national sport of Bangladesh. ",te,True,101,kabaddi,కబడ్డీ,False,True
అగ్నిపర్వతం చిత్ర దర్శకుడు ఎవరు?,"Agniparvatham () is a 1979 Indian Malayalam film, directed by P. Chandrakumar and produced by K. P. Kottarakkara. The film stars Madhu, Srividya, Ambika and Jose Prakash in the lead roles. The film has musical score by Pukazhenthi.",te,True,62,P. Chandrakumar,పి. చంద్రకుమార్,False,True
జీఎస్‌ఎల్‌వి-D2 ఉపగ్రహ వాహకనౌకను ఎప్పుడు అంతరిక్షంలోకి పంపారు?,"PSLV-D2 was launched at 5:05 a.m. IST on 15 October 1994 from Satish Dhawan Space Centre (then called ""Sriharikota Launching Range""). The vehicle successfully achieved orbit, placing the IRS-P2 satellite in an 820 km sun-synchronous orbit.
",te,True,24,5:05 a.m. IST on 15 October 1994,1994 అక్టోబరు 15న ఉదయం 5:05 గంటలకు IST,False,True
వాడే వీడు చిత్ర నిర్మాత ఎవరు?,"Vaade Veedu (English: This Man is That Man only) is a 1973 Telugu comedy drama film, produced by N. Ramabrahmam under the Sri Gowthami Pictures banner and directed by D. Yoganand. It stars N. T. Rama Rao, Manjula in the lead roles and music composed by Satyam.",te,True,97,N. Ramabrahmam,ఎన్. రామబ్రహ్మము,False,True
వృశ్చికం శాస్త్రీయ నామం ఏమిటి ?,"Scorpions are predatory arachnids of the order Scorpiones. They have eight legs and are easily recognized by the pair of grasping pedipalps and the narrow, segmented tail, often carried in a characteristic forward curve over the back, ending with a venomous stinger. Scorpions range in size from 9 mm / 0.3 in. (""Typhlochactas mitchelli"") to 23 cm / 9 in. (""Heterometrus swammerdami"").",te,True,0,Scorpions are predatory arachnids of the order Scorpiones,స్కార్పియన్స్ అనేది స్కార్పియన్స్ ఆర్డర్ యొక్క దోపిడీ పరాన్నజీవులు,False,True
ఓరుగల్లు మరొక పేరు ఏమిటి ?,"During the Kakatiya rule, Warangal was referred with various names like ""Orugallu"", ""Ekasila Nagaram"", or ""Omatikonda"" all these means a 'single stone' referring to a huge granite boulder present in the Warangal fort. When the kakatiyan dynasty was defeated by Delhi Sultanate in 1323, ruler Juna khan conquered the city and renamed it as Sultanpur. Later Musunuri Nayaks recaptured warangal in 1336 A. D. and named it Orugallu again.",te,True,0,"During the Kakatiya rule, Warangal was referred with various names like ""Orugallu","కాకాటియా పాలనలో, వరంగల్ను ""ఓరుగల్లూ"" వంటి వివిధ పేర్లతో పిలిచేవారు.",False,True
వ్యాధులని కలిగించే సూక్ష్మజీవులను ఏమంటారు?,"Major modern diseases such as Ebola virus disease and salmonellosis are zoonoses. HIV was a zoonotic disease transmitted to humans in the early part of the 20th century, though it has now mutated to a separate human-only disease. Most strains of influenza that infect humans are human diseases, although many strains of swine and bird flu are zoonoses; these viruses occasionally recombine with human strains of the flu and can cause pandemics such as the 1918 Spanish flu or the 2009 swine flu. Taenia solium infection is one of the neglected tropical diseases with public health and veterinary concern in endemic regions. Zoonoses can be caused by a range of disease pathogens such as viruses, bacteria, fungi and parasites; of 1,415 pathogens known to infect humans, 61% were zoonotic. Most human diseases originated in animals; however, only diseases that routinely involve animal to human transmission, like rabies, are considered direct zoonosis.",te,True,687,"viruses, bacteria, fungi and parasites","వైరస్లు, బాక్టీరియా, శిలీంధ్రాలు మరియు పరాన్నజీవులు",False,True
ఆది శంకరాచార్యులు ఎక్కడ మరణించాడు?,"Shankara was most likely born in the southern Indian state of Kerala, according to the oldest biographies, in a village named Kaladi sometimes spelled as Kalati or Karati, although some texts suggest the birthplace to be Chidambaram in Tamil Nadu. He was born to Nambudiri Brahmin parents. His father died while Shankara was very young. Shankara's , the initiation into student-life, had to be delayed due to the death of his father, and was then performed by his mother.",te,True,37,southern Indian state of Kerala,దక్షిణ భారత రాష్ట్రమైన కేరళ,False,True
1952లో మొత్తం ఎన్ని తెలుగు సినిమాలు విడుదల అయ్యాయి?,"This is a list of films produced by the Tollywood film industry based in Madras & Hyderabad in 1952. Movies Released 25. Data collected from Song books, from news papers",te,True,117,25,25,False,True
గుంటూరు జిల్లాలో ఎక్కువగా పండించే పంట ఏమిటి ?,The major occupation of the village is agriculture and main crop cultivated is paddy.,te,True,79,paddy,ధాన్యం,False,True
సాధన నటించిన మొదటి చిత్ర నిర్మాత ఎవరు?,"Sadhana aspired to be an actress since childhood. Her father helped her enter films. In 1955 she played a chorus girl in the song ""Mur mur ke na dekh mur mur ke"" in Raj Kapoor's ""Shree 420"". When she was 15 years old, she was approached by some producers who had seen her act in a college play. They cast her in India's first Sindhi film titled ""Abaana"" (1958), where she played the role of Sheila Ramani's younger sister.",te,True,346,Abaana,అబానా,False,True
శ్రీశ్రీ కలంపేరు ఏంటి?,"Srirangam Srinivasa Rao (30 April 1910 – 15 June 1983), popularly known as Sri Sri,was a Telugu poet and lyricist.
He was a member of PEN INDIA, Sahitya Academy, Vice-President of the South Indian Film Writers Association, Madras and President of the revolutionary writers association of Andhra. He was also awarded the ""Soviet Land Nehru Award"" of India.",te,True,75,Sri Sri,శ్రీశైలం,False,True
గుంటూరు జిల్లాలో అధికంగా పండే పంట ఏది?,"Guntur chillies is a group of chilli cultivars from Guntur District, Andhra Pradesh, India. They are renowned globally and exported to Asia, Canada, and Europe. Guntur district is the main producer and exporter of most varieties of Chillies and chilli powder from India to countries like Sri Lanka, Bangladesh, Middle East, South Korea, U.K. and USA & Latin America. Chilies have various colors and flavors because of the level of Capsaicin in them. Guntur chilies form an important part of curries and various popular dishes of the state of Andhra Pradesh in India.",te,True,30,chilli,చిల్లీ,False,True
కడప జిల్లాకి గల మరొక పేరు ఏమిటి ?,"Kadapa (alternatively spelled Cuddapah) is a city in the Rayalseema region of the south-central part of Andhra Pradesh, India . It is the district headquarters of Kadapa district. As of 2011 Census of India, the city had a population of 344,078. It is located south of the Penna River. The city is surrounded on three sides by the Nallamala and Palkonda Hills lying on the tectonic landscape between the Eastern and Western ghats. Black and Red ferrous soils occupy the region. The city is nicknamed ""Gadapa"" ('threshold') since it is the gateway from the west to the sacred hills of Tirumala.",te,True,0,Kadapa,కడపా,False,True
జర్మనీ దేశ జాతీయ జెండాలో ఎన్ని రంగులు కలవు ?,"The flag of Germany or German flag () is a tricolour consisting of three equal horizontal bands displaying the national colours of Germany: black, red, and gold (). The flag was first adopted as the national flag of modern Germany in 1919, during the short-lived Weimar Republic, until 1933.",te,True,67,three,మూడు,False,True
పందుల యొక్క జీవిత కాలం ఎంత?,"Domestic pigs are highly intelligent, social creatures. They are considered hypoallergenic, and are known to do quite well with people who have usual animal allergies. Since these animals are known to have a life expectancy of 15 to 20 years, they require long-term commitment.",te,True,227,15 to 20 years,15 నుంచి 20 సంవత్సరాలు,False,True
గుంటూరు జిల్లాలో ఎక్కువగా పండే పంట ఏది?,"Guntur Sannam or Capsicum annuum"" var. ""longum, is a type of chili pepper that grows in the districts of Guntur (Andhra Pradesh), Warangal (Telangana), and Khammam in India. It is registered as one of the geographical indications of Andhra Pradesh (pursuant to ""Geographical Indications of Goods (Registration and Protection) Act, 1999)"".",te,True,0,Guntur Sannam,గుంటూర్ సనాం,False,True
గుంటూరు జిల్లాలో ప్రధానంగా పండే పంట ఏది?,"Guntur Sannam or Capsicum annuum"" var. ""longum, is a type of chili pepper that grows in the districts of Guntur (Andhra Pradesh), Warangal (Telangana), and Khammam in India. It is registered as one of the geographical indications of Andhra Pradesh (pursuant to ""Geographical Indications of Goods (Registration and Protection) Act, 1999)"".",te,True,0,Guntur Sannam,గుంటూర్ సనాం,False,True
ప్రపంచంలో అతిపెద్ద మనోరోగ వైద్యశాల ఎక్కడ ఉంది ?,"Pilgrim Psychiatric Center, formerly known as Pilgrim State Hospital, is a state-run psychiatric hospital located in Brentwood, New York. At the time it opened, it was the largest hospital of any kind in the world. At its peak in 1954 it had 13,875 patients. Its size has never been exceeded by any other facility, though it's now far smaller than it once was.",te,True,0,Pilgrim Psychiatric Center,పిల్గిమ్ సైకియట్రిక్ సెంటర్,False,True
ఒక లైలా కోసం చిత్ర దర్శకుడు ఎవరు?,"Oka Laila Kosam is a 2014 Telugu romance film written and directed by Vijay Kumar Konda. Produced by Nagarjuna on his home banner Annapurna Studios, the film features Naga Chaitanya and Pooja Hegde in the lead roles. Anoop Rubens composed music for this film while I. Andrew and Praveen Pudi handled the cinematography and editing departments respectively. The film's talkie part was wrapped up on 20 May 2014. The film released worldwide on 17 October 2014.Film recorded as ""HIT"" at Box Office ",te,True,70,Vijay Kumar Konda,విజయ్ కుమార్ కొండా,False,True
తూర్పు గోదావరి జిల్లాలో గల పరిశ్రమల సంఖ్య ఎంత ?,"The Gross District Domestic Product (GDDP) of East Godavari is and it contributes 10% to the Gross State Domestic Product (GSDP). For the FY 2013–14, the per capita income at current prices was . The primary, secondary and tertiary sectors of the district contribute , and respectively. The major products contributing to the GVA of the district from agriculture and allied services are, paddy, sugarcane, betel leaves, coconut, milk, meat and fisheries. The GVA to the industrial and service sector is contributed from construction, electricity, manufacturing, unorganised trade and transport.",te,True,293,j,j,False,True
టర్మినళ్ళు ఎన్ని రకాల?,Automotive batteries typically have one of three types of terminals.,te,True,43,three,మూడు,False,True
రాజన్న సిరిసిల్ల జిల్లా ఎప్పుడు ఏర్పడింది?,"Due to the districts re-organisation in October 2016, the district was carved out from the erstwhile Karimnagar district to form three new districts of Jagtial district, Peddapalli district and Rajanna Sircilla district.",te,True,40,October 2016,అక్టోబర్ 2016,False,True
రత్నములు అధికంగా ఏ ప్రాంతంలో దొరుకుతాయి?,"Diamonds are used in engagement rings. The practice is documented among European aristocracy as early as the 15th century, though ruby and sapphire were more desirable gemstones. The modern popularity of diamonds was largely created by De Beers Consolidated Mines Ltd., which established the first large-scale diamonds mines in South Africa. Through an advertising campaign beginning in the 1930s and continuing into the mid-20th century, De Beers made diamonds into a key part of the betrothal process and a coveted symbol of status. The diamond's high value has been the driving force behind dictators and revolutionary entities, especially in Africa, using slave and child labor to mine blood diamonds to fund conflicts. Though popularly believed to derive its value from its rarity, gem-quality diamonds are quite common compared to rare gemstones such as alexandrite, and annual global rough diamond production is estimated to be about .",te,True,646,Africa,ఆఫ్రికా,False,True
చిల్కా సరస్సు పొడవు ఎంత?,"The highly productive Chilika Lagoon eco-system with its rich fishery resources sustains the livelihood for many fishermen who live in and near the lagoon. The water spread area of the lagoon ranges between 1165 and 906 km2 during the monsoon and summer respectively. A 32 km long, narrow, outer channel connects the lagoon to the Bay of Bengal, near the village Motto. More recently a new mouth has been opened by CDA which has brought a new lease of life to the lagoon.",te,True,199,between 1165 and 906 km,1165 నుండి 906 కిలోమీటర్ల మధ్య,False,True
ఒక మైలు ఎన్ని కిలోమీటర్లకి సమానం?,"With qualifiers, ""mile"" is also used to describe or translate a wide range of units derived from or roughly equivalent to the Roman mile, such as the nautical mile (now 1.852 km exactly), the Italian mile (roughly 1.852 km), and the Chinese mile (now 500 m exactly). The Romans divided their mile into 5,000 roman feet but the greater importance of furlongs in pre-modern England meant that the statute mile was made equivalent to 8 furlongs or 5,280 feet in 1593. This form of the mile then spread to the British-colonized nations some of which continue to employ the mile. The US Geological Survey now employs the metre for official purposes but legacy data from its 1927 geodetic datum has meant that a separate US survey mile ( km) continues to see some use. While most countries replaced the mile with the kilometre when switching to the International System of Units, the international mile continues to be used in some countries, such as Liberia, Myanmar, the United Kingdom, the United States, and a number of countries with fewer than one million inhabitants, most of which are UK or US territories, or have close historical ties with the UK or US.",te,True,169,1.852 km,"1,852 కిలోమీటర్లు",False,True
ఈఫిల్ టవర్ యొక్క ఎత్తు ఎంత ?,"The tallest structure in the City of Paris and the Île de France remains the Eiffel Tower in the 7th arrondissement, 300 meters high, completed in 1889 as the gateway to the 1889 Paris Universal Exposition. The tallest building in the Paris region is the Tour First, at 231 meters, located in La Defense. It is tied for ninth place among the Tallest buildings in the European Union. The tallest building within the city limits of Paris is the Tour Montparnasse, 210 meters high.
The Paris region has two of the tallest twenty-five building in the European Union; the Tour First and the Tour Montparnasse. As of 2018, there are 18 skyscrapers that reach a roof height of at least .",te,True,117,300 meters,300 మీటర్లు,False,True
2018 నాటికి గుంటూరు జిల్లాలో ఎన్ని మున్సిపాలిటీలు ఉన్నాయి?,"The district is divided into four Revenue divisions, namely, Guntur, Tenali, Narasaraopet and Gurazala. These are sub-divided into 57 Mandals, which are in turn divided as 57 Panchayat Samiti (Block)s, 712 villages and 14 towns. These 14 towns includes, 1 municipal corporation, 12 municipalities and 1 census town. Gurazala revenue division was newly formed in the year 2013. Guntur city is the only municipal corporation and district headquarter another Vaddeswaram is categorised as a census town. The 12 municipalities in the district are Mangalagiri, Sattenapalli, Tadepalle, Tenali, Ponnur, Bapatla, Repalle, Narasaraopet, Chilakaluripet, Vinukonda, Macherla, Piduguralla.",te,True,279,12,12,False,True
జె. డి. చక్రవర్తి మొదటి చిత్రం ఏది?,"Chakravarthy made his screen debut with the Telugu film, ""Siva"", an action blockbuster directed by Ram Gopal Varma, premiered at the 13th International Film Festival of India. He subsequently made his Bollywood debut with the remake of the same film titled Shiva (1990). He then starred in the blockbuster ""Satya"" premiered in the Indian panorama section, at the 1998 International Film Festival of India, and was listed among CNN-IBN's 100 greatest Indian films of all time, and Chakravarthy has received the Screen Award Special Jury Award for his work in the film.",te,True,58,Siva,సివా,False,True
రాజంపేట పట్టణ విస్తీర్ణం ఎంత?,"Rajampet is a major town in Kadapa district of the Indian state of Andhra Pradesh and is located in the Rayalaseema Region. It occupies 35.38 km². Rajampet is an Assembly_constituency , Lok Sabha constituency and Revenue division. It is located in Rajampet mandal of Rajampeta revenue division. It is bordered by Tirupati (90 km) and Kadapa (54 km). Rajampet is nearest to world-famous piligrim place Tirumala (110 km). Rajampet is bordered by Chittoor district to the south, Nellore to the east, Ananthapur to the west, and Kurnool to the north.",te,True,136,35.38 km²,35.38 km2,False,True
ఆంగ్లంలో ఎక్కువ అక్షరాలు ఉన్న పదం ఏమిటి?,"The longest word in any of the major English language dictionaries is ""pneumonoultramicroscopicsilicovolcanoconiosis"", a word that refers to a lung disease contracted from the inhalation of very fine silica particles, specifically from a volcano; medically, it is the same as silicosis. The word was deliberately coined to be the longest word in English, and has since been used in a close approximation of its originally intended meaning, lending at least some degree of validity to its claim.",te,True,71,pneumonoultramicroscopicsilicovolcanoconiosis,న్యూమోనోల్ట్రామిక్రోస్కోపిక్సిలిక్వోల్కానోసిస్,False,True
పశ్చిమ గోదావరి జిల్లాకి పడమర దిశన ఉన్న జిల్లా ఏది ?,"West Godavari district or Paschima Godavari Jilla is one of the 13 districts in the Indian state of Andhra Pradesh. The district is situated in Coastal Andhra region of the state. The administrative headquarters of the district is situated at Eluru. census of India, the district has an area of and a population of 3,936,966. It is bounded by Krishna district on the west, East Godavari district on the east, Bay of Bengal on the south and the state of Telangana on the north.",te,True,343,Krishna,కృష్ణుడు,False,True
తూర్పు గోదావరి జిల్లాలో  గోదావరి వంతెన పొడవు ఎంత?,"The Godavari Fourth Bridge or Kovvur–Rajahmundry 4th Bridge is built across Godavari River in Rajahmundry, India. This dual bridge connects Kovvur in West Godavari district to Diwancheruvu in East Godavari district via Rajahmundry bypass express road.",te,True,176,Diwancheruvu,దివాన్చెరువు,False,True
2016లో కర్ణాటక రాష్ట్ర ముఖ్యమంత్రి ఎవరు?,"Siddaramaiah (born 12 August 1948) is an Indian politician and was the 22nd Chief Minister of Karnataka from 2013 to 2018. He is a member of Congress Working Committee. Currently a leader of the Indian National Congress party, Siddaramaiah was a member of various Janata Parivar factions for several years. Earlier, as a Janata Dal (Secular) leader, he was Deputy Chief Minister of Karnataka on two occasions. On 13 May 2013 he was sworn in as the Chief Minister of Karnataka.",te,True,0,Siddaramaiah,సిద్దారామయా,False,True
చత్రపతి చిత్ర నిర్మాత ఎవరు?,"In 2003 SVCC started their production career with the movie ""Ee Abbai Chala Manchodu"", directed by ""Agathiyan"", starring ""Ravi Teja"", ""Sangeetha Krish"" and Vani. After a gap of a year, SVCC produced one of the biggest blockbuster hits of Tollywood, ""Chatrapathi"", directed by ""S. S. Rajamouli"" starring ""Prabhas"" and ""Shriya Saran"". SVCC uniquely paired in alternate movies with ""Ravi Teja"" and ""Prabhas"" for their next two movies, ""Khatarnak"" starring ""Ileana D'Cruz"" and ""Kajal Aggarwal"". The production house gained its popularity, by selectiong new scripts always. ""Darling"" starring ""Prabhas"" was their third film together and this was also a hit at the box office. This was the second movie with ""Kajal Aggarwal"". They paved way to many other huge movies like, ""Devudu Chesina Manushulu"", ""Ongole Gitta"" etc.. They made some movies like ""Sahasam"", starring ""Gopichand"", ""Taapsee Pannu"", which was an action based historic film and it also created a new dimension for Gopichand's career. ""Attarintiki Daredi"" starring ""Pawan Kalyan"", ""Samantha Ruth Prabhu"" and ""Pranitha Subhash"" is again a huge hit yet again at the box office. The movie was written and directed by the ace director ""Trivikram Srinivas"". Their films made their way to box office in the perfect way, ""Dohchay"",""Nannaku Prematho"" were also great at box office. The production house tries=d a new genre Comedy, starring ""Allari Naresh"", ""Kruthika Jayakumar"" directed by ""G. Nageswara Reddy"". Their latest film ""Radha"", with ""Sharwanand"" and ""Lavanya Tripathi"" is again a flag bearing hit movie at box office.",te,True,8,SVCC,ఎస్. వి. సి. సి,False,True
విరాట్ కోహ్లీ ఎక్కడ జన్మించాడు?,"Virat Kohli was born on 5 November 1988 in Delhi into a Punjabi Hindu family. His father, Prem Kohli, worked as a criminal lawyer and his mother, Saroj Kohli, is a housewife. He has an older brother, Vikas, and an older sister, Bhavna. According to his family, when he was three-years old, Kohli would pick up a cricket bat, start swinging it and ask his father to bowl at him.",te,True,43,Delhi,ఢిల్లీ,False,True
తులసి మొక్క శాస్త్రీయనామం ఏమిటి?,"Ocimum tenuiflorum (synonym Ocimum sanctum), commonly known as holy basil, tulasi (sometimes spelled thulasi) or tulsi, is an aromatic perennial plant in the family Lamiaceae. It is native to the Indian subcontinent and widespread as a cultivated plant throughout the Southeast Asian tropics.",te,True,0,Ocimum tenuiflorum,ఒసిమమ్ టెన్యూఫ్లోరమ్,False,True
సర్ జగదీశ్ చంద్రబోస్ అందుకున్న అత్యున్నత పురస్కారం ఏది ?,"Sir Chandrasekhara Venkata Raman (; 7 November 188821 November 1970) was an Indian Tamil physicist born in the former Madras Province in India presently the state of Tamil Nadu, who carried out ground-breaking work in the field of light scattering, which earned him the 1930 Nobel Prize for Physics. He discovered that when light traverses a transparent material, some of the deflected light changes wavelength. This phenomenon, subsequently known as Raman scattering, results from the Raman effect. In 1954, India honoured him with its highest civilian award, the Bharat Ratna.",te,True,565,Bharat Ratna,భారత్ రాట్నా,False,True
కంప్యూటర్‌ లలో అత్యంత వేగంగా పనిచేసే కంప్యూటర్ ఏది ?,", K is the world's eighteenth-fastest computer, with the IBM's Summit & Sierra being the fastest supercomputers.",te,True,63,Summit & Sierra,సమ్మిట్ & సియెర్రా,False,True
యాంటీ ఆక్సిడెంట్స్‌లో ఎన్ని రకాలు ఉన్నాయి?,"The term ""antioxidant"" is mostly used for two entirely different groups of substances: industrial chemicals that are added to products to prevent oxidation, and naturally occurring compounds that are present in foods and tissue. The former, industrial antioxidants, have diverse uses: acting as preservatives in food and cosmetics, and being oxidation-inhibitors in fuels.",te,True,42,two,రెండు,False,True
చెరుకుపల్లి మండలంలోని గ్రామాల సంఖ్య ఎంత ?,"The mandal consist 10 revenue villages, 16 panchayats and 49 hamlets.",te,True,19,10,10,False,True
కూచిపూడి నృత్యము ఎక్కడ పుట్టింది?,"Kuchipudi is a dance-drama performance, with its roots in the ancient Hindu Sanskrit text of Natya Shastra. It developed as a religious art linked to traveling bards, temples and spiritual beliefs, like all major classical dances of India. Evidence of Kuchipudi's existence in an older version are found in copper inscriptions of the 10th century, and by the 15th century in texts such as the ""Machupalli Kaifat"". Kuchipudi tradition holds that Tirtha Narayana Yati – a sanyassin of Advaita Vedanta persuasion, and his disciple, an orphan named Siddhendra Yogi, founded and systematized the modern version of Kuchipudi in the 17th century. Kuchipudi largely developed as a Hindu god Krishna-oriented Vaishnavism tradition, and it is most closely related to Bhagavata Mela performance art found in Tamil Nadu.",te,True,93,Natya Shastra,నాట్యశాస్త్రం,False,True
బీహారు రాష్ట్రంలో అడవుల శాతం ఎంత ?,"Bihar has notified forest area of 6,764.14 km², which is 7.1 percent of its geographical area. ",te,True,34,"6,764.14 km²","6,764.14 km2",False,True
హైడ్రోక్లోరిక్ ఆమ్లం రసాయన సూత్రం ఏంటి?,"Hydrofluoric acid is a solution of hydrogen fluoride (HF) in water. It is a precursor to almost all fluorine compounds, including pharmaceuticals such as fluoxetine (Prozac), diverse materials such as PTFE (Teflon), and elemental fluorine itself. It is a colourless solution that is highly corrosive, capable of dissolving many materials, especially oxides. Its ability to dissolve glass has been known since the seventeenth century, even before Carl Wilhelm Scheele prepared it in large quantities in 1771. Because of its high reactivity toward glass and moderate reactivity toward many metals, hydrofluoric acid is usually stored in plastic containers (although PTFE is slightly permeable to it).",te,True,54,HF,హెచ్ఎఫ్,False,True
డాక్టర్ చక్రవర్తి చిత్ర నిర్మాత ఎవరు?,"Doctor Chakravarthy is 1964 Telugu drama film, produced by D. Madhusudhana Rao under the Annapurna Pictures banner and directed by Adurthi Subba Rao. It stars Akkineni Nageswara Rao, Savitri, Jaggaiah in the lead roles and music composed by Saluri Rajeswara Rao. The film is based on Koduri Kousalya Devi's ""Chakrabhramanam"" (Novel). The film was recorded as an ""Industry Hit"" at the box office. It is the first film to win the Nandi Award, instituted by Government of Andhra Pradesh in 1964. It inspired many people in India to become doctors.",te,True,59,D. Madhusudhana Rao,డి. మధుసుధనా రావు,False,True
మిల్ఖా సింగ్ కు పద్మశ్రీ అవార్డు ఏ సంవత్సరంలో వచ్చింది?,"Singh had been awarded the Padma Shri following his success in 1958. In 2001, he turned down an offer of the Arjuna Award from the Indian government, arguing that it was intended to recognise young sports people and not those such as him. He also thought that the Award was being inappropriately given to people who had little notable involvement as active sports people at all. He said that ""I have been clubbed with sportspersons who are nowhere near the level that I had achieved"" and that the award had become devalued. While sharing his wealth of experience in a college in Goa on 25 August 2014, he also said, ""The awards nowadays are distributed like 'prasad' in a temple. Why should one be honoured when he or she has not achieved the benchmark for the award? I rejected the Arjuna I was offered after I received the Padma Shri. It was like being offered an SSC certificate after securing a Masters degree.""",te,True,63,1958,1958 వ సంవత్సరం,False,True
చంద్రిక చిత్ర దర్శకుడు ఎవరు?,"Chandrika is a 1950 Indian Malayalam film, directed by V. S. Raghavan and produced by K. M. K. Menon. The film stars Thikkurissi Sukumaran Nair and Nagavally R. S. Kurup in the lead roles. The film had musical score by V. Dakshinamoorthy and G. Govindarajulu Naidu. It is the first Malayalam film of lyricist P. Bhaskaran, also, the debut film of actor P. K. Vikraman Nair and actress Sethulakshmi. It is the only Malayalam film in which V. N. Janaki acted and as the first film to be produced in more than one language simultaneously.
",te,True,55,V. S. Raghavan,వి. ఎస్. రాఘవన్,False,True
డిసెంబరు నెలలో ఎన్ని రోజులు ఉంటాయి ?,December is the twelfth and final month of the year in the Julian and Gregorian Calendars and is the seventh and last of seven months to have a length of 31 days. ,te,True,154,31,31,False,True
పాతాళ భైరవి చిత్ర దర్శకుడు ఎవరు?,"Pathala Bhairavi () is a 1951 Indian bilingual fantasy film written by Pingali Nagendrarao and directed by Kadiri Venkata Reddy. The film was produced by B. Nagi Reddy and Aluri Chakrapani under the banner Vijaya Vauhini Studios. It was co-written by Kamalakara Kameswara Rao and features N. T. Rama Rao, S. V. Ranga Rao and K. Malathi in the lead roles. ""Pathala Bhairavi"" is based on Kasi Majilee Kathalu, written by Madhira Subbanna Deekshitulu, though it was also partially inspired by the story of Aladdin.",te,True,107,Kadiri Venkata Reddy,కాదిరి వెంకటా రెడ్డి,False,True
ఆదిత్య 369 చిత్ర దర్శకుడు ఎవరు?,"Aditya 369 is a 1991 Telugu sci-fi film, written and directed by Singeetam Srinivasa Rao and produced by Sivalenka Krishna Prasad. It stars Nandamuri Balakrishna, Mohini in the lead roles and music composed by Ilaiyaraaja.. The film was screened at the International Film Festival of India in the mainstream section. The film was later dubbed into Tamil as ""Apoorva Sakthi 369"" and into Hindi as ""Mission 369"".",te,True,65,Singeetam Srinivasa Rao,సింగేతమ్ శ్రీనివాసా రావు,False,True
శ్రీకాకుళం జిల్లాలో ఎన్ని జీవ నదులు ఉన్నాయి?,"The Nagavali and Vamsadhara are the major rivers in Srikakulam district. These two river basins together constitute about 5% of the area. The Mahendratanaya and Bahuda rivers are two minor river basins in the district. Others are Benjigedda, Peddagedda, Kandivalasa gedda. Major irrigation projects on these rivers — Vamsadhara Project, Narayanapuram Anicut, Thotapalli Regulator — and some medium projects at Pydigam Project, Onigadda provide a total ayacut of .",te,True,4,Nagavali and Vamsadhara,"నాగవాలీ, వామ్సదారా",False,True
శ్రీకాకుళం రోడ్ రైల్వేస్టేషను ఏ గ్రామంలో నిర్మించారు?,Srikakulam road railway station (station code:CHE) is an Indian railway station in Amadalavalasa town of Andhra Pradesh. It lies on the Khurda Road-Visakhapatnam section of Howrah-Chennai main line and is administered under Waltair railway division of East Coast Railway zone.,te,True,83,Amadalavalasa,అమడాలవాలాసా,False,True
ప్రపంచ బ్యాంకు ఎక్కడ ఉంది?,"The World Bank was created at the 1944 Bretton Woods Conference along with the International Monetary Fund (IMF). The president of the World Bank is, traditionally, an American. The World Bank and the IMF are both based in Washington, D.C., and work closely with each other.",te,True,223,"Washington, D.C.","వాషింగ్టన్, డి. సి.",False,True
జాజికాయ శాస్త్రీయ నామం ఏంటి?,"Nutmeg is the seed or ground spice of several species of the genus ""Myristica"". ""Myristica fragrans"" (fragrant nutmeg or true nutmeg) is a dark-leaved evergreen tree cultivated for two spices derived from its fruit: nutmeg, from its seed, and mace, from the seed covering. It is also a commercial source of an essential oil and nutmeg butter. The California nutmeg, ""Torreya californica"", has a seed of similar appearance, but is not closely related to ""Myristica fragans"", and is not used as a spice. If consumed in amounts exceeding its typical use as a spice, nutmeg powder may produce allergic reactions, cause contact dermatitis, or have psychoactive effects. Although used in traditional medicine for treating various disorders, nutmeg has no known medicinal value. ",te,True,81,Myristica fragrans,మిరిస్టికా సువాసన,False,True
శ్రీకాకుళం రోడ్డు రైల్వే స్టేషన్ ను ఏ గ్రామంలో నిర్మించారు?,Srikakulam road railway station (station code:CHE) is an Indian railway station in Amadalavalasa town of Andhra Pradesh. It lies on the Khurda Road-Visakhapatnam section of Howrah-Chennai main line and is administered under Waltair railway division of East Coast Railway zone.,te,True,83,Amadalavalasa,అమడాలవాలాసా,False,True
కొంగర జగ్గయ్య మొత్తం ఎన్ని చిత్రాలలో నటించాడు?,"Kongara Jaggayya (31 December 1926 – 5 August 2004) was an Indian film actor, littérateur, journalist, lyricist, dubbing artist and politician known for his works predominantly in Telugu cinema and Telugu theatre. Regarded as one of the finest method actors of Indian cinema, he was known as ""Kanchu Kantham Jaggayya"" (Telugu) for his booming voice. In a film career spanning forty years as a matinee idol, he starred in eighty films, as a lead actor, and lead antagonist in a variety of genres.",te,True,421,eighty,ఎనభై,False,True
బి స్ న్ ల్ ప్రధాన కార్యాలయము ఎక్కడ ఉంది?,"Bharat Sanchar Nigam Limited (abbreviated BSNL) is an Indian state-owned telecommunications company headquartered in New Delhi. It was incorporated on 15 September 2000 and assumed the business of providing telecom services and network management from the erstwhile Central Government Departments of Telecom Services (DTS) and Telecom Operations (DTO) as of 1 October 2000 on a going-concern basis. It is the largest provider of fixed telephony and broadband services with more than 60% market share, and is the fifth largest mobile telephony provider in India. BSNL is India's oldest communication service provider and its history can be traced back to the British era. During the British era, the first telegraph line, was established between Calcutta and Diamond Harbour.The British East India Company started using the telegraph in 1851 and till 1854 telegraph lines were laid across the country. In 1854, the telegraph service was opened to the public and the first telegram was sent from Mumbai to Pune. In 1885,The Indian Telegraph Act was passed by the British Imperial Legislative Counsel. After the bifurcation of post and Telegraph department in 1980s, and with the creation of Department of Telecom by 1990s, eventually led to the emergence of the State owned telegraph and telephone company BSNL. BSNL then continued the telegraph services in India until it shut down telegraph services completely in July 15, 2013.",te,True,117,New Delhi,న్యూఢిల్లీ,False,True
మొదటి పానిపట్ యుద్ధం ఎప్పుడు జరిగింది?,"The First Battle of Panipat, on 21 April 1526, was fought between the invading forces of Babur and the Lodi Kingdom. It took place in north India and marked the beginning of the Mughal Empire and the end of the Delhi Sultanate. This was one of the earliest battles involving gunpowder firearms and field artillery in the Indian subcontinent which were introduced by Mughals in this battle.",te,True,32,21 April 1526,"ఏప్రిల్ 21, 1526",False,True
పొట్టి శ్రీరాములు తన ప్రాథమిక విద్యను ఎక్కడ ముగించాడు?,"Sreeramulu was born to Guravayya and Mahalakshmamma in 1901 at Padamatapalli in a district that once was itself a region within Nellore district. Later, their family was shifted to Madras as famine conditions prevailed in this region. They later lived in Nellore, Andhra Pradesh. He completed his high school in Madras and joined the Victoria Jubilee Technical Institute in Bombay to study sanitary engineering. After his college education, Sreeramulu joined the Great Indian Peninsular Railway, Bombay. In 1928, Sreeramulu lost both his wife and his new born child. Two years later, he resigned from his job and joined Gandhi's Sabarmati Ashram to serve the struggle for Indian Independence.",te,True,312,Madras,మద్రాస్,False,True
హిమాలయాలలో ఎత్తయిన పర్వతం ఏది ?,"The Himalayan range has many of the Earth's highest peaks, including the highest, Mount Everest. The Himalayas include over fifty mountains exceeding in elevation, including ten of the fourteen 8,000-metre peaks. By contrast, the highest peak outside Asia (Aconcagua, in the Andes) is tall.",te,True,82,Mount Everest,ఎవెరెస్ట్ పర్వతం,False,True
శ్రీకాకుళం రోడ్ రైల్వేస్టేషన్ ను ఏ గ్రామంలో నిర్మించారు?,Srikakulam road railway station (station code:CHE) is an Indian railway station in Amadalavalasa town of Andhra Pradesh. It lies on the Khurda Road-Visakhapatnam section of Howrah-Chennai main line and is administered under Waltair railway division of East Coast Railway zone.,te,True,83,Amadalavalasa,అమడాలవాలాసా,False,True
చక్రవర్తి చిత్ర నిర్మాత ఎవరు?,"Chakravarthy (English : Emperor"")"" is a 2017 Indian Kannada-language crime gangster film directed by Chintan A V, a former screenwriter, making his debut and produced by Siddanth (A K 56) and Anaji Nagraj is the executive producer. The film features Darshan and Deepa Sannidhi in lead roles besides Kumar Bangarappa, Aditya and Srujan Lokesh playing key supporting roles. The film's score and soundtrack is composed by Arjun Janya whilst the cinematography is by Chandrashekar K S and editing by K. M. Prakash.",te,True,192,Anaji Nagraj,అనాజీ నాగరాజ్,False,True
ది బకెట్ లిస్ట్ చిత్ర దర్శకుడు ఎవరు?,"The Bucket List is a 2007 American comedy-drama film directed and produced by Rob Reiner, written by Justin Zackham, and starring Jack Nicholson and Morgan Freeman. The main plot follows two terminally ill men on their road trip with a wish list of things to do before they ""kick the bucket"".",te,True,78,Rob Reiner,రాబ్ రీనర్,False,True
కీర్తి సురేష్ తమిళంలో నటించిన మొదటి చిత్రం ఏది?,"In 2014, Keerthy accepted her first projects outside of Malayalam and signed on to appear in several Tamil film projects simultaneously. Her first film release was A. L. Vijay's romantic comedy ""Idhu Enna Maayam"" (2015), opposite Vikram Prabhu, though the film did not perform well at the box office. Her busy schedule throughout 2015 meant that she had to opt out of films which she had already started working on, including Krishna's ""Maane Thaene Paeye"" and Deekay's ""Kavalai Vendam"", in order to accommodate bigger projects. She consequently worked on two films with Sivakarthikeyan in quick succession, ""Rajini Murugan"" and ""Remo"", while also playing the lead role in Prabhu Solomon's ""Thodari"", alongside Dhanush. Her Telugu debut was the 2016 film Nenu Sailaja with actor Ram Pothineni. In January 2017, Keerthy appeared in ""Bairavaa"", opposite actor Vijay and directed by Bharathan. She also appeared in Tamil film ""Paambhu Sattai"" and Telugu film ""Nenu Local"" in 2017. In early 2018, she appeared in ""Agnyaathavaasi"" and ""Thaana Serndha Kootam"". She also acted in Nag Ashwin's Telugu-Tamil bilingual epic ""Mahanati"" where she portrayed the late southern actress Savitri and for which her performance has received critical acclaim.",te,True,195,Idhu Enna Maayam,ఇదు ఎన్నా మాయమ్,False,True
కాకతీయ కోటను ఎవరు కట్టించారు?,"Initially, Warangal was under the rule of the Yadava kings in the 8thcentury; in the 12thcentury, it came under the control of the Kakatiya dynasty. Although precise dating of its construction and subsequent enhancements is uncertain, historians and archaeologists generally agree that an earlier brick-walled structure was replaced with stone by Ganapatideva, who died in 1262, and that he was succeeded by his daughter Rudrama Devi, who ruled until 1289, and then her grandson Prataparudra II, whose reign came to be known as a ""Golden Age"". Twenty years later his kingdom was conquered by the Sultans of Delhi.",te,True,347,Ganapatideva,గనాపతిదేవా,False,True
ఉల్లిపాయ పంట పండడానికి ఎంత సమయం పడుతుంది ?,"Routine care during the growing season involves keeping the rows free of competing weeds, especially when the plants are young. The plants are shallow-rooted and do not need a great deal of water when established. Bulbing usually takes place after 12 to 18 weeks. The bulbs can be gathered when needed to eat fresh, but if they will be kept in storage, they should be harvested after the leaves have died back naturally. In dry weather, they can be left on the surface of the soil for a few days to dry out properly, then they can be placed in nets, roped into strings, or laid in layers in shallow boxes. They should be stored in a well-ventilated, cool place such as a shed.",te,True,248,12 to 18 weeks,12 నుంచి 18 వారాలు,False,True
జేమ్స్ చాడ్విక్ ఎక్కడ జన్మించాడు?,"James Chadwick was born in Bollington, Cheshire, on 20 October 1891, the first child of John Joseph Chadwick, a cotton spinner, and Anne Mary Knowles, a domestic servant. He was named James after his paternal grandfather. In 1895, his parents moved to Manchester, leaving him in the care of his maternal grandparents. He went to Bollington Cross Primary School, and was offered a scholarship to Manchester Grammar School, which his family had to turn down as they could not afford the small fees that still had to be paid. Instead he attended the Central Grammar School for Boys in Manchester, rejoining his parents there. He now had two younger brothers, Harry and Hubert; a sister had died in infancy. At the age of 16, he sat two examinations for university scholarships, and won both of them.",te,True,27,"Bollington, Cheshire","బోల్లింగ్టన్, చెషైర్",False,True
ఆది చిత్ర దర్శకుడు ఎవరు?,"Aadi is a Telugu antic action film released in 2002 with N. T. Rama Rao Jr. and Keerti Chawla in the lead roles. V. V. Vinayak directed this movie and it was his debut. This hit film gave Jr. NTR his stardom. It was remade in Tamil as ""Jai"", with Prashanth and in Bengali as ""Surya"".",te,True,113,V. V. Vinayak,వి. వి. వినాయక్,False,True
బెల్లంకొండ శ్రీనివాస్ నటించిన మొదటి చిత్రం పేరేమిటి?,"Bellamkonda Sreenivas is a Telugu actor. He made his debut in the 2014 Telugu film ""Alludu Seenu"" opposite Samantha Ruth Prabhu. He is the son of Telugu film producer Bellamkonda Suresh. ",te,True,84,Alludu Seenu,అల్లుడు సీను,False,True
ఆంధ్ర ప్రదేశ్ రాష్ట్రములో ఎన్ని విశ్వవిద్యాలయాలు ఉన్నాయి?,"In Andhra Pradesh there are eighteen state universities, five deemed universities, and one autonomous university.
",te,True,28,"eighteen state universities, five deemed universities, and one autonomous university","పద్దెనిమిది రాష్ట్ర విశ్వవిద్యాలయాలు, ఐదు గుర్తింపు పొందిన విశ్వవిద్యాలయాలు మరియు ఒక స్వతంత్ర విశ్వవిద్యాలయం",False,True
ఒంటిమిట్టలోని కోదండ రామాలయాన్ని ఎప్పుడు నిర్మించారు?,"Kodandarama Temple is a Hindu temple dedicated to the god Rama, located in Vontimitta town in Rajampet taluk of Kadapa District in the Indian state of Andhra Pradesh. The temple, an example of Vijayanagara architectural style, is dated to the 16th century. It is stated to be the largest temple in the region. It is located at a distance of from Kadapa and is close to Rajampet. The temple and its adjoining buildings are one of the centrally protected monuments of national importance.",te,True,243,16th century,16వ శతాబ్దం,False,True
మైక్రోసాఫ్ట్ ప్రధానకార్యాలయం ఎక్కడ ఉంది ?,"Microsoft Corporation (MS) is an American multinational technology company with headquarters in Redmond, Washington. It develops, manufactures, licenses, supports and sells computer software, consumer electronics, personal computers, and related services. Its best known software products are the Microsoft Windows line of operating systems, the Microsoft Office suite, and the Internet Explorer and Edge web browsers. Its flagship hardware products are the Xbox video game consoles and the Microsoft Surface lineup of touchscreen personal computers. As of 2016, it is the world's largest software maker by revenue, and one of the world's most valuable companies. The word ""Microsoft"" is a portmanteau of ""microcomputer"" and ""software"". Microsoft is ranked No. 30 in the 2018 Fortune 500 rankings of the largest United States corporations by total revenue.",te,True,96,"Redmond, Washington","రెడ్మండ్, వాషింగ్టన్",False,True
2017 నాటికి వీరఘట్టం మండలంలో అక్షరాస్యత శాతం ఎంత?," census, Veeraghattam had a population of 14,315. The total population constitute, 6,911 males and 7,404 females —a sex ratio of 1071 females per 1000 males. 1,427 children are in the age group of 0–6 years, of which 741 are boys and 686 are girls. The average literacy rate stands at 70.89% with 8,638 literates, significantly higher than the district average of 61.70%. Owing to the tropical climate, agriculture and small scale business is the major occupation of the maximum population. There is no railway transport to this location , the nearest railway station is Parvatipuram at a distance of 27 km.",te,True,285,70.89%,70.89 శాతం,False,True
విద్య రామ్ తండ్రి పేరేంటి?,"Ram and Susan's daughter, Vidya Ram, became a journalist and graduated at the top of the class at her father's alma mater. She also won a Pulitzer fellowship, was an intern at The New York Times, a reporter at Forbes and is the European Correspondent at Business Line. ",te,True,0,Ram,రామ్,False,True
గ్లోబల్ మెటల్ చిత్ర దర్శకుడు ఎవరు?,"Global Metal is a 2007 documentary film directed by Scot McFadyen and Canadian anthropologist Sam Dunn. It is a follow-up to their successful 2005 documentary, """". The film's international premiere took place at the Bergen International Film Festival on October 17, 2007. ""Global Metal"" aims to show the impact of globalization on the heavy metal underground as well as how different people from different cultures are transforming heavy metal music.",te,True,52,Scot McFadyen and Canadian anthropologist Sam Dunn,స్కాట్ మెక్ ఫాడియన్ మరియు కెనడియన్ మానవ శాస్త్రవేత్త సామ్ డన్,False,True
విజయవాడకి గల మరొక పేరు ఏమిటి ?,"Other names of Vijayawada were being Vijayavata, Beejapuram, Kanakaprabha, Kanakapuram, Kanakawada, Jayapuri, Vijayapuri, Phalguna Kshetram & Jananathpura.",te,True,37,"Vijayavata, Beejapuram, Kanakaprabha, Kanakapuram, Kanakawada, Jayapuri, Vijayapuri, Phalguna Kshetram & Jananathpur","విజయావత, బీజపురం, కానకప్రభ, కానకపురం, కానకవాడ, జయపురి, విజయాపురి, పల్గునా క్షేత్రం & జననాథ్పూర్",False,True
పరుగు చిత్ర దర్శకుడు ఎవరు?,"Bhaskar, popularly known as Bommarillu Bhaskar, is a Telugu film director. In his early career, he worked as associate director on films ""Bhadra"" and ""Arya"". His directorial debut ""Bommarillu"" starring Siddarth Narayan and Genelia D'souza was a blockbuster, which earned him two Nandi Awards, for best debut director and best original screenplay. His next venture, ""Parugu"" starring Allu Arjun was a box office hit. ""Orange"" starring Ram Charan was his next film, which gained mixed response. His fourth film was ""Ongole Githa"" a revenge drama which was a box office and critical failure. His latest Tamil film Bangalore Naatkal starring Arya, Rana Daggubati, Samantha Ruth Prabhu, Sri Divya, Bobby Simha was released in 2016 and had mixed responses.",te,True,28,Bommarillu Bhaskar,బామరిల్లు భాస్కర్,False,True
2011 నాటికి గఢ్ చిరోలి జిల్లాలో ఎన్ని షెడ్యూల్డ్ తెగలు ఉన్నాయి?,"Scheduled caste and scheduled tribe population in the district is 108,824 and 371,696. The tribal community population that resides in the district is 38.3%. Seven languages are spoken in the district: Gondi, Madiya, Marathi, Hindi, Telugu, Bengali, and Chhattisgarhi.",te,True,66,"108,824 and 371,696","108,824 మరియు 371,696",False,True
బొబ్బిలి సింహం చిత్ర దర్శకులు ఎవరు ?,"Bobbili Brahmanna is a 1984 Telugu Action film, produced by U. Suryanarayana Raju under Gopi Krishna Movies and directed by K. Raghavendra Rao. It stars Krishnam Raju, Sharada and Jayasudha in the lead roles, with music composed by Chakravarthy. The film was recorded as a ""Blockbuster"" at the box office.",te,True,124,K. Raghavendra Rao,కె. రఘవేంద్ర రావు,False,True
అల్ఫ్రెడ్ టెన్నిసన్ రచించిన మొదటి పుస్తకం పేరు ఏంటి?,"At Cambridge, Tennyson met Arthur Hallam and William Henry Brookfield, who became his closest friends. His first publication was a collection of ""his boyish rhymes and those of his elder brother Charles"" entitled ""Poems by Two Brothers"", published in 1827.",te,True,214,Poems by Two Brothers,ఇద్దరు సోదరుల కవితలు,False,True
2018లో క్యూబా దేశ  అధ్యక్షుడు ఎవరు?,"The position is distinct from the First Secretary of the Communist Party of Cuba; although Fidel Castro held both positions from 1976 to 2008, and Raúl Castro held both positions from 2011 to 2018.",te,True,147,Raúl Castro,రౌల్ కాస్ట్రో,False,True
తెలుగు సంస్కృతి ప్రకారం నూతన సంవత్సరం ఏ పండుగతో ప్రారంభమవుతుంది?,"Ugadi (Ugādi, Samvatsarādi, Yugadi) is the New Year's Day for the people of Karnataka, Andhra Pradesh and Telangana states in India. It is festively observed in these regions on the first day of the Hindu lunisolar calendar month of Chaitra. This typically falls in March or April of the Gregorian calendar.",te,True,0,Ugadi,ఉగాది,False,True
2011 భారత జనగణన గణాంకాల ప్రకారం చింతపల్లి గ్రామ జనాభా ఎంత ?,"As of the 2011 census, The town has a population of 7,888 of which 4,196 are males and 3,692 are females. Average Sex Ratio of the town is 880 against state average of 993. Population of Children with age of 0-6 is 632 which is 8.01% of total population of Chintapalle. Child Sex Ratio in the town is around 945 compared to Andhra Pradesh state average of 939. Literacy rate of Chintapalle town is 79.80% higher than state average of 67.02%.",te,True,52,"7,888","7,888",False,True
వాడే వీడు చిత్ర దర్శకుడు ఎవరు?,"Vaade Veedu (English: This Man is That Man only) is a 1973 Telugu comedy drama film, produced by N. Ramabrahmam under the Sri Gowthami Pictures banner and directed by D. Yoganand. It stars N. T. Rama Rao, Manjula in the lead roles and music composed by Satyam.",te,True,167,D. Yoganand,డి. యోగాన్,False,True
వినాయక చవితి ఏ రోజు ప్రారంభం అవుతుంది?,"Ganesh Chaturthi (IAST: ), also known as Vinayaka Chaturthi () or Vinayaka Chavithi () is a Hindu festival celebrating the birth of Ganesha. It falls in the months of August or September of the Gregorian calendar. The festival is marked with the installation of Ganesha clay idols privately in homes, or publicly on elaborate pandals (temporary stages). Observations include chanting of Vedic hymns and Hindu texts such as , prayers and ""vrata"" (fasting). Offerings and ""prasadam"" from the daily prayers, that is distributed from the pandal to the community, include sweets such as modaka as it is believed to be a favorite of Lord Ganesh. The festival ends on the tenth day after start,but we end it by one and a half day where the idol is carried in a public procession with music and group chanting, then immersed in a nearby body of water such as a river or sea. In Mumbai alone, around 150,000 statues are immersed annually. thereafter the clay idol dissolves and Ganesha is believed to return to Mount Kailash to Parvati and Shiva. The festival celebrates Lord Ganesha as the God of New Beginnings and the Remover of Obstacles as well as the god of wisdom and intelligence and is observed throughout India, especially in the states such as Maharashtra, Madhya Pradesh, Karnataka, Goa, Telangana, Gujarat and Chhattisgarh, and is usually celebrated privately at home in states such as Tamil Nadu, and Andhra Pradesh. Ganesh Chaturthi is also observed in Nepal and by the Hindu diaspora elsewhere such as in Australia, Canada, Malaysia, Trinidad and Tobago, Guyana, Suriname, other parts of the Caribbean, Fiji, Mauritius, South Africa, United States, and in Europe (in Tenerife).",te,True,167,August,ఆగస్టు,False,True
భారతదేశంలో ఎత్తయిన ప్రదేశం ఏది ?,"Kangchenjunga, also spelled Kanchenjunga, is the third highest mountain in the world. It lies between Nepal and Sikkim, India, with three of the five peaks (Main, Central and South) directly on the border, and the remaining two (West and Kangbachen) in Nepal's Taplejung District. It rises with an elevation of in a section of the Himalayas called ""Kangchenjunga Himal"" delimited in the west by the Tamur River, in the north by the Lhonak Chu and Jongsang La, and in the east by the Teesta River.",te,True,0,"Kangchenjunga, also spelled Kanchenjunga, is the third highest mountain in the world","కాంగ్చెంజుంగా, దీనిని కాంచెంజుంగా అని కూడా పిలుస్తారు, ఇది ప్రపంచంలో మూడవ ఎత్తైన పర్వతం",False,True
గౌతమీపుత్ర శాతకర్ణి తెలుగు చిత్ర దర్శకుడు ఎవరు?,"Gautamiputra Satakarni (English: ""Satakarni, son of Gautami"") is a 2017 Telugu epic historical action drama film produced by Y. Rajeev Reddy, Jagarlamudi Saibabu on First Frame Entertainment banner and directed by Krish. The film stars Nandamuri Balakrishna, Shriya Saran, Hema Malini in the lead roles and music composed by Chirantan Bhatt. The film is based on the life of 2nd century AD Satavahana ruler Gautamiputra Satakarni. The film is Nandamuri Balakrishna's 100th film released on jan 12th around 1320 screens worldwide. The film was dubbed in Hindi by the same name, distributed by Aditya Movies Pliovevt Ltd.",te,True,214,Krish,కృష్,False,True
28 డిగ్రీల సెంటిగ్రేడ్ చిత్ర దర్శకుడు ఎవరు?,"David Andrew Leo Fincher (born August 28, 1962) is an American film director, film producer, television director, television producer, and music video director. He was nominated for the Academy Award for Best Director for ""The Curious Case of Benjamin Button"" (2008) and ""The Social Network"" (2010). For the latter, he won the Golden Globe Award for Best Director and the BAFTA Award for Best Direction.",te,True,0,David Andrew Leo Fincher,డేవిడ్ ఆండ్రూ లియో ఫిన్సర్,False,True
గమ్యం చిత్ర దర్శకుడు ఎవరు?,"Krish (born Radha Krishna Jagarlamudi) is an Indian film director, known for his works in Telugu cinema and Bollywood. He made his directorial debut in 2008 with ""Gamyam"" and followed it up with ""Vedam"" in 2010. Both films garnered widespread critical acclaim, fetching him the Nandi Award and Filmfare Award for Best Director. In 2015, he directed the period war drama film, ""Kanche"" setup in Nazi Germany, the film has garnered the National Film Award for Best Feature Film in Telugu. ""Kanche"" was selected for the ""Indiwood Panorama Competition section"" at the 2nd edition of ""Indiwood Carnival 2016"" in Hyderabad. In 2017, his directorial venture Gautamiputra Satakarni has gained critical acclaim and a huge box office success. He directed the epic released on 25 January 2019.",te,True,12,Radha Krishna Jagarlamudi,రాధా కృష్ణ జగర్లముడి,False,True
విశాఖపట్నం జిల్లాలో ఉన్న అతిపెద్ద రెవెన్యూ డివిజన్ ఏది?,"Revenue Divisions are the administrative divisions in districts of some of the Indian states. These divisions are sub-divided into mandals. The mandals are in turn divided into villages and hamlets. There are 50 revenue divisions in Andhra Pradesh, of which East Godavari district has as many as seven divisions and Vizianagaram district has the fewest with two divisions. Revenue Divisional Officer (RDO) is the head of the division.",te,True,358,two divisions,రెండు విభాగాలు,False,True
ఒలింపిక్స్ గుర్తులో ఎన్ని రంగులు ఉంటాయి ?,"The rings are five interlocking rings, coloured blue, yellow, black, green, and red on a white field, known as the ""Olympic rings"". The symbol was originally designed in 1912 by de Coubertin. He appears to have intended the rings to represent the five continents: Europe, Asia, Africa, Oceania, and America. According to Coubertin, the colours of the rings together with the white of the background included the colours composing every competing nation's flag at the time. Upon its initial introduction, Coubertin stated the following in the August 1912 edition of ""Olympique"":",te,True,14,five,ఐదు,False,True
నరేంద్రమోడి ఎప్పుడు జన్మించాడు?,"Narendra Modi was born on 17 September 1950 to a family of grocers in Vadnagar, Mehsana district, Bombay State (present-day Gujarat). He was the third of six children born to Damodardas Mulchand Modi (c.1915 – 1989) and Hiraben Modi (born c.1920). Modi's family belonged to the Modh-Ghanchi-Teli (oil-presser) community, which is categorised as an Other Backward Class by the Indian government.",te,True,26,17 September 1950,"సెప్టెంబరు 17, 1950",False,True
భారతదేశంలో రెండు వేల రూపాయలు నోటు ఏ రంగులో ఉంటుంది?,"The new 2000 banknote is a 66 mm × 166 mm violet shade coloured note, with the obverse side featuring a portrait of Mahatma Gandhi, the Ashoka Pillar Emblem, and the signature of Reserve Bank of India Governor. It has Braille print on it, to assist the visually challenged in identifying the currency. The reverse side features a motif of the Mangalyaan, representing India's first interplanetary space mission, and the logo and tag line for Swachh Bharat Abhiyan.",te,True,42,violet,వైలెట్,False,True
వాల్టర్ ఎప్పుడు జన్మించాడు?,"Walter Hahn (born 20 August 1987) is an Austrian professional wrestler and trainer. He is currently signed to WWE, where he performs on the NXT UK brand under the ring name Walter (usually stylised as WALTER). He has appeared in a number of independent promotions around the world, most notably Westside Xtreme Wrestling, Pro Wrestling Guerrilla (PWG), where he is a former one-time PWG World Champion, and Progress Wrestling, where he is the current Progress World Champion in his first reign.",te,True,18,20 August 1987,1987 ఆగస్టు 20,False,True
ఆంధ్ర ప్రదేశ్ రాష్ట్ర గీతాన్ని ఎవరు రచించారు?,"Shankarambadi Sundarachari (10 August 1914 – 8 April 1977) was an Indian writer and poet in the Telugu language, although of Tamil origin. He wrote ""Maa Telugu Talliki, Malleypu Danda"", the anthem of the present-day Indian state of Andhra Pradesh.",te,True,0,Shankarambadi Sundarachari,శంకరంబడి సుందరచారి,False,True
సువర్ణసుందరి చిత్ర దర్శకుడు ఎవరు?,"Suvarna Sundari (English: Golden Beauty) is a 1957 Telugu swashbuckling adventure fantasy film, produced by P. Adinarayana Rao under the Anjali Pictures banner and directed by Vedantam Raghavaiah. It stars Akkineni Nageswara Rao, Anjali Devi in the lead roles and music also composed by Adinarayana Rao. The film was simultaneously shot in Tamil as ""Manaalane Mangaiyin Baakkiyam"". The Tamil version was released first. Lata Mangeshkar suggested that ""Manaalane Mangaiyin Baakkiyam"" be remade in Hindi instead of dubbing the film. It was then made in Hindi with the title same as the Telugu version. Akkineni Nageswara Rao and Anjali Devi did their roles in the Hindi version as well; it was the only Hindi movie in ANR's film career, while Gemini Ganesan played the male lead role in the Tamil version. The film was considered a ""blockbuster"" at the box office.",te,True,176,Vedantam Raghavaiah,వెదంతం రఘవయా,False,True
ఠాణే జిల్లా లో మొదటి రైల్వేస్టేషన్ ఎక్కడ కట్టారు?,"Thane was the terminus for the first ever passenger train in India. On 16 April 1853, the first passenger train service was inaugurated between (Now renamed Chatrapati Shivaji Terminus), Mumbai, and Thane. Covering a distance of , it was hauled by three locomotives: Sahib, Sindh, and Sultan.",te,True,0,Thane,థాన్,False,True
అంతరిక్షం చిత్ర దర్శకుడు ఎవరు?,"Antariksham 9000 KMPH is a 2018 Indian Telugu-language science fiction adventure film written and directed by Sankalp Reddy. The film stars Varun Tej, Aditi Rao Hydari and Lavanya Tripathi. The first look of the film was released on India's Independence Day, 15 August 2018. The teaser was released on 17 October 2018. The trailer was released on 9 December 2018. The film released on December 21, 2018. The film will be dubbed in several languages. This film was regarded as the first space-based Telugu science fiction film. The film received mixed reviews from the critics praising the performances of the lead actors Varun Tej, Aditi Rao Hydari, and Lavanya Tripathi.",te,True,110,Sankalp Reddy,శంఖల్ప్ రెడ్డి,False,True
ఫెర్రానియా స్థాపించింది ఎవరు ?,"The roots to the Ferrania company lie with the 1882-founded explosives manufacturer SIPE (Società Italiana Prodotti Esplodenti, ""Italian Society of Explosive Products""). World War I saw a wide extension of business for SIPE, including the establishment of a new plant situated in the ""Ferrania"" hamlet of Cairo Montenotte. With the production and chemical properties of explosives and early film being very similar, towards the end of the war in 1917 SIPE founded a subsidiary called FILM (""Fabbrica Italiana Lamine Milano"", ""Italian Lamination Factory, Milan"") co-owned by the French Pathé Brothers, which effectively became the film company Ferrania, founded in 1923.",te,True,585,Pathé Brothers,పాథే సోదరులు,False,True
ప్రపంచ వ్యాప్తంగా ఎక్కువగా బంగారంని ఉత్పత్తి చేసే దేశం ఏది ?,"In 2016, five of the world's 10 largest producing regions recorded growth in output, they are: China (450 tons +5), Russia (250 +8 tons), USA (209 tons +9), Canada (170 tons +10), Mexico (125 tons +5) and Indonesia (100 tons +25); In 2015 only Australia, Peru, Mexico, Uzbekistan and Indonesia produced more than the year before.
In 2013, nine of the world's 14 major producing regions recorded growth in output, they are: Australia, Brazil, Canada, Chile, China, Indonesia, Mexico, Papua New Guinea and Russia; In 2012 only Canada, China, Ghana, Mexico, Peru and Russia produced more than the year before. In 2013, the world's five leading gold producers, in order of total production were China (420 tons +17), Australia (250 tons +5), US (227 tons -8), Russia (218 tons +2), South Africa (145 tons -15). In 2011, all of the world's 14 major producing countries recorded growth in output except for Peru, Indonesia and Brazil (global primary production up 5.5%); list was led by China (355 tons), Australia (270 tons), USA (237 tons), Russia (200 tons), South Africa (190 tons). South Africa's drop in output (down 10% from 2010 to 2012) is not a result of resource depletion but rather high production costs.",te,True,95,China,చైనా,False,True
కురియన్ జోసెఫ్ సుప్రీమ్ కోర్ట్ న్యాయమూర్తి గా ఎప్పుడు బాధ్యతలు స్వీకరించాడు?,"In 2000, Joseph was appointed as a judge of the Kerala High Court. In February 2010, he was elevated as Chief Justice of the Himachal Pradesh High Court. On 8 March 2013, he became a judge of Supreme Court of India.",te,True,70,February 2010,ఫిబ్రవరి 2010,False,True
ఈఫిల్ టవర్ ఎత్తు ఎంత?,"A television antenna was first installed on the tower in 1957, increasing its height by 18.7 m (61.4 ft). Work carried out in 2000 added a further 5.3 m (17.4 ft), giving the current height of 324 m (1,063 ft). Analogue television signals from the Eiffel Tower ceased on 8 March 2011.",te,True,193,324 m,324 మీటర్లు,False,True
2018లో మధ్యప్రదేశ్ రాష్ట్ర గవర్నర్ ఎవరు?,"Anandiben Patel (born 21 November 1941) is an Indian politician and the current Governor of Madhya Pradesh and Governor of Chhattisgarh and former Chief Minister of Gujarat, a western state of India. She was the first woman chief minister of the state. She is a member of the Bharatiya Janata Party (BJP) since 1987. She was the Cabinet Minister for Education from 2002 to 2007.",te,True,0,Anandiben Patel,అనండిబెన్ పటేల్,False,True
ఈఫిల్ టవర్ పొడవు ఎంత?,"The tower is tall, about the same height as an 81- building, and the tallest structure in Paris. Its base is square, measuring on each side. During its construction, the Eiffel Tower surpassed the Washington Monument to become the tallest man-made structure in the world, a title it held for 41 years until the Chrysler Building in New York City was finished in 1930. Due to the addition of a broadcasting aerial at the top of the tower in 1957, it is now taller than the Chrysler Building by . Excluding transmitters, the Eiffel Tower is the second tallest free-standing structure in France after the Millau Viaduct.",te,True,30,ame height as an 81- building,ఎత్తు 81- భవనం,False,True
తూర్పు గోదావరి జిల్లాలోని రంగరాయ మెడికల్ కాలేజీని ఎప్పుడు స్థాపించారు?,"The Government General Hospital would serve as the teaching hospital. Within 21/2 months two lecture halls and a dissection hall were constructed and ready for occupation. The formal inauguration of the Rangaraya Medical College was done on 17 November 1958 by Sri. N. Sanjeeva Reddy, the then chief minister of Andhra Pradesh. The paraclinical departments, the central library, and two more lecture galleries were constructed opposite to the hospital. The hospital began to see expansion in the late 1960s and 1970s.",te,True,253,1958,1958 వ సంవత్సరం,False,True
గూఢచారి చిత్ర దర్శకుడు ఎవరు?,"Goodachari (English: Spy) is a 2018 Indian Telugu language spy thriller film directed by Sashi Kiran Tikka. The film stars Adivi Sesh, Sobhita Dhulipala, and Madhu Shalini in the lead roles, while Prakash Raj, Jagapati Babu, Supriya Yarlagadda, and Vennela Kishore appear in supporting roles. The film features music composed by Sricharan Pakala, Cinematography by Shaneil Deo and editing by Garry Bh. The film was released on 3 August 2018 to positive reviews, and became a sleeper hit. The film grossed in its first weekend. Adivi Sesh , Sashi Kiran Tikka and Rahul Pakala won the best screenplay from Zee cine awards 2018.",te,True,89,Sashi Kiran Tikka,సాషి కిరాన్ టిక్కా,False,True
కిషోర్ కుమార్ ఎక్కడ జన్మించాడు?,"Kishore Kumar was born in a Bengali family in Khandwa, Central Provinces (now in Madhya Pradesh) as Abhas Kumar Ganguly. His father, Kunjalal Ganguly (Gangopadhyay) was a lawyer and his mother, Gouri Devi came from a wealthy Bengali family and was a home-maker. Kunjalal Gangopadhyaya was invited by the Kamavisadar Gokhale family of Khandwa to be their personal lawyer. Kishore was the youngest of four siblings, the older three being Ashok (the eldest), Sati Devi, and Anoop.",te,True,46,Khandwa,ఖండ్వా,False,True
వైశాలి జిల్లాలో ముఖ్య పట్టణం ఏది?,Hajipur is the headquarters of Vaishali after its separation from Muzaffarpur district on 12 October 1972. It is located at . It has an average elevation of 46 metres (150 ft).,te,True,0,Hajipur,హజీపూర్,False,True
జూన్‌ నెలలో ఎన్ని రోజులు ఉంటాయి?,"June is the sixth month of the year in the Julian and Gregorian calendars, the second of four months to have a length of 30 days, and the third of five months to have a length of less than 31 days. June contains the summer solstice in the Northern Hemisphere, the day with the most daylight hours, and the winter solstice in the Southern Hemisphere, the day with the fewest daylight hours (excluding polar regions in both cases). June in the Northern Hemisphere is the seasonal equivalent to December in the Southern Hemisphere and vice versa. In the Northern Hemisphere, the beginning of the traditional astronomical summer is 21 June (meteorological summer begins on 1 June). In the Southern Hemisphere, meteorological winter begins on 1 June.",te,True,121,30,30,False,True
ఎదురు లేని మనిషి చిత్ర దర్శకుడు ఎవరు?,"Edhruleni Manishi is a 2001 Telugu, faction drama film produced by D. Siva Prasad Reddy under the Kamakshi Movies banner, directed by Jonnalagadda Srinivasa Rao. It stars Nagarjuna Akkineni, Soundarya and Shenaz Treasurywala in the lead roles, with music composed by S. A. Rajkumar.",te,True,134,Jonnalagadda Srinivasa Rao,జోన్నలాగాడా శ్రీనివాసా రావు,False,True
బారోమీటర్ ను ఎవరు కనుగొన్నారు?,"Evangelista Torricelli (, ; 15 October 160825 October 1647) was an Italian physicist and mathematician, best known for his invention of the barometer, but is also known for his advances in optics and work on the method of indivisibles.",te,True,0,Evangelista Torricelli,ఎవాంజెలిస్టా టోరిసెల్లీ,False,True
సంక్రాంతి చిత్ర నిర్మాత పేరేమిటి ?,"Sankranti is a Telugu film, produced by R. B. Choudary under Super Good Films, and directed by Muppalaneni Shiva. The film features an ensemble cast of Venkatesh, Srikanth, Siva Balaji, Arti Agarwal, Sneha,and Sangeetha in lead roles. The music was composed by S.A. Rajkumar. ",te,True,40,R. B. Choudary,ఆర్. బి. చౌదరి,False,True
బహుమతి చిత్ర దర్శకుడు ఎవరు?,"Bahumati is an Indian romantic comedy-drama, released in 2007. The film is both written and directed by S. V. Krishna Reddy under R.R Movie Makers. The film stars Venu Thottempudi, Sangeetha, Shabana Khan and Ali. It is a remake of the 1994 film ""It Could Happen to You"".",te,True,104,S. V. Krishna Reddy,ఎస్. వి. కృష్ణ రెడ్డి,False,True
సర్ ఆర్థర్ కాటన్ గోదావరి నది పై నిర్మించిన అతిపెద్ద వంతెన ఏది?,"After completing the Godavari anicut Cotton shifted his attention to the construction of the aqueduct on Krishna River. The project was sanctioned in 1851 and completed by 1855. After completing the Krishna and Godavari anicuts, Cotton envisaged the storage of Krishna and Godavari river waters.",te,True,21,Godavari anicut,గోడావరీ ఎనిక్యుట్,False,True
కృష్ణా జిల్లా ఏ రాష్ట్రంలో ఉంది?,"Krishna district is an administrative district in the Coastal Andhra region of the Indian state of Andhra Pradesh. Machilipatnam is the administrative headquarters and Vijayawada is the most populated city in the district. It has an area of and had a population of 45,29,009 as per 2011 census of India. It is bounded by West Godavari on the east, Bay of Bengal on the South, Guntur and Suryapet districts in the west and a portion of it also borders with the state of Telangana. Krishna District is formed from District of Rajahmundry in 1859, Guntur district was separated from Krishna in 1904 to form Krishna district which was further divided in 1925, to Krishna and West Godavari districts.Krishna district is the most developed district in Andhra Pradesh.",te,True,99,Andhra Pradesh,ఆంధ్రప్రదేశ్,False,True
జూన్ నెలలో మొత్తం ఎన్ని రోజులు ఉంటాయి?,"June is the sixth month of the year in the Julian and Gregorian calendars, the second of four months to have a length of 30 days, and the third of five months to have a length of less than 31 days. June contains the summer solstice in the Northern Hemisphere, the day with the most daylight hours, and the winter solstice in the Southern Hemisphere, the day with the fewest daylight hours (excluding polar regions in both cases). June in the Northern Hemisphere is the seasonal equivalent to December in the Southern Hemisphere and vice versa. In the Northern Hemisphere, the beginning of the traditional astronomical summer is 21 June (meteorological summer begins on 1 June). In the Southern Hemisphere, meteorological winter begins on 1 June.",te,True,121,30,30,False,True
రక్షణ చిత్రాన్ని ఏ సంస్థ నిర్మించింది?,"Rakshana (translation: ""Protection"") is a 1993 Telugu action film based on a police backdrop, produced by Akkineni Venkat under the Annapurna Studios banner and directed by Uppalapati Narayana Rao. It stars Akkineni Nagarjuna and Shobhana playing lead roles, with music composed M. M. Keeravani. The film was recorded as average at the box office.",te,True,132,Annapurna Studios,అన్నపూర్ణ స్టూడియోస్,False,True
డాలీ రెబెక్కా పార్టన్ తల్లిదండ్రుల పేర్లు ఏంటి?,"Dolly Rebecca Parton was born January 19, 1946, in a one-room cabin on the banks of the Little Pigeon River in Pittman Center, Tennessee; a very small community located in Sevier County in the Great Smoky Mountains of East Tennessee. She is the fourth of twelve children born to Avie Lee Caroline (née Owens; 1923–2003) and Robert Lee Parton Sr. (1921–2000). Mr. Parton (known as ""Lee"") worked in the mountains of east Tennessee, first as a sharecropper, and later tending his own small farm and acreage. He also worked temporary side jobs to make ends meet. He could neither read nor write. Despite his lack of formal education, Parton has said that he was one of the smartest people she has known. Avie Lee was homemaker for the large family. Her eleven pregnancies (the tenth pregnancy being twins) in twenty years made her a mother of twelve at thirty five years of age. Often in poor health, she still managed to keep house and entertain her children with songs and tales of mountain folklore. Parton has long credited her father for her business savvy, and her mother's family for her musical abilities. 
While she was still very young, Dolly Parton's parents moved their growing family to a farm on nearby Locust Ridge. Most of Parton's cherished memories of youth happened while living there, and it was also the place for which she was inspired to write the song, ""My Tennessee Mountain Home"" in the 1970s. Parton would buy back the Locust Ridge property in the 1980s. Two of Parton's brothers are no longer living; Larry died shortly after birth in 1955, and Floyd died in 2018. ",te,True,279,Avie Lee Caroline (née Owens; 1923–2003) and Robert Lee Parton Sr,ఏవి లీ కరోలిన్ (జననం ఒవెన్స్; 19232003) మరియు రాబర్ట్ లీ పార్టన్ సీనియర్,False,True
పి. చిదంబరం ఎప్పుడు జన్మించాడు?,"Palaniappan Chidambaram (born 16 September 1945) is an Indian politician and attorney who currently serves as Member of Parliament, Rajya Sabha and formerly served as the Union Minister of Finance of India. Chidambaram is a corporate lawyer was and an important member of the last Congress-led government. He was the Finance Minister starting in May 2004 through 2014, except for a three and a half year stint – beginning November 2008 – as Home Minister, in the wake of the 2008 Mumbai terror attacks. Chidambaram returned as Finance Minister in July 2012, succeeding Pranab Mukherjee, who demitted office to become the President of India.",te,True,30,16 September 1945,"సెప్టెంబర్ 16, 1945",False,True
టెర్రీ జార్జ్ దర్శకత్వం వహించిన ది ప్రామిస్ చిత్రం ఎప్పుడు విడుదలైంది?,"""The Promise"" premiered on September 11, 2016, at the Toronto International Film Festival and was released in the United States on April 21, 2017, 102 years to the week of the Genocide, by Open Road Films. The film was a box office bomb, grossing just $12 million against its $90 million budget and losing the studio over $100 million, although the studio noted the main purpose of the film was to bring attention to the story, not make money.",te,True,131,"April 21, 2017","ఏప్రిల్ 21, 2017",False,True
చిలకమర్తి లక్ష్మీనరసింహం ఎక్కడ జన్మించాడు?,Chilakamarti Lakshmi Narasimham was born on 26 September 1867 in a Dravida Brahmin family of Aaraama Dravidulu Sect. He was born at Khandavalli village in West Godavari district at the residence of his maternal uncle. His father's name is Chilakamarti Venkanna and mother's name is Venkataratnamma and were residents of Veeravasaram village in West Godavari district.,te,True,132,Khandavalli village,ఖండవల్లి గ్రామం,False,True
మొట్టమొదటి తెలుగు చలనచిత్రం పేరేమిటి?,"Telugu cinema, also known by its sobriquet Tollywood, is the segment of Indian cinema dedicated to the production of motion pictures in the Telugu language, based in Film Nagar, a neighborhood of Hyderabad, Telangana. Since 1909, film maker Raghupathi Venkaiah was involved in producing short films and travelling to different regions in Asia to promote film work. In 1921, he produced the first Telugu silent film, ""Bhishma Pratigna"". He is cited as the father of Telugu cinema. Tollywood is second largest Film industry in India .",te,True,417,Bhishma Pratigna,భీష్మా ప్రతీగ్నా,False,True
ఇండియన్ బ్యాంక్ ఎప్పుడు స్థాపించబడింది?,"Indian Bank is an Indian state-owned financial services company established in 1907 and headquartered in Chennai, India. It has 20,924 employees, 2851 branches with 2857 ATMs and 693 cash deposit machines and is one of the top performing public sector banks in India. Total business of the bank has touched Rs.3.64 lakh Crores as on 31 March 2018.Bank's Information Systems & Security processes certified with ISO27001:2013 standard and is among very few Banks certified worldwide. It has overseas branches in Colombo and Singapore including a Foreign Currency Banking Unit at Colombo and Jaffna. It has 227 Overseas Correspondent banks in 75 countries. Since 1969 the Government of India has owned the bank.",te,True,79,1907,1907,False,True
ఆఫ్రికా విస్తీర్ణం ఎంత?,"Africa is the world's second largest and second most-populous continent (behind Asia in both categories). At about 30.3 million km2 (11.7 million square miles) including adjacent islands, it covers 6% of Earth's total surface area and 20% of its land area. With
/1e9 round 1 billion people as of , it accounts for about 16% of the world's human population. The continent is surrounded by the Mediterranean Sea to the north, the Isthmus of Suez and the Red Sea to the northeast, the Indian Ocean to the southeast and the Atlantic Ocean to the west. The continent includes Madagascar and various archipelagos. It contains 54 fully recognised sovereign states (countries), nine territories and two ""de facto"" independent states with limited or no recognition. The majority of the continent and its countries are in the Northern Hemisphere, with a substantial portion and number of countries in the Southern Hemisphere.",te,True,133,11.7 million square miles,11.7 మిలియన్ చదరపు మైళ్ళు,False,True
మానవ శరీరంలోని గ్రంధాలు ఏవి ?,"Endocrine glands are glands of the endocrine system that secrete their products, hormones, directly into the blood rather than through a duct. The major glands of the endocrine system include the pineal gland, pituitary gland, pancreas, ovaries, testes, thyroid gland, parathyroid gland, hypothalamus and adrenal glands. The hypothalamus and pituitary gland are neuroendocrine organs.",te,True,196,"pineal gland, pituitary gland, pancreas, ovaries, testes, thyroid gland, parathyroid gland, hypothalamus and adrenal glands","పిన్నల్ గ్రంథి, హైపోయిటరీ గ్రంథి, ప్యాంక్రియాస్, అండాశయాలు, కణితులు, థైరాయిడ్ గ్రంథి, పారాథైరాయిడ్ గ్రంథి, హైపోథాలమస్ మరియు అద్దెపుత్రా గ్రంథి",False,True
గ్రామీ అవార్డులను ఏ సంవత్సరంలో ప్రారంభించారు?,"The first Grammy Awards ceremony was held on May 4, 1959, to honor and respect the musical accomplishments by performers for the year 1958. Following the 2011 ceremony, the Academy overhauled many Grammy Award categories for 2012.",te,True,52,1959,1959 లో,False,True
ఇండియన్ ప్రీమియర్ లీగ్ ఏ సంవత్సరంలో ప్రారంభమైంది?,"On 13 September 2007, the BCCI announced the launch of a franchise-based Twenty20 cricket competition called Indian Premier League whose first season was slated to start in April 2008, in a ""high-profile ceremony"" in New Delhi. BCCI vice-president Lalit Modi, said to be the mastermind behind the idea of IPL, spelled out the details of the tournament including its format, the prize money, franchise revenue system and squad composition rules. It was also revealed that the IPL would be run by a seven-man governing council composed of former India players and BCCI officials, and that the top two teams of the IPL would qualify for that year's Champions League Twenty20. Modi also clarified that they had been working on the idea for two years and that IPL was not started as a ""knee-jerk reaction"" to the ICL. The league's format was similar to that of the Premier League of England and the NBA in the United States.",te,True,179,2008,2008 సంవత్సరము,False,True
విష్ణు చలనచిత్రం ఏ సంవత్సరంలో విడుదలైంది?,"Vishnu is a 1995 Tamil romantic action comedy film, directed by S. A. Chandrasekhar, starring Vijay, Sanghavi and Jaishankar. The music was composed by Deva. Vijay and his mother Shoba sang the song ""Thotta Betta Rottu Mela"", the biggest hit song in the film. The film was an average hit at the box office. It was later dubbed in Telugu as ""Mr. Hari Krishna"" and in Hindi as ""Jeeta"" (2007).",te,True,12,1995,1995,False,True
1971 బియాండ్ బోర్డర్స్ చిత్ర దర్శకుడు ఎవరు?,"1971: Beyond Borders is a 2017 Indian war drama film written and directed by Major Ravi. It is the fourth instalment in the ""Major Mahadevan"" film series, with Mohanlal reprising his role as Colonel Mahadevan and an additional character of Major Sahadevan. It also features Arunoday Singh and Allu Sirish. The film, set in two time periods is based on the Indo-Pakistani War of 1971 and acts as a prequel as well as a follow-up to the series. Originally made in Malayalam language, the film was dubbed and released in Telugu as ""Yuddha Bhoomi"". Mohanlal's and Sirish's characters were modelled on Hoshiar Singh and Arun Khetarpal, both of whom were awarded the Param Vir Chakra for their roles in the 1971 Indo-Pakistani War.",te,True,77,Major Ravi,మేజర్ రవి,False,True
సప్తగిరి కథానాయకుడిగా నటించిన మొదటి చిత్ర దర్శకుడు ఎవరు?,"Saptagiri Express is a 2016 Indian Telugu-language action comedy film directed by Arun Pawar and produced by Dr. K. Ravi Kirane under Sai Celluloid Cinematic Creations Banner with music composed by Bulganin. The film marks actor and comedian Saptagiri's first hero role. Sapthagiri also wrote the film, which is an adaptation of the Tamil film ""Thirudan Police"", which will have him in the role of a constable.
The film was initially titled ""Katamarayudu,"" which was changed after Pawar and Sapthagiri came to know that Pawan Kalyan was starring in a film by the same name. Filming for ""Saptagiri Express"" concluded around the beginning of October 2016 and has a projected release date of November of the same year. Upon its release, the film received positive reviews and declared as hit at the box office.",te,True,82,Arun Pawar,అరుణ్ పవార్,False,True
శ్రీకాకుళం జిల్లా పరిధిలో ఎన్ని లోక్‌సభ స్థానాలు ఉన్నాయి ?,"There are three Parliamentary Constituencies and 10 assembly constituencies in Srikakulam district. Parliamentary constituencies include Srikakulam, Araku, and Vizianagaram.",te,True,10,three,మూడు,False,True
శ్రీశైలం ఆనకట్టని ఏ సంవత్సరంలో ప్రారంభించారు ?,"The Srisailam project began in 1960, initially as a power project. After several delays, the main dam was finally completed twenty years later in 1980 July 26. In the meantime the project was converted into a multipurpose facility with a generating capacity of by its second stage which was completed in 1987. The dam is to provide water for an estimated . Under the right bank branch canal in Kurnool and Kadapa districts will have assured irrigation. From the initial modest estimate of for a power project the total cost of the multipurpose project was estimated to cross in its enlarged form. The dam has alone cost together with the installation of four generating sets of each. The right bank branch canal is estimated to cost and the initial investment of has been provided by the World Bank. The projected cost-benefit ratio of the project has been worked out at 1:1.91 at 10% interest on capital outlay.. In 1998 a coffer dam was over topped by flooding. The power house required repairs and did not generate power for a year. On 2 October 2009, Srisailam dam experienced a record inflow which threatened the dam.",te,True,146,1980 July 26,1980 జూలై 26,False,True
దైవ బలం చిత్రం ఎప్పుడు విడుదలైంది?,"Daiva Balam (English: God's Grace) is a 1959 Telugu swashbuckling adventure fantasy film, produced and directed by Ponnaluru Vasanthakumar Reddy under the Ponnaluri Brothers Pvt. Ltd. banner. It stars N. T. Rama Rao, Jayasri in the lead roles and music composed by Ashwatthama. The film is the debut of veteran actor Shobhan Babu in the film industry. The film is known to be one of the earliest Telugu film containing sequences in Eastmancolor.",te,True,40,1959,1959 లో,False,True
నారా చంద్రబాబు నాయుడు రాజకీయవేత్త చిత్తూరు జిల్లాలోని ఏ ప్రాంతంలో జన్మించాడు?,"Naidu was born in 20 April 1950 at Naravaripalle, Chittor district, Andhra Pradesh in an agricultural family. His father, N. Kharjura Naidu, worked in agriculture and his mother Amanamma was a housewife. Since his village had no school, Naidu attended primary school in Seshapuram until class five and the Chandragiri Government High School until class nine by walking 11 km every day. He went to Tirupati for his higher education, studying there from class 10 until he received his master's degree. Naidu completed his BA degree in 1972.",te,True,35,Naravaripalle,నరవరీపల్లె,False,True
గుంటూరు ఏ పంటకు ప్రసిద్ధి?,"Guntur chillies is a group of chilli cultivars from Guntur District, Andhra Pradesh, India. They are renowned globally and exported to Asia, Canada, and Europe. Guntur district is the main producer and exporter of most varieties of Chillies and chilli powder from India to countries like Sri Lanka, Bangladesh, Middle East, South Korea, U.K. and USA & Latin America. Chilies have various colors and flavors because of the level of Capsaicin in them. Guntur chilies form an important part of curries and various popular dishes of the state of Andhra Pradesh in India.",te,True,0,Guntur chillies,గుంటూర్ చిల్లీలు,False,True
గుంటూరు జిల్లా ఏ పంటకి ప్రసిద్ధి?,"Guntur chillies is a group of chilli cultivars from Guntur District, Andhra Pradesh, India. They are renowned globally and exported to Asia, Canada, and Europe. Guntur district is the main producer and exporter of most varieties of Chillies and chilli powder from India to countries like Sri Lanka, Bangladesh, Middle East, South Korea, U.K. and USA & Latin America. Chilies have various colors and flavors because of the level of Capsaicin in them. Guntur chilies form an important part of curries and various popular dishes of the state of Andhra Pradesh in India.",te,True,0,Guntur chillies,గుంటూర్ చిల్లీలు,False,True
పౌర్ణమి చిత్ర దర్శకుడు ఎవరు?,"Pournami (""Full Moon"") is a 2006 Telugu language dance film directed by Prabhu Deva. It stars Prabhas, Trisha, Charmy, Sindhu Tolani, and Rahul Dev. The movie had a lot of pre-release hype because of Prabhas and Trisha's earlier hit, ""Varsham"". The film was dubbed into Tamil and Malayalam under the same name and into Hindi as ""Tridev: Pyar Ki Jung"" (2008). The film was partly inspired from the 2001 Brazilian film ""Behind the Sun"" starring Rodrigo Santoro which in itself was adapted from an Albanian novel by Ismail Kadare. Shooting locations included Virupaksha Temple, Elephant stables, Stepwell in Hampi.",te,True,72,Prabhu Deva,ప్రభూ దేవా,False,True
కోడి రామకృష్ణ దర్శకత్వం వహించిన మొదటి సినిమా ఏది?,"Kodi Ramakrishna is an Indian film director and writer known for his works predominantly in Telugu cinema, and a few Tamil, Malayalam and Hindi films. One of the prolific film director in Telugu, Kodi Ramakrishna has directed a wide range of films, in a variety of genres such as drama films; ""Intlo Ramayya Veedilo Krishnayya"" (1982), ""Mangamma Gari Manavadu"" (1984), ""Thalambralu"" (1986), ""Aahuthi"" (1987), ""Bharatamlo Bala Chandrudu"" (1988), ""Station Master"" (1988), ""Muddula Mavayya"" (1989), ""Maa Aavida Collector"" (1996), ""Pelli"" (1997), and ""Dongaata"" (1997).",te,True,294,Intlo Ramayya Veedilo Krishnayya,ఇంట్రో రామ్యాయ వీడిలో కృష్ణాయ,False,True
వేప వృక్షం యొక్క శాస్త్రీయ నామం ఏమిటి ?,"Azadirachta indica, commonly known as neem, nimtree or Indian lilac, is a tree in the mahogany family Meliaceae. It is one of two species in the genus ""Azadirachta"", and is native to the Indian subcontinent, i.e. India, Nepal, Pakistan, Bangladesh, Sri Lanka, and Maldives. It is typically grown in tropical and semi-tropical regions. Neem trees also grow in islands located in the southern part of Iran. Its fruits and seeds are the source of neem oil.",te,True,0,Azadirachta indica,Azadirachta indica,False,True
ఫీల్డ్ మ్యూజియం ని ఎప్పుడు స్థాపించారు?,"The Field Museum and its collections originated from the 1893 World’s Columbian Exposition and the artifacts displayed at the fair. In order to house the exhibits and collections assembled for the 1893 Chicago World’s Fair for future generations, Edward Ayer convinced the merchant Marshall Field to fund the establishment of a museum. Originally titled the ""Columbian Museum of Chicago"" in honor of its origins, the Field Museum was incorporated by the State of Illinois on September 16, 1893, for the purpose of the ""accumulation and dissemination of knowledge, and the preservation and exhibition of artifacts illustrating art, archaeology, science and history.""
The Columbian Museum of Chicago occupied the only building remaining from the World's Columbian Exposition in Jackson Park, the Palace of Fine Arts, which now houses the Museum of Science and Industry.",te,True,57,1893,1893 లో,False,True
కేస్ క్లోజ్డ్ ధారావాహికలో ఎన్ని  సంచికలు కలవు ?,"In 2003, the first 104 episodes were licensed by Funimation for distribution in North America, under the title ""Case Closed"" because of legal considerations. The ""Case Closed"" anime has also been released in other languages such as French, German and Italian. ""Case Closed"" debuted on Cartoon Network as part of their Adult Swim programming block on May 24, 2004; no more than 50 episodes were licensed from Funimation due to low ratings. The Canadian channel YTV picked up the ""Case Closed"" series and broadcast 22 episodes between April 7, 2006, and September 2, 2006, before taking it off the air. Funimation made the series available with the launch of the Funimation Channel in November 2005; it was temporary available on Colours TV during its syndication with the Funimation Channel. Funimation lost the rights to the series in 2018.",te,True,19,104,104,False,True
సంతానం చిత్ర నిర్మాత ఎవరు?,"N. Santhanam is a south Indian film actor and producer whose main works are in Tamil cinema. Beginning his career as a comedian on television, he rose to fame through his performances in STAR Vijay's ""Lollu Sabha"" enacting the lead role in spoofs of Tamil films. He was subsequently given a chance by actor Silambarasan to feature in a supporting role in ""Manmadhan"" (2004) and then was signed on to appear in a host of films, notably winning good reviews for his work in ""Sachien"" (2005) and ""Polladhavan"" (2007). He appeared in a one-off leading role in Shankar's production ""Arai En 305-il Kadavul"" (2008) and subsequently became a staple feature as a comedian in successful Tamil films during the period, with his market popularity helping stuck films find distributors.",te,True,0,N. Santhanam,ఎన్. శాంతనమ్,False,True
ఒంగోలు గిత్త  చిత్ర నిర్మాత ఎవరు?,"Ongole Gittha is a 2013 Telugu action comedy masala written and directed by Bhaskar and produced by B. V. S. N. Prasad under Sri Venkateswara Cine Chitra. The film features Ram Pothineni and Kriti Kharbanda in the lead roles. The soundtrack was composed by G. V. Prakash Kumar, Mani Sharma also scored one song for the film and given the background score. The film was released on 1 February 2013 to negative reviews from critics and commercial failure at the box office. The film was later dubbed into Hindi as ""Mahaveer No. 1"" in 2014.",te,True,88,produced by B. V. S. N. Prasad,నిర్మాతః బి. వి. ఎస్. ఎన్. ప్రసాద్,False,True
ఒక్క సెంటీమీటర్కు ఎన్ని మిల్లి మీటర్లు?,"The millimetre (International spelling as used by the International Bureau of Weights and Measures; SI unit symbol mm) or millimeter (American spelling) is a unit of length in the metric system, equal to one thousandth of a metre, which is the SI base unit of length. Therefore, there are one thousand millimetres in a metre. There are ten millimetres in a centimetre.",te,True,326,There are ten millimetres in a centimetre.,ఒక సెంటీమీటర్ లో పది మిల్లీమీటర్లు ఉన్నాయి.,False,True
పౌర్ణమి చలనచిత్ర దర్శకుడు ఎవరు?,"Pournami (""Full Moon"") is a 2006 Telugu language dance film directed by Prabhu Deva. It stars Prabhas, Trisha, Charmy, Sindhu Tolani, and Rahul Dev. The movie had a lot of pre-release hype because of Prabhas and Trisha's earlier hit, ""Varsham"". The film was dubbed into Tamil and Malayalam under the same name and into Hindi as ""Tridev: Pyar Ki Jung"" (2008). The film was partly inspired from the 2001 Brazilian film ""Behind the Sun"" starring Rodrigo Santoro which in itself was adapted from an Albanian novel by Ismail Kadare. Shooting locations included Virupaksha Temple, Elephant stables, Stepwell in Hampi.",te,True,0,"Pournami (""Full Moon"") is a 2006 Telugu language dance film directed by Prabhu Deva","పూర్నామి (""ఫుల్ మూన్"") అనేది 2006 లో ప్రభూ దేవా దర్శకత్వం వహించిన తెలుగు భాషా నృత్య చిత్రం",False,True
మహబూబ్ నగర్ జిల్లా ఎప్పుడు ఏర్పడింది?,"""Mahbubnagar municipality"" is the civic body of the city, which was constituted in 1942 as a ""third grade municipality"". It was upgraded to ""second grade"" in 1959, to ""first grade"" in 1983 and finally to ""Special grade municipality"" in 2004. It is spread over an area of . Mahbubnagar urban agglomeration consists of Mahbubnagar municipality, census towns of Boyapalle, Yenugonda and the out growths of Mahbubnagar (rural) (full), Yedira (part) village.",te,True,83,1942,1942 లో,False,True
భీమవరం బుల్లోడు చిత్రం ఎప్పుడు విడుదల అయ్యింది?,"Bhimavaram Bullodu is a 2014 Telugu romance film written by Kavi Kalidas and directed by Udayasankar. Produced by Daggubati Suresh Babu on his home banner Suresh Productions, the film features Sunil and Ester Noronha in the lead roles. Anoop Rubens composed music for this film while Santosh Rai Pathaje and Marthand K. Venkatesh handled the cinematography and editing departments respectively.",te,True,24,2014,2014 సంవత్సరం,False,True
విశాఖపట్నం జిల్లాలోని ఎన్ని మండలాలను శ్రీకాకుళం జిల్లాలో కలిపారు?,"The district has three revenue divisions — Srikakulam, Palakonda and Tekkali. They are divided into 38 mandals in the district. The district has 12 towns and 1,802 villages. There are one municipal corporation, three municipalities, one nagar panchayat and seven census towns. The municipal corporation in the district is Srikakulam and three municipalities in the district are Amadalavalasa, Ichchapuram, Palasa-Kasibugga, and nagar panchayats of Palakonda, Rajam. The six census towns are Balaga, Hiramandalam, Narasannapeta, Ponduru, Sompeta, Tekkali.",te,True,100,38,38,False,True
జ్వాలాముఖి చిత్ర దర్శకుడు ఎవరు?,"Jwalamukhi (English: Volcano) is a 2000 Hindi-language Indian feature film directed by Jagdish A Sharma, starring Mithun Chakraborty and Chunkey Pandey in lead roles. A veteran cop tries to change village rules. But, he is killed by village goons. Then, his spirit starts to haunt them. He also helps his fellow cop fight against his killers. The movie was partly inspired by the 1985 Hollywood film Commando.",te,True,87,Jagdish A Sharma,జగదీష్ శర్మ,False,True
బయోకాన్ లిమిటెడ్ సంస్థను ఎప్పుడు ప్రారంభించారు ?,"Biocon was founded in 1978 with as the initial capital, failing to find any financial institution for investment. The operations began out of the garage of a rented house with two employees.",te,True,22,1978,1978,False,True
జమూయి జిల్లా దేనికి ప్రసిద్ధి?,Kali Mandir Lakshmipur: Temple of goddess Kali is situated in Harla jury of Lakshmipur block. A famous temple of goddess Kali in this block. It is about 600m southward from Lakshmipur main market.,te,True,24,Temple of goddess Kali,కాలి దేవత ఆలయం,False,True
డెనిమ్ కంపెనీని ఎప్పుడు ప్రారంభించారు?,"Biocon was founded in 1978 with as the initial capital, failing to find any financial institution for investment. The operations began out of the garage of a rented house with two employees.",te,True,22,1978,1978,False,True
శివ రామ రాజు చిత్రం ఎప్పుడు విడుదల అయ్యింది?,"Siva Rama Raju () is a 2002 Telugu film directed by V. Samudra and produced by R. B. Choudary under Super Good Films. It stars Nandamuri Harikrishna, Jagapathi Babu, Venkat, Sivaji and Monica in the lead roles, with music composed by S. A. Rajkumar. The film was a remake of the Tamil film ""Samudhiram"" (2000), with sub-plot borrowed from another Tamil film ""Simmarasi"" (1998).",te,True,23,2002,2002 సంవత్సరము,False,True
చ్యవన మహర్షి తల్లి పేరేమిటి?,"According to an account found in the ""Mahabharata"" (""Adi Parva"", Ch.5-6), when Bhrigu's wife Puloma was pregnant and lived in her hermitage, a ""rakshasa"" harassed her. Puloma's child slipped from her womb, called a 'chyut' child in Sanskrit (""early delivery"") and thus received his name Chyavana. The ""rakshasa"" released the mother after seeing the child drop, but immediately converted into ashes.",te,True,93,Puloma,పులోమా,False,True
అల్ఫ్రెడ్ టెన్నిసన్ ఎక్కడ మరణించాడు?,"Towards the end of his life Tennyson revealed that his ""religious beliefs also defied convention, leaning towards agnosticism and pandeism"": In a characteristically Victorian manner, Tennyson combines a deep interest in contemporary science with an unorthodox, even idiosyncratic, Christian belief. Famously, he wrote in ""In Memoriam"": ""There lives more faith in honest doubt, believe me, than in half the creeds."" In ""Maud"", 1855, he wrote: ""The churches have killed their Christ"". In ""Locksley Hall Sixty Years After,"" Tennyson wrote: ""Christian love among the churches look'd the twin of heathen hate."" In his play, ""Becket"", he wrote: ""We are self-uncertain creatures, and we may, Yea, even when we know not, mix our spites and private hates with our defence of Heaven"". Tennyson recorded in his ""Diary"" (p. 127): ""I believe in Pantheism of a sort"". His son's biography confirms that Tennyson was an unorthodox Christian, noting that Tennyson praised Giordano Bruno and Spinoza on his deathbed, saying of Bruno, ""His view of God is in some ways mine"", in 1892.
Tennyson continued writing into his eighties. He died on 6 October 1892 at Aldworth, aged 83. He was buried at Westminster Abbey. A memorial was erected in All Saints' Church, Freshwater. His last words were, ""Oh that press will have me now!"". He left an estate of £57,206. Tennyson Down and the Tennyson Trail on the Isle of Wight are named after him, and a monument to him stands on top of Tennyson Down. Lake Tennyson in New Zealand's high country, named by Frederick Weld, is assumed to be named after Lord Tennyson.",te,True,1140,Aldworth,అల్డ్వోర్త్,False,True
ఆర్కిమెడిస్ దేశానికి చెందినవాడు?,"Archimedes of Syracuse (; ; ) was a Greek mathematician, physicist, engineer, inventor, and astronomer. Although few details of his life are known, he is regarded as one of the leading scientists in classical antiquity. Generally considered the greatest mathematician of antiquity and one of the greatest of all time, Archimedes anticipated modern calculus and analysis by applying concepts of infinitesimals and the method of exhaustion to derive and rigorously prove a range of geometrical theorems, including the area of a circle, the surface area and volume of a sphere, and the area under a parabola.",te,True,36,Greek,గ్రీకు,False,True
అమ్మ చెప్పింది చిత్ర దర్శకుడు ఎవరు?,"Amma Cheppindi (English: ""Mother Said So"") is a 2006 Tollywood drama film written, screenplay, dialogues and direction by Gangaraju Gunnam. Sharwanand, Shriya Reddy and Suhasini play the lead roles while Nagendra Babu and Pavan Malhotra play supporting roles. While M. M. Keeravani provided the background score for the film, cinematography was by Gunnam's son, Sandeep and editing by Mohan Rama Rao.",te,True,122,Gangaraju Gunnam,గంగరాజు గనమ్,False,True
మా టీవీ ఛానల్ ఎప్పుడు ప్రారంభమైంది?,"MAA Television Network Limited as a corporate entity was formed in 2001 and the main GEC channel, MAA TV, was launched in 2002. The second channel, MAA Music, was launched in 2008.",te,True,122,2002,2002 సంవత్సరము,False,True
ఒక్క హెక్టార్ ఎన్ని మీటరులకు సమానం?,"The hectare (; SI symbol: ha) is an SI accepted metric system unit of area equal to a square with 100-metre sides, or 10,000 m2, and is primarily used in the measurement of land. There are 100 hectares in one square kilometre. An acre is about 0.405 hectare and one hectare contains about 2.47 acres.",te,True,118,"10,000 m2","10,000 చదరపు మీటర్లు",False,True
2012లో మండపేట పట్టణ జనాభా ఎంత?," India census, Mandapeta had a population of 65000.Males constitute 50% of the population and females 50%. Mandapeta had average literacy of 62%, higher than the national average of 59.5%: male literacy is 65% and female literacy is 65%. In Mandapeta, 11% of the population is under 6 years of age.",te,True,45,65000,65000,False,True
ఆర్.కె.లక్ష్మణ్ భార్య పేరు ఏమిటి?,"Kamala Laxman was an Indian author of children's books, and the wife of cartoonist R. K. Laxman. Kamala died in 2015 at the age of 90. She is survived by her son Srinivas, a retired journalist, her daughter-in-law Usha and granddaughter Rimanika.",te,True,0,Kamala Laxman,కమలా లక్ష్మాన్,False,True
దాసరి నారాయణరావు దర్శకత్వం వహించిన చివరి చిత్రం ఏది?,"Tata Manavadu is a 1973 Telugu film, directed by Dasari Narayana Rao (debut). This is the first film as a hero for comedian Raja Babu, who was paired with actress Vijaya Nirmala. The film won the Nandi Award for Best Feature Film and ran for 25 weeks in theaters. This film was later remade in Kannada as ""Maga Mommaga"" with Dwarakish and in Hindi as ""Suntan"".",te,True,0,Tata Manavadu,టాటా మనావాడూ,False,True
సి.విద్యాసాగర్ రావు ఎప్పుడు భారతీయ జనతా పార్టీ లో చేరాడు?,"After completion of law, he started working as lawyer. He was elected as convener(Chairman) of Janasangh, Karimnagar in 1972. He went to jail during the emergency period. He represented the BJP in Andhra Pradesh Legislative Assembly from Metpally assembly segment from 1985 to 1998 and entered into the Parliament by winning Karimnagar Lok Sabha constituency in 1998 and in 1999. He was also the BJP state president in 1998. His leadership in assembly has lifted party's profile in the state. Shri Rao had been Floor Leader of his party in the Andhra Pradesh Legislative Assembly for 15 years. He was successful in piloting a private member’s bill in the Andhra Pradesh Legislative Assembly that sought stringent punishment for people practicing bigamy. It was completely Sri Rao's brainchild. His Padyatra to Ichampalli in the year 1998 as the then BJP president highlighting the need to utilize Godavari waters for the needs of the people of Telangana led the Government to consider the project seriously.",te,True,269,1985,1985,False,True
లండన్ డ్రీమ్స్ చిత్ర నిర్మాత ఎవరు ?,"London Dreams is a 2009 Bollywood musical drama film directed by Vipul Shah. The film features Salman Khan, Ajay Devgn, and Asin in lead roles. It released on 30 October 2009. The music was by the trio of Shankar-Ehsaan-Loy with lyrics by Prasoon Joshi.",te,True,65,Vipul Shah,విపుల్ షా,False,True
మేజర్‌ చంద్రకాంత్ చిత్ర దర్శకుడు ఎవరు?,"Major Chandrakanth is a 1993 Telugu patriotic film, produced by Mohan Babu under his Sri Lakshmi Prasanna Pictures banner and directed by K. Raghavendra Rao. It stars N. T. Rama Rao, Mohan Babu, Sharada, Ramya Krishna and Nagma in the lead roles, with music composed by M. M. Keeravani. The film was recorded as a blockbuster at the box office and celebrated its silver jubilee.",te,True,138,K. Raghavendra Rao,కె. రఘవేంద్ర రావు,False,True
జోనాథన్ డేవిస్ ఎప్పుడు జన్మించాడు?,"Jonathan Howsmon Davis (born January 18, 1971), also known as JD, JDevil, or J Devil, is an American singer and musician. He is best known as the lead vocalist and frontman of the nu metal band Korn.",te,True,29,"January 18, 1971","జనవరి 18, 1971",False,True
న్యాపతి సుబ్బారావు పంతులు గారి బాల్య విద్యాభ్యాసం ఎక్కడ జరిగింది ?,"He was born at Rajahmundry on the banks of Godavari River on 15 July 1902 in a Velama family. His father, a lawyer, died early. Rao graduated from the Government Arts College, Rajamundry and studied law at Madras Law College. He was a good sportsman.",te,True,151,Government Arts College,ప్రభుత్వ కళాశాల,False,True
నైనిటాల్ లో ఎన్ని సరస్సులు ఉన్నాయి?,"Nainital Lake, in the Nainital district called the Lake District of India, is one of the four Lakes of Kumaon hills; the other three lakes are the Sattal Lake, the Bhimtal Lake and the Naukuchiyatal Lake.",te,True,89,four,నాలుగు,False,True
ప్రేమ కావాలి చిత్రానికి దర్శకత్వం ఎవరు వహించారు?,"Prema Kavali (; ""English"": ""I want Prema"") is a 2011 Telugu Action - Romance film directed by K. Vijaya Bhaskar and produced by K Atchi Reddy. The film features Aadi and Isha Chawla in the lead roles.",te,True,94,K. Vijaya Bhaskar,కె. విజయా భాస్కర్,False,True
చిత్రం చిత్రం ఏ సంవత్సరంలో విడుదలైంది?,"Chitram (English : Picture) is a 2000 Telugu film written and directed by Teja. This film stars Uday Kiran & Reema Sen in the lead roles and marked the debut of the lead actors. The film was sensational hit in 2000. The film is produced by Ramoji Rao and has music composed by R.P. Patnaik. The film was released as ""Chithiram"" in Tamil in 2001 with the film mostly featuring scenes dubbed from the original although scenes involving Manivannan and Senthil were added. ""Chitram"" and ""Nuvve Kavali"" were the two movies which set a trend of college campus romance stories in the same year. The movie was remade in Kannada as ""Chithra"", starring Prabhu Deva's brother Nagendra Prasad and Rekha Vedavyas in 2001 under the direction of Dinesh Baboo and the production of Ramoji Rao. The movie was a superhit in Kannada and marked the debut of the lead actors.",te,True,33,2000,2000 సంవత్సరము,False,True
ప్రపంచంలో అతి పెద్ద శిల్పం ఏ దేశంలో ఉంది?,"The Statue of Unity is the world's tallest statue at . It rises higher than the previous record holder, the Spring Temple Buddha in China's Henan province. Within India, the record was earlier held by the statue of Hanuman at the Paritala Anjaneya Temple near Vijayawada in the state of Andhra Pradesh. The statue can be seen within a radius.",te,True,0,The Statue of Unity,ఐక్యత విగ్రహం,False,True
ప్రోటాన్ విద్యుత్ ఆవేశం ఎంత?,"The existence of the antiproton with −1 electric charge, opposite to the +1 electric charge of the proton, was predicted by Paul Dirac in his 1933 Nobel Prize lecture. Dirac received the Nobel Prize for his previous 1928 publication of his Dirac equation that predicted the existence of positive and negative solutions to the Energy Equation (formula_1) of Einstein and the existence of the positron, the antimatter analog to the electron, with positive charge and opposite spin.",te,True,73,+1,+ 1,False,True
తిరుపతి చిత్రం ఎప్పుడు విడుదల అయ్యింది?,"Thirupathi is a 2006 Tamil action film written and directed by Perarasu and produced by AVM Productions. The film features Ajith Kumar and Sadha in the lead roles, with Riyaz Khan and Arun Pandian appearing in other pivotal roles.",te,True,16,2006,2006 సంవత్సరము,False,True
మొదటి సినిమా చిత్రం ఎప్పుడు విడుదలైంది?,"""Chithram"" was released during a Christmas weekend on 23 December 1988. The film was a phenomenal success at the Kerala box-office, it broke all existing records in Malayalam cinema until then. It had a theatrical run of more than 366 days in Ernakulam Little Shenoys, with regular shows, and theatrical run of 300 days in Thiruvananthapuram Ajantha and more than 200 days in Kottayam Asha, Palakkad Priya, Chengalai Chithra with noon shows. It is one of the highest-grossing Malayalam films of all time. Made on a budget of 44 lakh, the film grossed 3.5 crore from box office, becoming the highest-grossing Malayalam film ever, surpassing ""My Dear Kuttichathan"" (1984).",te,True,54,23 December 1988,1988 డిసెంబరు 23,False,True
2018లో ఆంధ్రప్రదేశ్ రాష్ట్రంలో ఎన్ని మున్సిపాలిటీలు ఉన్నాయి?,"The state of Andhra Pradesh has a total of 16 municipal corporations in 13 districts. East Godavari and Chittoor districts has the most number of corporations with two each and all the other districts has only one. GVMC is the largest municipal corporation with greater status covering an area of . Out of all the corporations, 11 are district headquarters, except Vijayawada, Tirupati and Rajahmundry.",te,True,43,16,16,False,True
పశ్చిమగోదావరి జిల్లా వైశాల్యం ఎంత ?,"West Godavari district or Paschima Godavari Jilla is one of the 13 districts in the Indian state of Andhra Pradesh. The district is situated in Coastal Andhra region of the state. The administrative headquarters of the district is situated at Eluru. census of India, the district has an area of and a population of 3,936,966. It is bounded by Krishna district on the west, East Godavari district on the east, Bay of Bengal on the south and the state of Telangana on the north.",te,True,144,Coastal Andhra region,తీరప్రాంత ఆంధ్ర ప్రాంతం,False,True
ఓ మై ఫ్రెండ్ చిత్రానికి దర్శకత్వం చేసింది ఎవరు?,"Oh My Friend is a 2011 Telugu-language romantic drama film written and directed by debutant Venu Sri Ram and starring Siddharth, Hansika Motwani, and Shruti Haasan. Navdeep played an important extended cameo in this film. It was produced by Dil Raju. The dubbed Tamil version of the film was released on 20 May 2012, under the title ""Sridhar"", with Sivakarthikeyan lending his voice to Siddharth . A Malayalam dubbed version titled ""Njanum Ente Sreeyum"" was released on 15 December 2017.",te,True,92,Venu Sri Ram,వెను శ్రీ రామ్,False,True
స్టేట్ బ్యాంకు అఫ్ ఇండియా సంస్థ యొక్క ప్రధానకార్యాలయం ఎక్కడ ఉంది?,"The State Bank of India (SBI) is an Indian multinational, public sector banking and financial services company. It is a government-owned corporation headquartered in Mumbai, Maharashtra. The company is ranked 216th on the ""Fortune Global 500"" list of the world's biggest corporations as of 2017. It is the largest bank in India with a 23% market share in assets, besides a share of one-fourth of the total loan and deposits market.",te,True,166,"Mumbai, Maharashtra","ముంబై, మహారాష్ట్ర",False,True
వరల్డ్ ట్రేడ్ సెంటర్ ని ఎప్పుడు నిర్మించారు ?,"The World Trade Organization (WTO) is an intergovernmental organization which regulates international trade. The WTO officially commenced on 1 January 1995 under the Marrakesh Agreement, signed by 123 nations on 15 April 1994, replacing the General Agreement on Tariffs and Trade (GATT), which commenced in 1948. The WTO deals with regulation of trade between participating countries by providing a framework for negotiating trade agreements and a dispute resolution process aimed at enforcing participants' adherence to WTO agreements, which is signed by representatives of member governments and ratified by their parliaments. Most of the issues that the WTO focuses on derive from previous trade negotiations, especially from the Uruguay Round (1986–1994).",te,True,151,1995,1995,False,True
వికాస్ పీడియా పోర్టల్ కి యజమాని ఎవరు?,Kisan Vikas Patra is a saving certificate scheme which was first launched in 1998 by India Post. It was successful in the early months but afterwards the Government of India set up a committee under supervision of Shyamala Gopinath which gave its recommendation to the Government that KVP could be misused. Hence the Government of India decided to close this scheme and KVP was closed in 2011 and the new government relaunched it in 2014.,te,True,85,India Post.,ఇండియా పోస్ట్.,False,True
డీజిల్ సెటేన్ సంఖ్య ఎంత?,"Biodiesel from vegetable oil sources have been recorded as having a cetane number range of 46 to 52, and animal-fat based biodiesels cetane numbers range from 56 to 60. Dimethyl ether is a potential diesel fuel as it has a high cetane rating (55-60) and can be produced as a biofuel. Most simple ethers, including liquid ones, such as diethyl ether can be used as diesel fuels, although the lubricity can be of concern.",te,True,91,46 to 52,46 నుండి 52 వరకు,False,True
2018 వరకు జ్ఞానపీఠ బహుమతిని ఎంతమంది మహిళలు అందుకున్నారు?,", the cash prize has been revised to and out of twenty-three eligible languages the award has been presented for works in sixteen languages: Hindi (eleven), Kannada (eight), Bengali (six), Malayalam (five), Gujarati, Marathi, Odia, and Urdu (four each), Telugu (three), Assamese, Punjabi, and Tamil (two each), English, Kashmiri, Konkani, and Sanskrit (one each). The award has been conferred upon fifty-eight writers including seven women authors. In 1976, Bengali novelist Ashapoorna Devi became the first woman to win the award and was honoured for the 1965 novel ""Pratham Pratisruti"" (""The First Promise""), the first in a trilogy. The most recent recipient of the award is English fiction writer Amitav Ghosh who was awarded for the year 2018.",te,True,428,seven,ఏడు,False,True
ఒక్క కిలోమీటర్ ఎన్ని మీటర్లతో సమానం?,"The kilometre (International spelling as used by the International Bureau of Weights and Measures; SI symbol: km; or ) or kilometer (American spelling) is a unit of length in the metric system, equal to one thousand metres (kilo- being the SI prefix for ). It is now the measurement unit used officially for expressing distances between geographical places on land in most of the world; notable exceptions are the United States and the road network of the United Kingdom where the statute mile is the official unit used.",te,True,203,one thousand,వెయ్యి,False,True
వైట్ స్టార్ లైన్ అనే సంస్థను ఎప్పుడు స్థాపించారు?,"The first company bearing the name ""White Star Line"" was founded in Liverpool, England, by John Pilkington and Henry Wilson in 1845. It focused on the UK–Australia trade, which increased following the discovery of gold in Australia. The fleet initially consisted of the chartered sailing ships RMS ""Tayleur"", ""Blue Jacket"", ""White Star"", ""Red Jacket"", ""Ellen"", ""Ben Nevis"", ""Emma"", ""Mermaid"" and ""Iowa"". ""Tayleur"", the largest ship of its day, was wrecked on its maiden voyage to Australia at Lambay Island, near Ireland, a disaster that haunted the company for years.",te,True,127,1845,1845,False,True
ఒక్క కిలోమీటర్ కు ఎన్ని మీటర్లు?,"The kilometre (International spelling as used by the International Bureau of Weights and Measures; SI symbol: km; or ) or kilometer (American spelling) is a unit of length in the metric system, equal to one thousand metres (kilo- being the SI prefix for ). It is now the measurement unit used officially for expressing distances between geographical places on land in most of the world; notable exceptions are the United States and the road network of the United Kingdom where the statute mile is the official unit used.",te,True,203,one thousand,వెయ్యి,False,True
ఒక కిలోమీటర్ కి ఎన్ని మీటర్లు?,"The kilometre (International spelling as used by the International Bureau of Weights and Measures; SI symbol: km; or ) or kilometer (American spelling) is a unit of length in the metric system, equal to one thousand metres (kilo- being the SI prefix for ). It is now the measurement unit used officially for expressing distances between geographical places on land in most of the world; notable exceptions are the United States and the road network of the United Kingdom where the statute mile is the official unit used.",te,True,203,one thousand,వెయ్యి,False,True
సమ్మోహనము చిత్ర నిర్మాత ఎవరు ?,"Sammohanam (English: ""Enchantment"") is a 2018 Indian Telugu coming of age love story film written and directed by Mohanakrishna Indraganti. Produced by Sivalenka Krishna Prasad, it features Sudheer Babu and Aditi Rao Hydari in the lead roles. The music was composed by Vivek Sagar while cinematography was handled by P. G. Vinda.",te,True,152,Sivalenka Krishna Prasad,సివాలెంకా కృష్ణ ప్రసాద్,False,True
విలియం బెంటింక్ తండ్రి పేరు ఏమిటి?,"Bentinck was born in Buckinghamshire, the second son of Prime Minister William Bentinck, 3rd Duke of Portland, and Lady Dorothy, only daughter of William Cavendish, 4th Duke of Devonshire. Upon the third duke's marriage to Lady Dorothy, he changed the family name to Cavendish-Bentinck.",te,True,71,William Bentinck,విలియం బెంటిన్క్,False,True
రక్త సంబంధం ధారావాహికలో కథానాయికగా ఎవరు నటించారు?,"Rakta Sambandham (English: Blood Relation) is a 1962 Telugu, drama film, produced by Sunderlal Nehata and Doondy under the Raja Lakshmi Productions banner and directed by V. Madhusudhan Rao. It stars N. T. Rama Rao, Savitri in the lead roles and music composed by Ghantasala. The film is a remake of the Tamil movie ""Pasamalar"" (1961). The film was recorded as a ""Blockbuster"" at the box office.",te,True,216,Savitri,సావిత్రి,False,True
చేపలలో అత్యంత పొడవైన చేప ఏది?,"The cartilaginous fish are not directly related to the ""bony fish,"" but are sometimes lumped together for simplicity in description. The largest living cartilaginous fish, of the order Orectolobiformes, is the whale shark (""Rhincodon typus""), of the world's tropical oceans. It is also the largest living animal that is not a cetacean and, like the largest whales, it is a docile creature that filter-feeds on tiny plankton. An average adult species measure long and weigh an average of 9 tonnes. The largest verified specimen was caught in 1949 off Karachi, Pakistan and was long and weighed 21.5 tonnes. Although many are dubious, there are several reports of larger whale sharks, with reliable sources citing unverified specimens of up to 37 tonnes and .",te,True,210,whale shark,తిమింగలం సొరచేప,False,True
గంగోత్రి చిత్రం ఎప్పుడు విడుదలైంది?,"Allu Arjun is an Indian film actor known for his work in Telugu cinema. In 1985, at the age of two, he made his Telugu debut in the film ""Vijetha"", directed by A. Kodandarami Reddy. Sixteen years later, Arjun made a cameo appearance as Gopi, a dancer, in the 2001 film ""Daddy"" directed by Suresh Krissna. He had his first leading role in the 2003 film ""Gangotri"", directed by K. Raghavendra Rao which was the latter's 100th film as a director. In the film, Arjun played an adolescent named Simhadri living in Rayalaseema, who falls in love with a factionist's daughter. He received positive reviews citing his looks and performance, with Sify adding that he had a ""long, long way"" to go in terms of acting.",te,True,342,2003,2003 సంవత్సరము,False,True
సంయాతి తల్లి పేరు ఏమిటి?,"According to Hinduism, Yayāti () was a Puranic and first king of Pauravas. and the son of King Nahusha and his wife Ashokasundari, daughter of Shiva and Parvati. He was one of the ancestors of Pandavas. He had five brothers: Yati, Samyati, Ayati, Viyati and Kriti, although they were the children of Virajas, daughter of the Pitris. Yayāti had conquered the whole world and was the Chakravartin Samrat (Universal Monarch or World Emperor). He marries Devayani and takes Sharmishtha, daughter of king Vrishparva and maid of Devayani as his mistress on her request. Devayani was the daughter of Shukracharya, the priest of the Asuras (the demons). After hearing of his relationship with Sharmishtha, Devayani complains to her father Shukracharya, who in turn curses Yayāti to old age in the prime of life, but later allows him to exchange it with his son, Puru. His story finds mention in the Mahabharata-Adi Parva and also Bhagavata Purana.",te,True,116,Ashokasundari,అశోకాసుందరి,False,True
నమస్తే తెలంగాణ దినపత్రిక యొక్క ప్రధాన కేంద్రము ఎక్కడ ఉంది?,"Namasthe Telangaana Indian Telugu-language daily newspaper published from Hyderabad, Telangana. It was launched on June 6, 2011. The paper aims to mainly focus on politics and developments of Telangana State. The newspaper is owned by Telangana Publications Pvt. Ltd.",te,True,74,Hyderabad,హైదరాబాద్,False,True
అమృత్ సర్ జిల్లాలో స్థాపించిన మొదటి వైద్య కళాశాల ఏది?,"Government Medical College, formerly known as Glancy Medical College, was established in 1864 in Lahore, British India and located to Amritsar, India in 1920.",te,True,0,Government Medical College,ప్రభుత్వ వైద్య కళాశాల,False,True
2018 నాటికి విశాఖపట్నం జిల్లా లో ఎన్ని మునిసిపాలిటీలు ఉన్నాయి?,"The district has four revenue divisions, namely Anakapalli, Paderu, Narsipatnam and Visakhapatnam, each headed by a sub collector. These revenue divisions are divided into 46 mandals in the district. The district consists of 3265 villages and 15 towns including, 1 municipal corporation, 2 municipalities and 12 census towns. Visakhapatnam city is the only municipal corporation and the 2 municipalities in the district are Yelamanchili and Narsipatnam. The census towns are Bowluvada, Chodavaram, Chintapalle, Gudivada, Kantabamsuguda, Mulakuddu, Nakkapalle, Narsipatnam, Peda Boddepalle, Payakaraopeta, Upper Sileru Project Site Camp.",te,True,288,2,2,False,True
రాజమహేంద్రవరం కి ఇంకో పేరు ఏంటి?,"Rajahmundry in its earlier days was called ""Rajamahendravaram"", derived from the Sanskrit name ""Rajamahendrapuram (The city of King Mahendra)"". During the British colonial era it was referred to as ""Rajahmundry"". On 10 October 2015, the state government of Andhra Pradesh officially renamed the city with its original name, Rajamahendravaram.",te,True,0,Rajahmundry,రాజా ముండ్రి,False,True
రిలయన్స్ ఇండస్ట్రీస్ లిమిటెడ్ ప్రధానకార్యాలయం ఎక్కడ ఉంది?,"Reliance Industries Limited (RIL) is an Indian conglomerate holding company headquartered in Mumbai, Maharashtra, India. Reliance owns businesses across India engaged in energy, petrochemicals, textiles, natural resources, retail, and telecommunications. Reliance is one of the most profitable companies in India, the largest publicly traded company in India by market capitalization, and the second largest company in India as measured by revenue after the government-controlled Indian Oil Corporation. On 18 October 2007, Reliance Industries became the first Indian company to breach $100 billion market capitalization. The company is ranked 203rd on the ""Fortune Global 500"" list of the world's biggest corporations as of 2017. It is ranked 8th among the Top 250 Global Energy Companies by Platts as of 2016. Reliance continues to be India’s largest exporter, accounting for 8% of India's total merchandise exports with a value of Rs 147,755 crore and access to markets in 108 countries. Reliance is responsible for almost 5% of the government of India's total revenues from customs and excise duty. It is also the highest income tax payer in the private sector in India.",te,True,93,Mumbai,ముంబై,False,True
2018 నాటికి  నెల్లూరు జిల్లా కలెక్టర్ ఎవరు ?,"On 26 January 2018, District Collector R. Mutyala Raju said that the land acquisition process was almost completed for the upcoming green field airport to be developed at Damavaram village in Dagadarthi mandal limits in Kavali area in the district. Soon, the foundation stone would be laid formally for this prestigious project.
Mr. Raju was delivering his Republic Day speech at the Parade Grounds, Nellore after inspecting the guard of honour.",te,True,39,R. Mutyala Raju,ఆర్. ముత్యాల రాజు,False,True
కృష్ణా నదీ మొత్తం పొడవు ఎంత?,"The Krishna river originates in the Western Ghats near Mahabaleshwar at an elevation of about 1,300 metres, in the state of Maharashtra in central India. It is one of the longest rivers in India. The Krishna river is around 1,300 km in length.
The Krishna river's source is at Mahabaleswar near the Jor village in the extreme north of Wai Taluka, Satara District, Maharashtra in the west and empties into the Bay of Bengal at Hamasaladeevi (near Koduru) in Andhra Pradesh, on the east coast. It flows through the state of Karnataka before entering Telangana State. The delta of this river is one of the most fertile regions in India and was the home to ancient Satavahana and Ikshvaku Sun Dynasty kings. Vijayawada is the largest city on the River Krishna.",te,True,224,"1,300 km","1,300 కిలోమీటర్లు",False,True
ప్రజా శక్తి దినపత్రిక ను ఎవరు ప్రారంభించారు ?,"Moturu Hanumantha Rao was a Communist party leader in the state of Andhra Pradesh, South India. He was the founder-Editor of the Communist newspaper Prajasakti published from Vijayawada. Prajasakti was brought out as a daily under the leadership of P. Sundarayya and editorship of Moturu Hanumantha Rao on 1 August 1981, when the first issue was released by E. M. S. Namboodiripad.
(i) Madras Legislative Assembly and Andhra Pradesh Legislative Assembly, 1952–55, 
(ii) Andhra Pradesh Legislative Council, 1978–84 and 
(iii) Rajya Sabha, 3-4-1988 to 2-4-1994; Chairman, Department-related Parliamentary Standing
Committee on Industry, Rajya Sabha, 1993–94; 
Secretary, Andhra Pradesh State Committee of CPI (M), 1964–82; Author of a few books.",te,True,0,Moturu Hanumantha Rao,మోటురు హనుమంత రావు,False,True
థామస్ లార్డ్స్ ఎక్కడ జన్మించాడు?,"Lord was born in Thirsk, Yorkshire, in what is now the town museum. His father was a Roman Catholic yeoman, who had his lands sequestered for supporting the Jacobite rising in 1745 and afterwards he had to work as a labourer. The Lord family later moved to Diss, Norfolk, where Thomas Lord was brought up. Once he was out of childhood, Lord moved to London and got a job as a bowler and general attendant at the White Conduit Club in Islington.",te,True,17,"Thirsk, Yorkshire","థర్స్క్, యార్క్షైర్",False,True
శ్రీ పొట్టి శ్రీరాములు నెల్లూరు జిల్లాకి పడమర దిశన ఉన్న జిల్లా ఏది ?,"Nellore district (officially: Sri Potti Sriramulu Nellore district), located in Coastal Andhra region is one of the 13 districts of Andhra Pradesh. The population of the district according to the Census 2011 was 2,966,082 of which 29.07% were urban. Nellore city is its administrative headquarters. The district is bordered by the Bay of Bengal to the east, Kadapa district to the west, Prakasam District to the north, Chittoor district and Thiruvallur district of Tamil Nadu to the south.",te,True,358,Kadapa,కడపా,False,True
విశాఖపట్నంకు మరొక పేరు ఏమిటి?,"Visakhapatnam (also known as Vizag () and Waltair () is the largest city and the financial capital of the Indian state of Andhra Pradesh. The city is the administrative headquarters of Visakhapatnam district and the Eastern Naval Command of the Indian Navy, State headquarters of Indian Coast Guard. Its geographical location is amidst the Eastern Ghats and the coast of the Bay of Bengal. It is the most populous city in the state with a population of 2,035,922 as of 2011, making it the 14th largest city in the country. It is also the 9th most populous metropolitan area in India with a population of 5,018,000. With an output of $43.5 billion, Visakhapatnam is the ninth-largest contributor to India's overall gross domestic product as of 2016.",te,True,29,Vizag () and Waltair,విజాగ్ () మరియు వాల్టైర్,False,True
గూడవల్లి రామబ్రహ్మంగారి దర్శకత్వం వహించిన మొదటి చిత్రం ఏది ?,"Subsequently he ventured into Telugu cinema, and founded the film production company ""Saaradhi Chitra"" and worked as a production executive for the film ""Kanaka Tara"". He then ventured into direction through the folklore film, ""Draupadi Vasthrapharanam"" under his home production. He then teamed up with producer P. V. Das and directed ""Sree Krishna Leelalu"".
He has also directed films like "" Raithu Bidda (1939)"". ""Illalu"" (1940), ""Apavaadhu"" (1941), ""Pathni"" (1942), ""Panthulamma"" (1943), and ""Mayalokam"" (1945). He died on 1 October 1946.
",te,True,227,"""Draupadi Vasthrapharanam""","""ద్రాపది వాస్త్రాఫరనమ్""",False,True
ఎర్ర కోటను ఎవరు నిర్మించారు?,"Emperor Shah Jahan commissioned construction of the Red Fort on 12 May 1638, when he decided to shift his capital from Agra to Delhi. Originally red and white, the Shah's favourite colours, its design is credited to architect Ustad Ahmad Lahouri, who also constructed the Taj Mahal. The fort lies along the Yamuna River, which fed the moats surrounding most of the walls. Construction began in the sacred month of Muharram, on 13 May 1638. Supervised by Shah Jahan, it was completed on 6 April 1648. Unlike other Mughal forts, the Red Fort's boundary walls are asymmetrical to contain the older Salimgarh Fort. The fortress-palace was a focal point of the medieval city of Shahjahanabad, which is present-day Old Delhi. Its planning and aesthetics represent the zenith of Mughal creativity prevailing during Shah Jahan's reign. His successor Aurangzeb added the Pearl Mosque to the emperor's private quarters, constructing barbicans in front of the two main gates to make the entrance to the palace more circuitous.",te,True,226,Ustad Ahmad Lahouri,ఉస్తాద్ అహ్మద్ లాహూరి,False,True
ఉగాది పండగ అధికారిక నామం ఏమిటి?,"Ugadi (Ugādi, Samvatsarādi, Yugadi) is the New Year's Day for the people of Karnataka, Andhra Pradesh and Telangana states in India. It is festively observed in these regions on the first day of the Hindu lunisolar calendar month of Chaitra. This typically falls in March or April of the Gregorian calendar.",te,True,7,"Ugādi, Samvatsarādi, Yugadi","ఉగాది, సమ్వాత్సారది, యుగాది",False,True
మొదటి అంతరిక్ష యాత్ర చేసిన భారతీయుడు ఎవరు ?,"Rakesh Sharma (born 12 January 1949) is a former Indian Air Force pilot who flew aboard Soyuz T-11, launched on 2 April 1984, as part of the Interkosmos programme. Sharma is the first Indian citizen to travel in space.",te,True,0,Rakesh Sharma,రాకేష్ శర్మ,False,True
కంచె చిత్ర నిర్మాణ వ్యయం ఎంత ?,"Sai Madhav Burra, who collaborated with Krish on ""Krishnam Vande Jagadgurum"" (2013), was signed to write the film's dialogues. V. S. Gnanasekhar was signed as the film's director of photography, and Sahi Suresh was selected as the film's art director. Because of discontinuing his studies at a young age, Suresh was not knowledgeable about World War II, and spent three to four months watching old war films and reading about the war. Chirantan Bhatt, who collaborated earlier with Krish on ""Gabbar Is Back"", was signed to compose the film's soundtrack and score. ""Kanche"" marked Bhatt's debut in Telugu cinema. Rama Krishna Arram and Suraj Jagtap edited the film. ""Kanche"" was produced on a budget of 180 million.",te,True,702,180 million,180 మిలియన్లు,False,True
ఎవడే సుబ్రహ్మణ్యం చిత్ర కథానాయిక ఎవరు?,"Malavika Nair is an Indian film actress who has appeared in Malayalam, Telugu and Tamil language films as a child. After appearing in minor supporting roles in several Malayalam films in 2012, she played her first lead role in the Malayalam film ""Black Butterfly"" (2013). She won critical acclaim for her performances as a blind girl in ""Cuckoo"" (2014) and as an adventurer in ""Yevade Subramanyam"" (2015).",te,True,0,Malavika Nair,మలవికా నాయిర్,False,True
పవన్ కళ్యాణ్ తన రాజకీయ రంగ ప్రవేశం ఎప్పుడు చేసాడు?,"He is known for his works in the films ""Gokulamlo Seetha"", ""Suswagatam"", ""Tholi Prema"",""Thammudu"", ""Badri"", ""Kushi"", ""Jalsa"" and ""Gabbar Singh"", for which he received the Filmfare Award for Best Actor – Telugu, and ""Attarintiki Daredi"", which became one of the highest grossing Telugu film of all time. He was listed 26th in 2013, 69th in 2017 and 24th in 2018 respectively in the ""Forbes"" India list of top 100 Celebrities .. He produces films under the banners Anjana Productions and Pawan Kalyan Creative Works.
In March 2014 he entered into politics, founding the Jana Sena Party. During that period, Pawan Kalyan was listed by Google as the most searched Indian celebrity politician on Google Search. ",te,True,518,March 2014,మార్చి 2014,False,True
2017లో దాదాసాహెబ్ అవార్డు ఎవరు గెలుచుకున్నారు?,"The first recipient of the award was actress Devika Rani, who was honoured at the 17th National Film Awards. , there have been 49 awardees. Among those, actor Prithviraj Kapoor (1971) and actor Vinod Khanna (2017) are the only posthumous recipients. His actor-filmmaker son, Raj Kapoor, accepted the award on his behalf at the 19th National Film Awards in 1971 and was himself a recipient in 1987 at the 35th National Film Awards ceremony. Bommireddy Narasimha Reddy (1974) and Bommireddy Nagi Reddy (1986); Raj Kapoor (1987) and Shashi Kapoor (2014); Lata Mangeshkar (1989) and Asha Bhosle (2000) along with Baldev Raj Chopra (1998) and Yash Chopra (2001) are the siblings who have won the award. The most recent recipient of the award is actor Vinod Khanna who will be honoured at the 65th National Film Awards ceremony. Khanna has been awarded posthumously.",te,True,194,Vinod Khanna,వినోద్ ఖన్నా,False,True
జానీ వాకర్ ఎక్కడ జన్మించాడు?,"Johnny Walker was born in 1926 to a mill-worker in Indore. Born to a Muslim family, he was named Badruddin Jamaluddin Kazi at birth. The mill in which his father worked closed and the family, of which Kazi was the second of ten children, moved to Maharashtra. There Kazi tried his hand at several jobs, and eventually secured a post as a bus conductor in the B.E.S.T (Bombay Electric Supply and Transport) bus service. He became the sole breadwinner, travelling many miles and at unsocial hours at various times in order to buy and then sell ice candy, fruit, vegetables, stationery and other goods. Throughout his youth he dreamed of being involved in films, idolising Noor Mohammed Charlie and practising stunts that he saw on-screen.",te,True,26,1926,1926,False,True
విశాఖపట్నం ఓడరేవును ఎప్పుడు నిర్మించారు?,"Although the need for building a port on the east coast to access Central Provinces was felt by the British in the 19th century, the proposal of Col. H.Cartwright Reid of British Admiralty for constructing a harbour at Visakhapatnam was approved by the Government only after the First World War. The Inner Harbour was built by the Bengal Nagpur Railway between 1927 and 1933 to facilitate the export of manganese ore from the Central Provinces. The port, built at a cost of 378 lakhs was inaugurated by Lord Willingdon on 19 December 1933.",te,True,353,between 1927 and 1933,1927 నుండి 1933 వరకు,False,True
బద్రీనాథ్ చిత్రం ఎప్పుడు విడుదల అయ్యింది?,"Previously slated to release on 4 June 2011, the film along with a dubbed Malayalam version was released on 10 June 2011 in 1,400 screens worldwide and ran for 50 days in 187 theatres. According to an article in The Times of India, ""Despite mixed record tendered by critics, the acceptable storyline and script work, the thrills and stunts, the gyrations of choreography by Allu Arjun have lured the audience to the screens."" It also became the second highest Telugu grosser in Karnataka after Magadheera that time. The film had an opening day record of which was later surpassed by Allu Arjun's own film Julayi in 2012. Prem Rakshith won the Filmfare Award for Best Dance Choreographer for the film's song ""Nath Nath"".",te,True,108,10 June 2011,"జూన్ 10, 2011",False,True
నన్నయ ఎక్కడ జన్మించాడు?,"Nannaya Bhattaraka (sometimes spelled Nannayya or Nannaiah; ca. 11th century AD) is the earliest known Telugu author, and the author of the first third of the ""Andhra mahabharatam"", a Telugu retelling of the Mahabharata. Nannaya is held in high regard as the person who revived the Telugu language. This work, which is rendered in the Champu style, is chaste and polished and of a high literary merit.",te,True,103,Telugu,తెలుగు,False,True
2019లో icici బ్యాంకు చీఫ్ ఎగ్జిక్యూటివ్ ఆఫీసర్ ఎవరు?,"Chanda Kochhar (born 17 November 1961) is the former MD and chief executive officer of ICICI Bank. She is widely recognised for her role in shaping retail banking in India. However, on 4th October 2018 she stepped down from her position following allegations of corruption. Amidst investigations related to Videocon bad loans, she was forced by the board of ICICI Bank to take indefinite leave. The Central Bureau of Investigation named Chanda Kochhar and her husband as beneficiaries in the financial fraud. The Justice B N Shrikrishna probe panel reported that Kochhar had violated ICICI Bank's Code of Conduct, following which her service was terminated with all her entitlements and benefits revoked. After her exit, Sandeep Bakhshi, who was the interim Managing Director and CEO became the full time MD and CEO. ",te,True,721,Sandeep Bakhshi,సందీప్ బఖ్షి,False,True
శ్రీ పొట్టి శ్రీరాములు కి ఉన్న మరోపేరు ఏంటి?,"Nellore district (officially: Sri Potti Sriramulu Nellore district), located in Coastal Andhra region is one of the 13 districts of Andhra Pradesh. The population of the district according to the Census 2011 was 2,966,082 of which 29.07% were urban. Nellore city is its administrative headquarters. The district is bordered by the Bay of Bengal to the east, Kadapa district to the west, Prakasam District to the north, Chittoor district and Thiruvallur district of Tamil Nadu to the south.",te,True,0,Nellore,నెల్లోర్,False,True
నగరం చిత్రం ఏ సంవత్సరంలో విడుదలైంది?,"Nagaram Marupakkam () is a 2010 Indian Tamil action film co-produced written and directed by Sundar C., who himself plays the lead role. Co-produced by his wife Kushboo, the film also stars Anuya Bhagvath and Vadivelu in pivotal roles and features music by Thaman. Sundar's first directorial after five years, ""Nagaram"" released on 19 November 2010, it is based on the 1993 American movie Carlito's Way . The film is very well known for comedy sequences and portrayal of the comic character ""Style Pandi"" by Vadivelu. ",te,True,332,19 November 2010,"నవంబర్ 19, 2010",False,True
రతన్ టాటా తండ్రి పేరేంటి?,"Ratan Tata was born in Bombay, now Mumbai, on 28 December 1937, and is the son of Naval Tata (born in Surat). His biological maternal grandmother had been the sister of Hirabai Tata, wife of group founder Jamshedji Tata. His biological father, Hormusji Tata, had belonged to the broader Tata family; Naval therefore was a Tata by birth. Parents Naval and Sonoo separated in 1948 when Ratan was 10, and he was subsequently raised by the widow of Sir Ratanji Tata, his grandmother, Navajbai Tata, who formally adopted him through the J. N. Petit Parsi Orphanage. He has a half-brother, Noel Tata (from Naval Tata's second marriage with Simone Tata), with whom he was raised. His first language is Gujarati.",te,True,82,Naval Tata,నావల్ టాటా,False,True
ఈ భక్త మార్కండేయ చిత్ర నిర్మాత ఎవరు?,"Producer &<br>
Director: B. S. Ranga<br>
Dialogues: Thuraiyur Murthi<br>
Editing: P. G. Mohan, M. Devendranathan<br>
Choreography: Chopra<br>
Photography: R. Vekatachary<br>
Studio: Vikram",te,True,25,B. S. Ranga,బి. ఎస్. రాంగా,False,True
ఒక మిలియన్ కి ఎన్ని సున్నాలు ఉంటాయి?,"According to the ""Oxford English Dictionary"", the word ""billion"" was formed in the 16th century (from ""million"" and the prefix ""bi-"", ""two""), meaning the second power of a million (1,000,0002 = ). This long scale definition was similarly applied to ""trillion"", ""quadrillion"" and so on. The words were originally French, and entered English around the end of the 17th century. Later, French arithmeticians changed the words' meanings, adopting the short scale definition whereby three zeros rather than six were added at each step, so a billion came to denote a thousand million (), a trillion (), and so on. This new convention was adopted in the United States in the 19th century, but Britain retained the original long scale use. France, in turn, reverted to the long scale in 1948.",te,True,183,"000,000","000,000",False,True
మానవ శరీరంలో అతి చిన్న ఎముక ఏది?,"The stapes or stirrup is a bone in the middle ear of humans and other mammals which is involved in the conduction of sound vibrations to the inner ear. The stirrup-shaped small bone is on and transmits these to the oval window, medially. The stapes is the smallest and lightest named bone in the human body, and is so-called because of its resemblance to a stirrup ().",te,True,242,stapes,టేపులు,False,True
మానవ శరీరంలోని అతి చిన్న ఎముక ఏది ?,"The stapes or stirrup is a bone in the middle ear of humans and other mammals which is involved in the conduction of sound vibrations to the inner ear. The stirrup-shaped small bone is on and transmits these to the oval window, medially. The stapes is the smallest and lightest named bone in the human body, and is so-called because of its resemblance to a stirrup ().",te,True,242,stapes,టేపులు,False,True
దేవత చిత్రం ఏ సంవత్సరంలో విడుదల అయ్యింది?,"The film's narrative follows siblings Janki and Lalita who both fall for Ram, their good friend. When Lalita learns that Janki loves Ram, she steps back and allows her sister to marry him. It was a direct remake of Raghavendra Rao's Telugu blockbuster "" Devatha"" (1982), with Sridevi and Jaya Prada reprising their roles. 
At the 32nd Filmfare Awards, ""Tohfa"" received three nominations: Best Comic Actor (Kapoor), Best Music and Best Lyrics ""Pyaar Ka Tohfa Tera."".",te,True,264,1982,1982 వ సంవత్సరం,False,True
దక్షుడి తండ్రి పేరు ఏంటి?,"According to Hindu mythology, Dakṣha (Sanskrit: दक्ष, lit. ""able, dexterous, or honest one"") is one of the sons of Lord Brahma, who, after creating the ten Manas Putras, created Daksha, Dharma, Kamadeva and Agni from his right thumb, chest, heart and eyebrows respectively.Daksa was a great ""kshatriya"" king. Pictures show him as a rotund and obese man with a stocky body, protruding belly, and muscular with the head of an ibex-like creature with spiral horns.",te,True,115,Lord Brahma,లార్డ్ బ్రహ్మా,False,True
ప్రపంచంలోనే అతిపెద్ద జనాభా కలిగివున్న దేశం ఏది?,"Six of the Earth's seven continents are permanently inhabited on a large scale. Asia is the most populous continent, with its 4.54 billion inhabitants accounting for 60% of the world population. The world's two most populated countries, China and India, together constitute about 36% of the world's population. Africa is the second most populated continent, with around 1.28 billion people, or 16% of the world's population. Europe's 742 million people make up 10% of the world's population as of 2018, while the Latin American and Caribbean regions are home to around 651 million (9%). Northern America, primarily consisting of the United States and Canada, has a population of around 363 million (5%), and Oceania, the least populated region, has about 41 million inhabitants (0.5%). Though it is not permanently inhabited by any fixed population, Antarctica has a small, fluctuating international population based mainly in polar science stations. This population tends to rise in the summer months and decrease significantly in winter, as visiting researchers return to their home countries.",te,True,237,China,చైనా,False,True
శతాబ్దం అంటే ఎన్ని సంవత్సరాలు?,"A century (from the Latin ""centum"", meaning ""one hundred""; abbreviated c.) is a period of 100 years. Centuries are numbered ordinally in English and many other languages.",te,True,90,100,100,False,True
అత్యంత  పొడవైన గ్రేట్ డేన్ ఎక్కడ ఉంది?,"Zeus (November 22, 2008 – September 3, 2014) was a Great Dane from Otsego, Michigan, United States, famous for being named the ""world's tallest dog"" by the 2012 and 2013 Guinness Book of World Records. Standing on his hind legs Zeus stretched 7 ft 5 in (2.26 meters), and when measured in October 2011, Zeus was 3 ft 8.0 inches (1.118 meters) from his foot to his withers.",te,True,67,"Otsego, Michigan","ఓట్సేగో, మిచిగాన్",False,True
బ్రోకలీ శాస్త్రీయ నామం ఏమిటి?,"Brassica oleracea is a plant species that includes many common foods as cultivars, including cabbage, broccoli, cauliflower, kale, Brussels sprouts, collard greens, savoy, kohlrabi, and gai lan.",te,True,0,Brassica oleracea,బ్రాస్సికా ఒలేరాసియా,False,True
దేవకీ నందన్ జన్మస్థలం ఏది ?,"Devaki Nandan Khatri was born at Malinager Village Samastipur, Bihar. After his earlier education he moved to Tekari Estate in Gaya. He became an employee of the Raja of Benares. He started a printing press called ""Lahari"" and started a Hindi monthly, ""Sudarshan"", in 1898. The various works of Khatri and his son Durga Prasad were republished by Lahari Press in the early 21st century. Lahari Press is still in existence in Ramkatora (Pisnahariya Kuwan) very close to area called Lahurabeer in Varanasi.",te,True,33,"Malinager Village Samastipur, Bihar","మలినగర్ గ్రామం సమస్తీపూర్, బిహార్",False,True
శ్రీ వేంకటేశ్వర స్వామి భార్య పేరేమిటి?,"Every year, lakhs of devotees donate a large amount of wealth at the Tirumala Venkateswara Temple at Tirupati, Andhra Pradesh. Goddess Lakshmi, also referred as Sri, once had a fight with Lord Vishnu and left Vaikunta. She came and settled on earth in disguise. Lord Vishnu soon arrived on earth searching for Goddess Lakshmi. But He failed to find her and instead settled on Tirumala hills in the form of a forest gatherer and continued the search. During the search, Lord Vishnu met a beautiful girl named Padmavati who was the daughter of the King of the seven hills in Tirumala. They both fell in love and decided to get married.",te,True,508,Padmavati,పద్మవతి,False,True
సయ్యద్ నశీర్ అహ్మద్ చేసిన మొదటి రచన పేరు ఏంటి?,"In 1855, <nowiki>he finished</nowiki> his scholarly, well researched and illustrated edition of Abul Fazl's ""Ai'n-e Akbari"", itself an extraordinarily difficult book. Having finished the work to his satisfaction, and believing that Mirza Asadullah Khan Ghalib was a person who would appreciate his labours, Syed Ahmad approached the great Ghalib to write a ""taqriz"" (in the convention of the times, a laudatory foreword) for it. Ghalib obliged, but what he did produce was a short Persian poem castigating the Ai'n-e Akbari, and by implication, the imperial, sumptuous, literate and learned Mughal culture of which it was a product. The least that could be said against it was that the book had little value even as an antique document. Ghalib practically reprimanded Syed Ahmad Khan for wasting his talents and time on dead things. Worse, he praised sky-high the ""sahibs of England"" who at that time held all the keys to all the a’ins in this world.",te,True,108,"""Ai'n-e Akbari""","""ఐ'న్-ఇ అక్బారీ""",False,True
పి.బి.శ్రీనివాస్ తండ్రి పేరేంటి?,"Prathivadhi Bhayankara Sreenivas was born to Prathivadhi Bhayankaram Phanindraswamy and Seshagiriamma as their Younger Son in Kakinada, East Godavari District, Andhra Pradesh. His father was a civil servant and his mother was a musician. His father wanted him to become a government officer and Sreenivas was awarded a B.Com(Bachelor of Commerce) degree and then passed the Hindi Visharad Exams of the South Indian Hindi Spreading Society (Dakshin Bharat Hindi Prachar Sabha).",te,True,45,Prathivadhi Bhayankaram Phanindraswamy,ప్రతీవాది భయాంకరం పానింద్రాస్వామి,False,True
పుపుల్ జయకర్ ఎక్కడ జన్మించింది?,"Jayakar was born in 1915 at Etawah in the state of United Provinces (later known as Uttar Pradesh). Her father was a liberal intellectual and senior officer in the Indian Civil Service while her mother came from a Gujarati Brahmin family from Surat, where Pupul spent her yearly summer breaks. She had a brother, Kumaril Mehta, and four sisters, Purnima, Premlata, Amarganga and Nandini Mehta. Her father's work took the family to many parts of India, where she got the opportunity to absorb local crafts and traditions early on in life.",te,True,28,Etawah,ఎటావా,False,True
మచిలీపట్నం పట్టణం ఓడరేవు ఎప్పుడు నిర్మించారు?,"Machilipatnam Port is a proposed deep sea port on the coast of Bay of Bengal. It is located at Machilipatnam, the district headquarters of Krishna district in the Indian state of Andhra Pradesh. Dr. YS Rajasekhara Reddy laid the foundation for the port in 2008. Construction 
of this Port is expected to begin in 2019 and Completed by the Year 2024 . Navayuga Engineering Company Limited bagged the project to develop port on Build-Own-Operate-Transfer basis on a 50-year basis.",te,True,292,expected to begin in 2019 and Completed by the Year 2024,2019 లో ప్రారంభించి 2024 నాటికి పూర్తవుతుందని భావిస్తున్నారు.,False,True
భారతీయ స్టేట్ బ్యాంకును ఎవరు ప్రారంభించారు?,"The bank descends from the Bank of Calcutta, founded in 1806, via the Imperial Bank of India, making it the oldest commercial bank in the Indian subcontinent. The Bank of Madras merged into the other two ""presidency banks"" in British India, the Bank of Calcutta and the Bank of Bombay, to form the Imperial Bank of India, which in turn became the State Bank of India in 1955. The Government of India took control of the Imperial Bank of India in 1955, with Reserve Bank of India (India's central bank) taking a 60% stake, renaming it the State Bank of India. In 2008, the government took over the stake held by the Reserve Bank of India.",te,True,70,Imperial Bank of India,ఇంపీరియల్ బ్యాంక్ ఆఫ్ ఇండియా,False,True
ఆర్.కె.లక్ష్మణ్ ఎప్పుడు మరణించాడు?,"R. K. Laxman was born in Mysore in 1921 in an Iyer family. His father was a headmaster and Laxman was the youngest of eight children: namely, six sons and two daughters. His elder brother is novelist R. K. Narayan. Laxman was known as ""Pied Piper of Delhi"".",te,True,35,1921,1921,False,True
ప్రకాశం జిల్లా ఎప్పుడు ఏర్పడింది?,"Prakasam district was originally constituted on 2 February 1970, carved out of Guntur, Nellore and Kurnool districts of Andhra Pradesh. It was carved out of three taluks of Guntur District, i.e. Addanki, Chirala, and Ongole, four taluks of Nellore district, i.e. Kandukur, Kanigiri, Darsi and Podili and three taluks of Kurnool district i.e. Markapur, Yarragondapalem and Giddaluru. It is one of the nine districts in the Coastal Andhra region of Andhra Pradesh.",te,True,48,2 February 1970,"ఫిబ్రవరి 2, 1970",False,True
గోల్కొండకోటను ఎవరు నిర్మించారు?,"Golkonda was originally known as Mankal. Golkonda Fort was first built by the Kakatiyas as part of their western defenses along the lines of the Kondapalli Fort. The city and the fortress were built on a granite hill that is high, surrounded by massive battlements. The fort was rebuilt and strengthened by Rani Rudrama Devi and her successor Prataparudra. Later, the fort came under the control of the Musunuri Nayaks, who defeated the Tughlaqi army occupying Warangal. It was ceded by the Musunuri Kapaya Bhupathi to the Bahmani Sultanate as part of a treaty in 1364.",te,True,78,Kakatiyas,కాకతియా,False,True
బెన్ ఆఫ్లెక్ ఎప్పుడు జన్మించాడు?,"Benjamin Géza Affleck-Boldt (born August 15, 1972) is an American actor and filmmaker. His accolades include two Academy Awards, three Golden Globe Awards, two BAFTA Awards, and two Screen Actors Guild Awards. He began his career as a child and starred in the PBS educational series ""The Voyage of the Mimi"" in 1984, before a second run in 1988. He later appeared in the independent coming-of-age comedy ""Dazed and Confused"" (1993) and various Kevin Smith films, including ""Chasing Amy"" (1997) and ""Dogma"" (1999). Affleck gained wider recognition when he and childhood friend Matt Damon won the Golden Globe and Academy Award for Best Original Screenplay for writing ""Good Will Hunting"" (1997), which they also starred in. He then established himself as a leading man in studio films, including the disaster drama ""Armageddon"" (1998), the romantic comedy ""Forces of Nature"" (1999), the war drama ""Pearl Harbor"" (2001), and the spy thriller ""The Sum of All Fears"" (2002).",te,True,34,"August 15, 1972","ఆగస్టు 15, 1972",False,True
జాతీయ విద్యా దినోత్సవం ఎప్పుడు జరుపుకుంటారు?,"National Education Day is an annual observance in India to commemorate the birth anniversary of Maulana Abul Kalam Azad, the first education minister of independent India, who served from 15 August 1947 until 2 February 1958. National Education Day of India is celebrated on 11 November every year.",te,True,275,11 November,నవంబర్ 11,False,True
గోల్కొండ కోటను ఎవరు నిర్మించారు?,"Golkonda was originally known as Mankal. Golkonda Fort was first built by the Kakatiyas as part of their western defenses along the lines of the Kondapalli Fort. The city and the fortress were built on a granite hill that is high, surrounded by massive battlements. The fort was rebuilt and strengthened by Rani Rudrama Devi and her successor Prataparudra. Later, the fort came under the control of the Musunuri Nayaks, who defeated the Tughlaqi army occupying Warangal. It was ceded by the Musunuri Kapaya Bhupathi to the Bahmani Sultanate as part of a treaty in 1364.",te,True,78,Kakatiyas,కాకతియా,False,True
ఫరూఖ్‌నగర్ రైల్వే స్టేషన్ ను ఎప్పుడు నిర్మించారు?,"Farrukhnagar lies on a branch line which was laid in 1901 to Garhi Harsaru railway station from Farrukhnagar on Rajputana-Malwa Railway, For many years, the metre gauge railway line was used to transport salt by steam locomotives and was closed in 2004 for gauge conversion. The converted broad gauge track became operational in 2011. There has been a demand to extend the track to Jhajjar where it will join Rewari-Jhajjar-Rohtak railway line.",te,True,53,1901,1901 లో,False,True
భగత్ సింగ్ తన అభ్యాసము ఎక్కడ చేసాడు?,"In 1923, Singh joined the National College in Lahore, where he also participated in extra-curricular activities like the dramatics society. In 1923, he won an essay competition set by the Punjab Hindi Sahitya Sammelan, writing on the problems in the Punjab. Inspired by the Young Italy movement of Giuseppe Mazzini, he founded the Indian socialist youth organisation Naujawan Bharat Sabha in March 1926. He also joined the Hindustan Republican Association, which had prominent leaders, such as Chandrashekhar Azad, Ram Prasad Bismil and Shahid Ashfaqallah Khan. A year later, to avoid an arranged marriage, Singh ran away to Cawnpore. In a letter he left behind, he said: ",te,True,0,"In 1923, Singh joined the National College in Lahore","1923 లో, సింగ్ లాహోర్లోని నేషనల్ కాలేజీలో చేరారు",False,True
ప్రకాశం జిల్లా ఏ ప్రభుత్వ హయాంలో ఏర్పడింది?,"Prakasam district was originally constituted on 2 February 1970, carved out of Guntur, Nellore and Kurnool districts of Andhra Pradesh. It was carved out of three taluks of Guntur District, i.e. Addanki, Chirala, and Ongole, four taluks of Nellore district, i.e. Kandukur, Kanigiri, Darsi and Podili and three taluks of Kurnool district i.e. Markapur, Yarragondapalem and Giddaluru. It is one of the nine districts in the Coastal Andhra region of Andhra Pradesh.",te,True,0,Prakasam district was originally constituted on 2 February 1970,ప్రాకాసం జిల్లా 1970 ఫిబ్రవరి 2న ఏర్పడింది.,False,True
భారత క్రికెట్ కంట్రోల్ బోర్డు ఎప్పుడు స్థాపించబడింది ?,"The Board of Control for Cricket in India (BCCI) is the national governing body for cricket in India. The board was formed in December 1928 as a society, registered under the Tamil Nadu Societies Registration Act. It is a consortium of state cricket associations and the state associations select their representatives who in turn elect the BCCI Chief. It's headquarters are in Wankhede Stadium , Mumbai. C.K. Khanna is acting as the current president.",te,True,126,December 1928,డిసెంబర్ 1928,False,True
నిజామాబాద్ జిల్లా కార్యాలయం ఏ నగరంలో ఉంది?,Nizamabad District is located in the north-western region in the Indian state of Telangana. The city of Nizamabad is the district headquarters.,te,True,37,north-western region in the Indian state of Telangana,భారతదేశంలోని తెలంగాణ రాష్ట్రంలోని ఉత్తర పశ్చిమ ప్రాంతం,False,True
స్టేట్ బ్యాంకు అఫ్ ఇండియా సంస్థని మొట్టమొదటిగా ఎప్పుడు స్థాపించారు?,"The bank descends from the Bank of Calcutta, founded in 1806, via the Imperial Bank of India, making it the oldest commercial bank in the Indian subcontinent. The Bank of Madras merged into the other two ""presidency banks"" in British India, the Bank of Calcutta and the Bank of Bombay, to form the Imperial Bank of India, which in turn became the State Bank of India in 1955. The Government of India took control of the Imperial Bank of India in 1955, with Reserve Bank of India (India's central bank) taking a 60% stake, renaming it the State Bank of India. In 2008, the government took over the stake held by the Reserve Bank of India.",te,True,56,1806,1806 వ సంవత్సరం,False,True
స్టీఫెన్ విల్‌కాక్సు ఏ సంవత్సరంలో జన్మించాడు?,"Stephen Wilcox, Jr. (February 12, 1830 – November 27, 1893) was an American inventor, best known as the co-inventor (with George Herman Babcock) of the water-tube boiler. They went on to found the Babcock & Wilcox Company. He was born in Westerly, Rhode Island.",te,True,34,1830,1830,False,True
2018 నాటికి ప్రపంచంలో అత్యధిక జనాభా కలిగిన దేశం ఏది?,"Human migration has been shifting toward cities and urban centers, with the urban population jumping from 29% in 1950, to 50.5% in 2005. Working backwards from the United Nations prediction that the world will be 51.3 percent urban by 2010, Dr. Ron Wimberley, Dr. Libby Morris and Dr. Gregory Fulkerson estimated 23 May 2007 to be the first time the urban population outnumbered the rural population in history.
China and India are the most populous countries, as the birth rate has consistently dropped in developed countries and until recently remained high in developing countries. Tokyo is the largest urban conglomeration in the world.",te,True,412,China,చైనా,False,True
చిన్న రాయుడు చిత్ర నిర్మాత ఎవరు?,"Chinarayudu is a 1992 Tollywood film directed by B. Gopal and produced by P. R. Prasad under Datta Sai Films. It stars Venkatesh and Vijayashanti playing the lead roles, with music composed by Ilaiyaraaja. The film was a remake of the Tamil film ""Chinna Gounder"". The film was a ""flop"" at the box office.",te,True,74,P. R. Prasad,పి. ఆర్. ప్రసాద్,False,True
సౌత్  సెంట్రల్ రైల్వేను ఎప్పుడు ప్రారంభించారు?,"The zone was formed on 2 October 1966 by merging the carved out divisions of Hubli, Vijayawada of Southern Railway zone and Solapur, Secunderabad of Central Railway zone. On 2 October 1977, Guntakal division of Southern Railway zone was merged and the already merged division of Solapur was demerged from the zone and became part of its former Central Railway zone. On 17 February 1978, Hyderabad division was formed by splitting the existing Secunderabad railway division. On 1 April 2003, two new divisions of Guntur and Nanded were created in this zone and the Hubli division was demerged and became part of South Western Railway zone.
Khandwa Akola section was merged into Bhusaval Division of Central Railways as the line was taken up for Gauge Conversion in 2017.",te,True,23,2 October 1966,1966 అక్టోబర్ 2,False,True
అనంతపురం జిల్లా ఏ జిల్లా నుండి విభజించబడినది?,"Gooty fort was a stronghold of the Marathas, but was taken from them by Hyder Ali. In 1789 it was ceded by his son Tipu Sultan to the Nizam of Hyderabad, and in 1800 the nizam ceded the surrounding districts to the British in payment for a subsidiary British force. In 1882, Anantapuram district was formed by carving out from Bellary district.",te,True,327,Bellary district,బెల్లారీ జిల్లా,False,True
ఉపేన్ పటేల్ ఎక్కడ జన్మించాడు?,"Upen Patel is a Gujarati, born on 16 August 1982, in the United Kingdom. He grew up in London, England.",te,True,57,United Kingdom,యునైటెడ్ కింగ్డమ్,False,True
హైదరాబాదులోని మూసి నది పొడవు ఎంత?,"The river originates in Anantagiri Hills near Vikarabad in Vikarabad district, 90 kilometers west of Hyderabad and flows due east for almost all of its course. It joins the Krishna River at Vadapally in Nalgonda district after covering a distance of about 240 km.",te,True,256,240 km,240 కిలోమీటర్లు,False,True
తూర్పు గోదావరి జిల్లాలో ఎన్ని శాసనసభా నియోజకవర్గాలు ఉన్నాయి?,"Ramachandrapuram Assembly constituency is a constituency of the Andhra Pradesh Legislative Assembly, India. It is one of 19 constituencies in the East Godavari district.",te,True,121,19,19 వ వసూలు,False,True
గురు హర్ గోబింద్ ఏ శతాబ్దానికి చెందిన వాడు?,"Guru Hargobind ( 19 June 1595 - 3 March 1644), revered as the ""sixth Nanak"", was the sixth of ten Gurus of the Sikh religion. He had become Guru at the young age of eleven, after the execution of his father, Guru Arjan, by the Mughal emperor Jahangir. ",te,True,85,sixth,ఆరవది,False,True
పరమేశ్వరుని ఇంకొక పేరు ఏంటి?,"Paraméshwara (IAST"": Parameśvara, Sanskrit:"" परमेश्वर) or Paramashiva is the term usually referred to god Shiva as the Supreme being according to Saivism which is one of 4 major sampradaya of Hinduism. Parameshwara is the ultimate reality and nothing exists that is non one with Paramashiva. He is the totality controlling the triple forces of creation, preservation and destruction.",te,True,102,god Shiva,భగవంతుడు శివ,False,True
ఘట్టమనేని కృష్ణ కు ఎంతమంది సంతానం?,"Mahesh was born on 9 August 1975 in Chennai, Tamil Nadu, India. He is the fourth of the five children of Telugu actor Krishna and Indira, after Ghattamaneni Ramesh Babu, Padmavathi and Manjula Swaroop and before Priyadarshini. Mahesh's childhood was spent mostly in Chennai under the care of his maternal grandmother Durgamma and the rest of his family. Since Krishna was busy with his film commitments, Ramesh used to look after Mahesh's academic performance. Along with his siblings, Mahesh used to play cricket regularly at the VGP Golden beach in Chennai. To spend time with him, Krishna used to make sure that his films' shoots would be conducted at the VGP Universal Kingdom during the weekends.",te,True,88,five,ఐదు,False,True
భారత పార్లమెంటు భవన నిర్మాణం ఎప్పుడు పూర్తి అయింది ?,"Originally called the ""House of Parliament"", it was designed by the British architects Sir Edwin Lutyens and Sir Herbert Baker in 1912-1913 as part of their wider mandate to construct a new administrative capital city for British India. Construction of Parliament House began in 1921 and it was completed in 1927.",te,True,308,1927,1927,False,True
2018లో ఖమ్మం జిల్లా కలెక్టర్ ఎవరు?,The district has two revenue divisions of Kallur and Khammam. These are sub-divided into 21 mandals. Lokesh Kumar is the present collector of the district.,te,True,101,Lokesh Kumar,లోకేష్ కుమార్,False,True
సద్గురుడు ఎక్కడ జన్మించాడు?,"Sadhguru Jaggi Vasudev (born Mysore, 3 September 1957), often referred to as simply Sadhguru, is an Indian yogi, mystic, and author. He founded the Isha Foundation, a non-profit organization which offers Yoga programs around the world and is involved in social outreach, education and environmental initiatives. His books have appeared in The New York Times Best Seller list in multiple categories like ""Health"", ""Religion, Spirituality and Faith"", and ""Advice, How-To & Miscellaneous"".",te,True,37,3 September 1957,"సెప్టెంబరు 3, 1957",False,True
మదర్ అఫ్ పీస్ అని ఎవరిని పిలుస్తారు?,"Our Lady of Peace, Mother of Peace, Queen of Peace or Our Lady Queen of Peace is a title of the Blessed Virgin Mary in the Roman Catholic Church. She is represented in art holding a dove and an olive branch, symbols of peace. Her official memorial in the General Roman Calendar is on July 9 in the universal Church except for Hawaii and some churches in the United States, where it is kept on January 24.",te,True,96,Blessed Virgin Mary,ఆశీర్వదించబడిన వర్జిన్ మేరీ,False,True
శివకర్ బాపూజీ ఎక్కడ జన్మించాడు?,"Talpade was born in the Chira Bazaar neighborhood of Bombay (now Mumbai), Maharashtra in a Pathare Prabhu family. He completed his school education in Sir Jamsetjee Jeejebhoy School of Art. During his time there he came to know about ancient Indian aeronautics through his teacher Chiranjilal Verma, who led Talpade to read Swami Dayanand Saraswati's works related to ancient aeronautics, such as ‘Rigvedādic Bhāshya Bhumikā’ and ‘Rigved and Yajurveda Bhāshya’. However, some sources also suggests that his works were based on the work done by Maharishi Bharadwaja in the Rigveda. Inspired by these texts he decided to construct the Vedic Vimāna described in the Vedas, and started learning Vedic Sanskrit language.",te,True,24,Chira Bazaar neighborhood of Bombay (now Mumbai),బొంబాయి (ఇప్పుడు ముంబై) చిరా బజార్ పరిసరం,False,True
సంక్రాంతి చిత్రానికి సంగీతం అందించింది ఎవరు?,"Music composed by S. A. Rajkumar and released by the ADITYA Music Company. The soundtrack of ""Sankranti"" was released at a function arranged in the Rama Naidu studios on the night of 20 January 2005. Sarath Kumar, K Raghavendra Rao and D Rama Naidu were invited as guests. The actors who attended included Venkatesh, Arti Agarwal, Aditi Agarwal, Sarada, Sneha, Sudhakar, Srikanth, Siva Balaji and Sarvanand. Sarath Kumar and K Raghavendra Rao released the soundtrack and gave the first copy to D Rama Naidu. Anupama hosted this event. Aditya Music bought the audio rights to this film. The soundtrack was released on 21 January 2005.
",te,True,18,S. A. Rajkumar,ఎస్. ఎ. రాజకుమార్,False,True
క్రూగర్ నేషనల్ పార్క్ ను ఎప్పుడు స్థాపించారు?,"Kruger National Park is one of the largest game reserves in Africa. It covers an area of in the provinces of Limpopo and Mpumalanga in northeastern South Africa, and extends from north to south and from east to west. The administrative headquarters are in Skukuza. Areas of the park were first protected by the government of the South African Republic in 1898, and it became South Africa's first national park in 1926.",te,True,413,1926,1926,False,True
లూసియానా రాష్ట్ర పుష్పం పేరు ఏంటి?,"The Louisiana Capitol Garden comprises , the majority of which are laid out to the south and east of the capitol. The landscaping of the grounds was overseen by the capitol's architect Leon Weiss and was installed by Jungle Gardens on Avery Island. The gardens flora include azaleas, camellias and magnolias—the state flower of Louisiana. Many live oaks were also transported to Baton Rouge; a few oaks, which were already present and were incorporated into the gardens, are over 200 years old. The of sidewalks in the grounds are all lined with boxwood hedges.",te,True,298,magnolias,మగ్నోలియా,False,True
రామాలయం చిత్రం ఎప్పుడు విడుదల అయ్యింది?,Ramalayam () is a 1971 Telugu drama film. The film stars Kongara Jaggaiah and Shobhan Babu in key roles.,te,True,18,1971,1971,False,True
ఉమ్మడి ఆంధ్ర ప్రదేశ్ రాష్ట్ర మొదటి ముఖ్యమంత్రి ఎవరు?,"Nara Chandrababu Naidu (born 20 April 1950) is an Indian politician who has been Chief Minister of Andhra Pradesh since 2014. He is the first chief minister of the state since it was divided. Previously he served as Chief Minister of United Andhra Pradesh from 1994 to 2004, before the state was divided, and as the Leader of the opposition in the United Andhra Pradesh Legislative Assembly from 2004 to 2014. He is currently the National President of Telugu Desam Party.",te,True,0,Nara Chandrababu Naidu,నారా చంద్రబాబు నాయుడు,False,True
పశ్చిమ గోదావరి జిల్లాలో అతిపెద్ద సరస్సు ఏది?,"Atapaka Bird Sanctuary, also known as Kolleru Wildlife Sanctuary (see also Kolleru Bird Sanctuary), is a largest freshwater lake located in West Godavari district of Andhra Pradesh. The sanctuary falls under Kaikalur Forest Range. It is one of the Ramsar convention wetland sites, spread over an area of .",te,True,0,Atapaka Bird Sanctuary,అటాపాకా పక్షి అభయారణ్యం,False,True
గుంటూరు జిల్లాలోని బాపట్ల బీచ్ పేరు ఏమిటి?,Suryalanka Beach is located 8 km from Bapatla in Guntur District of the Indian state of Andhra Pradesh.,te,True,0,Suryalanka Beach,సురిలాంకా బీచ్,False,True
కలకత్తా ఏ నదీ తీరమున ఉంది?,"Kolkata is located in the eastern part of India. It has spread linearly along the banks of Hooghly River. The Kolkata Municipal Corporation has an area of 185 square kilometres. The city is near sea level, with the average elevation being 17 feet. The whole area is in the Ganges Derk starts within 100 km south to the city. Most of the city was originally marshy wetlands, remnants of which can still be found especially towards the eastern parts of the city.",te,True,91,Hooghly River,హూగ్లీ నది,False,True
కృష్ణవంశీ భార్య పేరు ఏమిటి?,"Krishna Vamsi is married to Ramya Krishnan, a South Indian actress. Ramya Krishnan acted in two of his films; ""Sri Anjaneyam"" (in a guest role) and ""Chandralekha"", prior to marriage. Krishna Vamsi is known to be a fan of Sitarama Sastry. The films for which Sitarama Sastry wrote lyrics, which are directed by Krishna Vamsi include ""Ninne Pelladatha, Gulabi, Sindhooram, Chandralekha, Murari, Khadgam, Chakram, Mahatma"", and ""Paisa"". Sirivennela Seetharama Sastry adopted Krishna Vamsi, not legally through Indian Government Gazette, but by the traditional Hindu method.",te,True,28,Ramya Krishnan,రమ్య కృష్ణన్,False,True
పుష్పక విమానం చిత్ర దర్శకుడు ఎవరు?,"Pushpaka Vimana is a 1987 Indian black comedy film written and directed by Singeetam Srinivasa Rao. The film, which notably has no dialogue, was produced by Singeetam Srinivasa Rao and Shringar Nagaraj. Upon release, the film garnered highly positive reviews, and remained a box office hit. The film had a 35-week theatrical run in Bengaluru.",te,True,75,Singeetam Srinivasa Rao,సింగేతమ్ శ్రీనివాసా రావు,False,True
రాజ్ కామిక్స్ ను ఎప్పుడు స్థాపించారు?,"Raj Comics is an Indian comic book publisher. It published a line of Indian comic books through Raja Pocket Books since its foundation in 1986 by Rajkumar Gupta. Some of its most well known characters include Nagraj, Super Commando Dhruva, Bhokal, Doga, Parmanu, Tiranga, Bankelal,
Shakti, Inspector Steel, Bheriya and Anthony. Raj Comics is credited as being one of the leading comic book distributors in India, although many of its characters are inspired from American superheroes of Marvel and DC Comics. ",te,True,138,1986,1986,False,True
2011 పొన్నూరు పట్టణ ఎమ్మెల్యే ఎవరు?,"Ponnur being a part of Ponnur mandal, falls under Ponnuru assembly constituency of Andhra Pradesh Legislative Assembly. Dhulipalla Narendra Kumar is the present MLA of the constituency from Telugu Desam Party. The assembly segment is in turn a part of Guntur lok sabha constituency and the present Member of parliament is Galla Jayadev of Telugu Desam Party.",te,True,120,Dhulipalla Narendra Kumar,ధులిపల్ల నరేంద్ర కుమార్,False,True
Amritsar జిల్లా ఏ దేశంలో ఉంది?,Amritsar district is one of 22 districts located in the Majha region of the state of Punjab in North India. The city of Amritsar is headquarters of this district.,te,True,56,Majha region of the state of Punjab in North India,ఉత్తర భారతదేశం లోని పంజాబ్ రాష్ట్రం లోని మజా ప్రాంతం,False,True
అమృత్ సర్ జిల్లా ఏ దేశంలో ఉంది?,Amritsar district is one of 22 districts located in the Majha region of the state of Punjab in North India. The city of Amritsar is headquarters of this district.,te,True,56,Majha region of the state of Punjab in North India,ఉత్తర భారతదేశం లోని పంజాబ్ రాష్ట్రం లోని మజా ప్రాంతం,False,True
వినాయక కృష్ణ గోకాక్ కు జ్ఞానపీఠ అవార్డు ఏ సంవత్సరంలో వచ్చింది?,"Vinayaka Krishna Gokak (9 August 1909 – 28 April 1992) was a major writer in the Kannada language and a scholar of English and Kannada literatures. He was the fifth writer to be honoured with the Jnanpith Award in 1990 for Kannada language, for his epic ""Bharatha Sindhu Rashmi"". Bharatha Sindhu Rashmi deals with the Vedic age and is perhaps the longest epic narrative in any language in the 20th Century. In 1961, Gokak was awarded the Padma Shri from the Government of India for ""Dyava Prithvi"".",te,True,214,1990,1990,False,True
రాధిక కుమారస్వామి ఎప్పుడు జన్మించింది?,"Radhika Kumaraswamy (born 11 November 1986), credited as Radhika, is an Indian film actress and producer. She has primarily appeared in Kannada films and was considered a lead actress in the Kannada film industry in the early 2000s.",te,True,26,11 November 1986,1986 నవంబర్ 11,False,True
కాశి చిత్రం ఎప్పుడు విడుదల అయ్యింది?,"Kasi is a 2001 Indian Tamil-language tragedy film, written and directed by Vinayan. The film has Vikram playing the eponymous character of a blind village singer. A remake of the director's own 1999 Malayalam film ""Vasanthiyum Lakshmiyum Pinne Njaanum"", the film has Kaveri, reprising her role from the original and Kavya Madhavan making her Tamil debut in supporting roles. The film was produced by Aroma Mani for Sunitha Productions. The film score and soundtrack was composed by maestro Ilaiyaraaja.",te,True,10,2001,2001 వ సంవత్సరం,False,True
గౌతమీపుత్ర శాతకర్ణి చిత్రం ఎప్పుడు విడుదల అయ్యింది?,"Gautamiputra Satakarni (English: ""Satakarni, son of Gautami"") is a 2017 Telugu epic historical action drama film produced by Y. Rajeev Reddy, Jagarlamudi Saibabu on First Frame Entertainment banner and directed by Krish. The film stars Nandamuri Balakrishna, Shriya Saran, Hema Malini in the lead roles and music composed by Chirantan Bhatt. The film is based on the life of 2nd century AD Satavahana ruler Gautamiputra Satakarni. The film is Nandamuri Balakrishna's 100th film released on jan 12th around 1320 screens worldwide. The film was dubbed in Hindi by the same name, distributed by Aditya Movies Pliovevt Ltd.",te,True,67,2017,2017 సంవత్సరం,False,True
ఆంధ్రప్రదేశ్ లో ఆంధ్ర విశ్వవిద్యాలయాన్ని ఎప్పుడు ప్రారంభించారు?,"Andhra University was established in 1926 by the Madras University Act to serve the entire linguistic region of Andhra as a residential teaching-cum-affiliating University. The institution has Sir C.R. Reddy as its founder Vice-Chancellor and Sarvepalli Radhakrishnan as the second Vice-Chancellor. Mir Osman Ali Khan, The Seventh Nizam of Hyderabad, donated lakh for the university.",te,True,37,1926,1926,False,True
ప్రపంచంలో అత్యంత పొడవైన మొక్క పేరేమిటి?,"Hyperion is the name of a coast redwood (""Sequoia sempervirens"") in California that was measured at , which ranks it as the world's tallest known living tree.",te,True,0,Hyperion,హైపెరియోన్,False,True
వెంకటేశ్వర స్వామికి ఎంతమంది భార్యలు ?,"Though Khandoba is a god with five wives, his first two consorts Mhalsa and Banai are the most important. The tale of the King or god with two wives is retold with some variation across India: Murugan and his wives Devasena and Valli; Venkateswara, Lakshmi and Padmavati being some examples. The motif of Shiva and his wives Parvati and Ganga is told in the ""Puranas"". ",te,True,139,two,రెండు,False,True
శ్రీవేంకటేశ్వర స్వామికి ఎంతమంది భార్యలు?,"Though Khandoba is a god with five wives, his first two consorts Mhalsa and Banai are the most important. The tale of the King or god with two wives is retold with some variation across India: Murugan and his wives Devasena and Valli; Venkateswara, Lakshmi and Padmavati being some examples. The motif of Shiva and his wives Parvati and Ganga is told in the ""Puranas"". ",te,True,139,two,రెండు,False,True
పశ్చిమ గోదావరి జిల్లాకి తూర్పు దిశన ఉన్న జిల్లా ఏది ?,"West Godavari district or Paschima Godavari Jilla is one of the 13 districts in the Indian state of Andhra Pradesh. The district is situated in Coastal Andhra region of the state. The administrative headquarters of the district is situated at Eluru. census of India, the district has an area of and a population of 3,936,966. It is bounded by Krishna district on the west, East Godavari district on the east, Bay of Bengal on the south and the state of Telangana on the north.",te,True,373,East Godavari,తూర్పు గోదావరి,False,True
ఆరోగ్య శ్రీ పథకాన్ని మొదటిగా ఏ ప్రభుత్వం ప్రవేశపెట్టింది?,"Aarogyasri (Rajiv Aarogyasri) was a flagship healthcare program of the Government of Andhra Pradesh before the AP Re-organisation in 2014. After split of state in to Telangana and Andhra Pradesh, Aarogyasri became flagship healthcare scheme of Govt of Telangana and is administered by Aarogyasri Health Care Trust. The new Government of Andhra Pradesh after the state split renamed the scheme in 2014 to Dr NTR Vaidya Seva and is administered by Dr NTR Vaidya Seva Trust. It covers those below the poverty line. The government issues an Aarogyasri card and the beneficiary can use it at government and private hospitals to obtain services free of cost.",te,True,85,Andhra Pradesh,ఆంధ్రప్రదేశ్,False,True
రంగు తెలుగు చిత్రం ఎప్పుడు విడుదలైంది?,"Bangaru Babu (English: Golden Boy) is a 1973 Telugu Romance film, produced and directed by V. B. Rajendra Prasad under his Jagapathi Art Pictures banner. It stars Akkineni Nageswara Rao, Vanisri in the lead roles and music composed by K. V. Mahadevan.",te,True,40,1973,1973,False,True
వైఎస్ఆర్ సమాధి ఎక్కడ ఉంది ?,Reddy's body was buried on 4 September at Idupulapai in Kadapa district with full state honours in accordance with Christian rites.,te,True,42,Idupulapai,ఐడూపులాపాయ్,False,True
హోమీ జహంగీర్ భాభా తండ్రి పేరేమిటి ?,"Homi Jehangir Bhabha was born into a wealthy and prominent industrial family, through which he was related to businessmen Dinshaw Maneckji Petit, and Dorabji Tata. He was born on 30 October 1909, in an illustrious family with a long tradition of learning and service to the country. His father was Jehangir Hormusji Bhabha, a well known Parsi lawyer and his mother was Meheren. He received his early studies at Bombay's Cathedral and John Connon School and entered Elphinstone College at age 15 after passing his Senior Cambridge Examination with Honors.",te,True,298,Jehangir Hormusji Bhabha,జహంగీర్ హర్ముజీ భభా,False,True
బంగారు పతకం చిత్రం ఎప్పుడు విడుదలైంది?,"""Thanga Pathakkam"" was released on 1 June 1974. The film was a commercial success, running for over 175 days in theatres, and thereby becoming a silver jubilee film. It was dubbed in Telugu as ""Bangaru Pathakkam"" in 1976, and was remade in the same language as ""Kondaveeti Simham"" (1981). It served as an inspiration for the Kannada films ""Nanobba Kalla"" (1979) and ""Kadamba"" (2004) and the Hindi film ""Shakti"" (1982).",te,True,216,1976,1976,False,True
అన్నవరం చిత్రం ఏ సంవత్సరంలో విడుదల అయ్యింది?,"Annavaram is a 2006 Indian Telugu-language action film directed by Bhimaneni Srinivasa Rao (of ""Suswagatham"" fame), and starring Pawan Kalyan, Asin, and Sandhya. ""Mega Supergood Films"" produced the film. The film is a remake of Tamil blockbuster film ""Thirupaachi"" directed by Perarasu starring Vijay in the lead role. The film released on 29 December 2006. The soundtrack of the film, released on 14 December 2006. The film was later dubbed into Hindi as ""Mere Badle Ki Aag"" in 2008.",te,True,340,29 December 2006,2006 డిసెంబరు 29,False,True
శ్రీకాకుళం  జిల్లా ఎన్ని  రెవిన్యూ డివిజన్లుగా విభజింపబడింది??,"The district has three revenue divisions — Srikakulam, Palakonda and Tekkali. They are divided into 38 mandals in the district. The district has 12 towns and 1,802 villages. There are one municipal corporation, three municipalities, one nagar panchayat and seven census towns. The municipal corporation in the district is Srikakulam and three municipalities in the district are Amadalavalasa, Ichchapuram, Palasa-Kasibugga, and nagar panchayats of Palakonda, Rajam. The six census towns are Balaga, Hiramandalam, Narasannapeta, Ponduru, Sompeta, Tekkali.",te,True,17,three,మూడు,False,True
కృష్ణా జిల్లాలో గల మండలాల సంఖ్య ఎంత ?,"The district has four revenue divisions, namely Vijayawada, Nuzvid, Machilipatnam and Gudivada, each headed by a sub collector. These revenue divisions are divided into 50 mandals in the district. These 50 mandals consists of 49 mandal parishads, 973 panchayats, 1005 villages and 5 municipalities. There are 20 towns (or urban settlements) in the district, including 1 municipal corporation, 5 municipalities, 3 nagar panchayat and 11 census towns. Vijayawada city is the only municipal corporation and the 5 municipalities in the district are Gudivada, Jaggaiahpeta, Machilipatnam, Nuzivid and Pedana. Vuyyuru, Nandigama and Tiruvuru were constituted as nagar panchayats in the year 2011. The 11 census towns are Kanuru,
Poranki, Tadigadapa, Yanamalakuduru, Kankipadu, Ramavarappadu, Prasadampadu, Guntupalli, Ibrahimpatnam, Kondapalle, Tiruvuru.",te,True,169,50,50,False,True
2015లో తెనాలిలో శాసనసభ సభ్యుడి గా ఎవరు ఎన్నిక అయ్యారు?,Alapati Rajendra Prasad is the present MLA of the constituency representing the Telugu Desam Party. He defeated Annabattuni Siva Kumar of YSR Congress Party in the 2014 Andhra Pradesh Assembly Elections.,te,True,0,Alapati Rajendra Prasad,అలపతి రాజేంద్ర ప్రసాద్,False,True
పొట్టి శ్రీరాములు ఎన్ని రోజులు ఆమరణ నిరాహారదీక్ష చేసాడు?,"Potti Sriramulu was an Indian revolutionary who died after undertaking a hunger strike for 58 days in 1952 after Indian independence in an attempt to achieve the formation of a separate state, to be known as Andhra State. His sacrifice became instrumental in the linguistic re-organisation of states.",te,True,102,1952,1952 వ సంవత్సరం,False,True
శేషేంద్ర శర్మ ఏ సంవత్సరంలో జన్మించాడు?,"Gunturu Seshendra Sarma was born on 20 October 1927. He was the first born to his parents, Subrahmanyam Sarma and Ammaayamma. He spent his childhood in his ancestral home in Totapalli Guduru, Nellore District, Andhra Pradesh. He had three siblings: a younger brother Rajasekhar (died in 2003), and two younger sisters: Anasuya (died in 2007) and Devasena.",te,True,36,20 October 1927,1927 అక్టోబర్ 20,False,True
రాజారాణి ఆలయాన్ని ఎప్పుడు నిర్మించారు?,"Various historians place the original construction date between the 11th and 12th centuries, and have placed it roughly belonging to the same period as the Jagannath Temple at Puri. The architecture of other temples in central India is believed to have originated with this temple, the notable ones being the Khajuraho temples and Totesvara Mahadeo temple in Kadawa. There are various sculptures in the walls around the temple, and the ""vimana"", depicting scenes of the marriage of Shiva, Nataraja, Parvati, and include tall, slender, sophisticated ""nayikas"" in various roles and moods such as turning her head from an emaciated ascetic, fondling her child, holding a branch of tree, attending to her toilet, looking into a mirror, taking off her anklet, caressing her pet bird and playing a musical instrument. Rajarani Temple is maintained by the Archaeological Survey of India (ASI) as a ticketed (pay to enter) monument.",te,True,56,between the 11th and 12th centuries,11వ మరియు 12వ శతాబ్దాల మధ్య,False,True
2011 భారత జనగణన గణాంకాల ప్రకారం బాపట్ల మండల అక్షరాశ్యత శాతం ఎంత ?," census, the mandal had a population of 143,825. The total population constitute, 70,847 males and 72,978 females —a sex ratio of 1030 females per 1000 males. 13,371 children are in the age group of 0–6 years, of which 6,856 are boys and 6,515 are girls. The average literacy rate stands at 71.79% with 93,653 literates.",te,True,291,71.79%,71.79 శాతం,False,True
అమృతసర్ జిల్లాలో గల నియోజకవర్గాలు ఎన్ని ?,"Amritsar Lok Sabha constituency is one of the 13 Lok Sabha (parliamentary) constituencies in Punjab state in northern India, represented since the 2014 general election by Amarinder Singh of the Congress party. Before that, it had been held by Navjot Singh Sidhu of the Bharatiya Janata Party since 2004.",te,True,46,13,13,False,True
ఫాక్స్ స్టార్ స్టూడియోస్ ప్రధాన కార్యాలయం ఎక్కడ ఉంది?,"Star India Private Limited is a Indian media conglomerates, a fully owned subsidiary of 21st Century Fox. It is headquartered in Mumbai, Maharashtra. The network reaches approximately 720 million viewers a month across India and more than 100 countries. Star India generates more than 30,000 hours of content every year and broadcasts 64 channels.",te,True,106,It is headquartered in Mumbai,దీని ప్రధాన కార్యాలయం ముంబై లో ఉంది,False,True
ప్రపంచంలో అతిపెద్ద వ్యాపార సంస్థ పేరు ఏంటి?,"This list comprises the world's largest companies by consolidated revenue as of 2018, according to the Fortune Global 500 tally. American retail corporation Walmart has been the world's largest company since 2014.",te,True,157,Walmart,వాల్మార్ట్,False,True
వైఎస్ రాజశేఖర్ రెడ్డి ఏ మండలంలో జన్మించాడు?,"Being born into a Christian middle class family on 8 July 1949 as eldest of five sons for Y. S. Raja Reddy at Pulivendula, he completed his medical studies in Mahadevappa Rampure Medical College, Gulbarga, Karnataka and served as medical officer as Jammalamadugu Mission Hospital, Jammalamadugu, Kadapa district, Andhra Pradesh after completing his studies. In 1973, he established a 70-bed charitable hospital before joining into politics.",te,True,110,Pulivendula,పులివెండూలా,False,True
తూర్పు గోదావరి జిల్లాలోని గోదావరి ఇన్స్టిట్యూట్ ఆఫ్ ఇంజనీరింగ్ అండ్ టెక్నాలజీ ఎక్కడ ఉంది?,"Godavari Institute of Engineering and Technology is an engineering college located in Rajahmundry, Andhra Pradesh, India. It was established in 1998.",te,True,86,"Rajahmundry, Andhra Pradesh, India","రాజా ముంద్రి, ఆంధ్రప్రదేశ్, భారతదేశం",False,True
చౌమహల్లా పాలస్ ని ఎవరు కట్టించారు ?,"Chowmahalla Palace or Chowmahallatuu (4 Palaces), is a palace of the Nizams of Hyderabad state. It was the seat of the Asaf Jahi dynasty and was the official residence of the Nizams of Hyderabad while they ruled their state. The palace was built by Nizam Salabat Jung. The palace remains the property of Barkat Ali Khan Mukarram Jah, heir of the Nizams.",te,True,249,Nizam Salabat Jung,నిజాం సలాబాత్ జంగ్,False,True
వేదాంతం సత్యనారాయణ శర్మ భార్య పేరేమిటి ?,"Sarma was married to Lakshminarasamma and the couple had a son and two daughters. He died on 16 November 2012, at the age of 77, succumbing to respiratory illnesses at a private hospital in Vijayawada. His life has been documented in a film, ""I am Satyabhama"", directed by Dulam Satyanarayana.",te,True,21,Lakshminarasamma,లక్ష్మినారాసమ్మ,False,True
అధిపతి చిత్రం ఎప్పుడు విడుదలైంది?,"Adhipathi (English: Ruler), () is a 2001 Telugu Action film, produced by Mohan Babu under his Sri Lakshmi Prasanna Pictures banner and directed by Ravi Raja Pinisetty. It stars Mohan Babu, Nagarjuna Akkineni, Preeti Jhangiani and Soundarya in the lead roles, with music composed by Koti. The film is a remake of the Malayalam film ""Narasimham"" (2000), starring Mohanlal in the lead role.",te,True,36,2001,2001 వ సంవత్సరం,False,True
ఎస్‌.పి. బాల సుబ్రహ్మణ్యం భార్య పేరు ఏంటి?,"Balasubramanyam is married to Savitri and has two children, a daughter Pallavi, and a son S. P. B. Charan, also a playback singer and film producer.",te,True,30,Savitri,సావిత్రి,False,True
అతి పొడవైన గడియార స్థంభము ఏది ?,"The tallest freestanding clock tower in the world is the Joseph Chamberlain Memorial Clock Tower (Old Joe) at the University of Birmingham in Birmingham, United Kingdom. The tower stands at tall and was completed in 1908. The clock tower of Philadelphia City Hall was part of the tallest building in the world from 1894, when the tower was topped out and the building partially occupied, until 1908.",te,True,57,Joseph Chamberlain Memorial Clock Tower (Old Joe),జోసెఫ్ చాంబర్లెన్ మెమోరియల్ క్లాక్ టవర్ (ఓల్డ్ జో),False,True
2018 నాటికి గుంటూరు జిల్లాలో ఎన్ని శాసనసభ నియోజకవర్గాలు ఉన్నాయి?,"Guntur (Lok Sabha constituency) is one of the 25 lok sabha constituencies of Andhra Pradesh in India and one among the three constituencies in the Guntur district of the state. It was constituted in 1989 and N.G.Ranga was the first member of parliament from the constituency and the present being Galla Jayadev , who won the 2014 lok sabha election representing Telugu Desam Party.",te,True,119,three,మూడు,False,True
ఎం.ఎఫ్. హుసేన్ ఎప్పుడు జన్మించాడు?,"Husain was born on 17 September 1915 in Pandharpur, Maharashtra to a Sulaymani Bohra family who trace their roots back to Gujarat within the last 200 years, and then originally to Yemen. He picked up taste in art through studying calligraphy while he stayed at a Madrasa in Baroda. Husain attended the Sir Jamsetjee Jeejebhoy School of Art in Mumbai. Early in his career Husain painted cinema posters in Mumbai. To earn extra money, he worked for a toy company designing and building toys. He often travelled to Gujarat to paint landscapes when he could afford to.",te,True,32,1915,1915,False,True
సంవత్సరానికి ఒక్కసారి మాత్రమే పూసే పువ్వు ఏది ?,"Night-blooming cereus is the common name referring to a large number of flowering ceroid cacti that bloom at night. The flowers are short lived, and some of these species, such as ""Selenicereus grandiflorus"", bloom only once a year, for a single night. Other names for one or more cacti with this habit are princess of the night, Honolulu queen (for ""Hylocereus undatus""), Christ in the manger, dama de noche and queen of the night (which is also used for an unrelated plant species).",te,True,0,Night-blooming cereus,రాత్రి పూట వికసించే సెరియస్,False,True
ఈ టీవీ లో స్టార్ మహిళ ప్రోగ్రాంను ఎప్పుడు ప్రారంభించారు?,"Her versatility is evident in Panchavataram on TV9. ""Cash"" on Etv and ""Bhale chance le"" on MAA TV are her current prime time shows. Suma started her own production house named K. Suma Rajeev Creations on 26 December 2012 and has produced a show named ""Lakku Kikku"" which is telecast on Zee Telugu. She had worked in a show named ""జీన్స్"" (Genes). The show became a huge craze among the audience. Her new show named ""Kevvu Keka"" on MAA TV with co-star Mano and produced by K. Suma Rajeev Creations. Suma recently lent her voice for ""Suya Suya"" song from the movie ""Winner (2017 film)"".",te,True,204,26 December 201,26 డిసెంబరు 201,False,True
నార్ల వెంకటేశ్వరరావు భార్య పేరేమిటి?,"Narla married Sulochana in 1938. It was not only a happy and ideal marriage but he was also lucky in having a better half like her. She stood foursquare with him during trying times in his illustrious life. Of their eight children, the eldest daughter, Sarada, was married to Kolli Gangadhar Rao. Both the husband and wife are medical doctors located in Guntur. The third daughter Meenakshi married Dr. Sharad from Maharashtra. Narla felt happy at the marriage between persons of two different languages, inter-lingual marriages so common these days. They are settled down in Phoenix, USA. The second fourth and fifth are all daughters Chandrakala, Uma and Rama, respectively all doctors married to doctors and living in the US. Narla would often joke that except his wife and he the rest of the family were all doctors. Of course, he had been a conferred honorary doctorate by several universities but he never flaunted the degree with his name.",te,True,14,Sulochana,సులోచానా,False,True
ఆల్ ఇండియా రేడియో ఎప్పుడు ప్రారంభమైంది?,"All India Radio (AIR), officially known since 1956 as Ākāsha Vāṇī (""Voice from the Sky"") is the national public radio broadcaster of India and is a division of Prasar Bharati. It was established in 1930. It is the sister service of Prasar Bharati's Doordarshan, an Indian television broadcaster. Headquartered in the Akashvani Bhavan building in New Delhi, it houses the Drama Section, the FM Section, the National Service, and is also home to the Indian television station Doordarshan Kendra, (Delhi).",te,True,198,1930,1930లో,False,True
సి. సుజాత ఎప్పుడు జన్మించింది?,"C. S. Sujatha was born on 28 May 1965 in a family in Vallikunnam, Alappuzha to Shri Ramachandran Nair P. and Smt. Sumathy Pillai. She is married to Shri Baby G on 21 Oct 1990. The couple has a daughter.",te,True,26,28 May 1965,"మే 28, 1965",False,True
ఇందిరమ్మ ఇల్లు పథకాన్ని ఎవరు ప్రవేశపెట్టారు?,It started in the year 2006 when Y. S. Rajasekhara Reddy was the Chief Minister of Andhra Pradesh and aimed to make the state Hut-free.,te,True,33,Y. S. Rajasekhara Reddy,వై. ఎస్. రాజశేఖరా రెడ్డి,False,True
రోడ్ రాష్ ను మొదట ఏ సంవత్సరంలో ప్రవేశపెట్టారు?,Road Rash is a vehicular combat racing video game developed and published by Electronic Arts for the Sega Genesis in 1991. It was ported to a variety of contemporary systems and was followed by five sequels.,te,True,117,1991,1991,False,True
మధ్యప్రదేశ్ రాష్ట్రం లో ఎన్ని జాతీయ రహదారుల ఉన్నాయి?,"Madhya Pradesh state has a good road network. There are 20 national highways with total length of 3,714 km and many state highways with total length of 8,728 km.",te,True,56,20,20,False,True
అమృతసర్ జిల్లాలో గల నియోజకవర్గాల సంఖ్య ఎంత ?,"Amritsar Lok Sabha constituency comprises nine Vidhan Sabha (legislative assembly) segments, which are:",te,True,42,nine,తొమ్మిది,False,True
ఆలె నరేంద్ర ఎక్కడ మరణించాడు?,"He was born in Aliabad in Hyderabad, Hyderabad State to Ale Ramalingam and his wife Ale Pushpavati in a Hindu Padmashali community. He has a younger brother, Ale Shyam, a pracharak in RSS.",te,True,15,Aliabad in Hyderabad,హైదరాబాద్ లోని అలీబాద్,False,True
2014ఎన్నికల్లో గుంటూరు జిల్లా నుంచి ఎవరు గెలిచారు?,"Guntur (Lok Sabha constituency) is one of the 25 lok sabha constituencies of Andhra Pradesh in India and one among the three constituencies in the Guntur district of the state. It was constituted in 1989 and N.G.Ranga was the first member of parliament from the constituency and the present being Galla Jayadev , who won the 2014 lok sabha election representing Telugu Desam Party.",te,True,208,N.G.Ranga,ఎన్. జి. రాంగా,False,True
శ్రీ పొట్టి శ్రీరాములు ఏ ప్రాంతంలో జన్మించాడు?,"Sreeramulu was born to Guravayya and Mahalakshmamma in 1901 at Padamatapalli in a district that once was itself a region within Nellore district. Later, their family was shifted to Madras as famine conditions prevailed in this region. They later lived in Nellore, Andhra Pradesh. He completed his high school in Madras and joined the Victoria Jubilee Technical Institute in Bombay to study sanitary engineering. After his college education, Sreeramulu joined the Great Indian Peninsular Railway, Bombay. In 1928, Sreeramulu lost both his wife and his new born child. Two years later, he resigned from his job and joined Gandhi's Sabarmati Ashram to serve the struggle for Indian Independence.",te,True,63,Padamatapalli,పదామతాపల్లి,False,True
ఆనంద నిలయం చిత్రం ఎప్పుడు విడుదలైంది?,This movie is remake of 1971 released ‘Aananda Nilayam’,te,True,24,1971,1971,False,True
పశ్చిమగోదావరి జిల్లాలో చర్చి ఎక్కడ ఉంది?,"Christ Lutheran Church is a congregation in the Andhra Evangelical Lutheran Church and is a member church of the West Godavari synod. It is a major A class parish and is a mother church to several smaller and younger congregations in and around Narsapur, West Godavari. The current pastors are Rev. V.Rajendra Sundar and Assist.pastor Rev.P.P.S.kiran. The church follows the Lutheran liturgical traditions.",te,True,0,Christ Lutheran Church,క్రీస్తు లూథరన్ చర్చి,False,True
రే-బాన్ సంస్థ వ్యవస్థాపకులు ఎవరు ?,"Leonardo Del Vecchio started the company in 1961, in Agordo north of Belluno, Italy; today the company is headquartered in Milan.",te,True,0,Leonardo Del Vecchio started the company in 196,లియోనార్డో డెల్ వెక్కో 196 లో కంపెనీని ప్రారంభించాడు,False,True
గుంటూరు జిల్లాలో మొత్తం ఎన్ని మండలాలు ఉన్నాయి?,"The district is divided into four Revenue divisions, namely, Guntur, Tenali, Narasaraopet and Gurazala. These are sub-divided into 57 Mandals, which are in turn divided as 57 Panchayat Samiti (Block)s, 712 villages and 14 towns. These 14 towns includes, 1 municipal corporation, 12 municipalities and 1 census town. Gurazala revenue division was newly formed in the year 2013. Guntur city is the only municipal corporation and district headquarter another Vaddeswaram is categorised as a census town. The 12 municipalities in the district are Mangalagiri, Sattenapalli, Tadepalle, Tenali, Ponnur, Bapatla, Repalle, Narasaraopet, Chilakaluripet, Vinukonda, Macherla, Piduguralla.",te,True,131,57,57 వ వంశం,False,True
ఉయ్యాలవాడ నరసింహారెడ్డి కి ఎంత మంది సంతానం?,"The father of Narasimha Reddy was related to the Polygar family of Uyyalawada in Koilkuntla taluk, Cuddapah district, and had married two daughters of the Polygar of Nossam. He had three sons, of whom Naramsimha was the youngest.",te,True,181,three sons,ముగ్గురు కుమారులు,False,True
కృష్ణా జిల్లాలో  గల గ్రామాల సంఖ్య ఎంత ?,Krishna district is located in the Coastal Andhra region of the state of the Indian state of Andhra Pradesh. The villages in the district are administered in 50 mandals.,te,True,158,50,50,False,True
2019లో మహబూబాబాదు జిల్లాలో మొతం ఎన్ని శాసనసభ నియోజకవర్గాలు ఉన్నాయి?,"Devarkadra Assembly constituency is a constituency of Telangana Legislative Assembly, India. It is one among 14 constituencies in Mahbubnagar district.It is part of Mahbubnagar Lok Sabha constituency.",te,True,109,14,పద్నాలుగు,False,True
బ్యోమకేష్ బక్షి నవల ఏ సంవత్సరంలో విడుదల అయింది ?,"Saradindu Bandopadhyay penned 32 Byomkesh stories from 1932 to 1970 prior to his death. In his early stories, Ajit Bandhopadhyay is described as his companion cum chronicler of his stories. But in some cases there Ajit also investigates in absence of Byomkesh (Makorshar Rosh, Shoilo Rahasya). These stories are all written in traditional Bengali language but later stories shift to colloquial language. It is also found that the later stories are not penned by Ajit, as he is much more engaged in his publication business.",te,True,55,1932,1932,False,True
కొడవటిగంటి కుటుంబరావు ఎప్పుడు మరణించాడు?,"Kodavatiganti Kutumba Rao (28 October 1909 – 17 August 1980), also known as Ko Ku, was an exponent of the Telugu literature in the 20th century. He believed that literature which criticises and enriches human life and ultimately reforms the human thought of its time is the only relevant form of literature.",te,True,45,17 August 1980,1980 ఆగస్టు 17,False,True
పరిటాల రవి ఎప్పుడు జన్మించాడు?,"Paritala Ravindra (30 August 1958 – 24 January 2005), popularly known as Paritala Ravi, was a dreaded factionist and later a politician in the state of Andhra Pradesh.",te,True,19,30 August 1958,"ఆగస్టు 30, 1958",False,True
టంగుటూరి ప్రకాశం పంతులుకి ఉన్న బిరుదు ఏమిటి?,"
Tanguturi Prakasam Pantulu (23 August 1872 – 20 May 1957) was an Indian politician and freedom fighter, chief minister of the Madras Presidency, and subsequently became the first chief minister of the new Andhra state, created by the partition of Madras State along linguistic lines. He was also known as ""Andhra Kesari"" (Lion of Andhra). The Andhra Pradesh government issued G.O RT-2500 on 10 August 2014 declaring his birth anniversary a state festival. Andhra Kesari 9 feet Statue in Parliament houses, Statue was Unveiled by Kocheril Raman Narayanan, Presidents of India on 5 May 2000. Andhra Kesari it was the first Biopic Movies on CMs, which was Directed by Vijayachander, It was released on 1 November 1983, the Andhra Pradesh Formation day.",te,True,307,Andhra Kesari,ఆంధ్ర కేసరీ,False,True
సత్యవతీ ఎం సిర్సత్ తండ్రి పేరు ఏమిటి?,"Daughter of the Chedi king, Vasu (also known as Uparichara Vasu) and a cursed ""apsara"" (celestial nymph) who was turned into a fish called Adrika, Satyavati was brought up as a commoner. She is the adopted daughter of a tribal fisherman chieftain, Dusharaj (also a ferryman) on the banks of the river Yamuna. Due to the smell emanating from her body, she was known as ""Matsyagandha"" (""She who smells like fish""), and helped her father in his job as a ferryman.",te,True,48,Uparichara Vasu,ఉపారిచర వాసు,False,True
ఆంధ్ర ప్రదేశ్ రాష్ట్రంలో ఇండియన్ ఇన్స్టిట్యూట్ ఆఫ్ పెట్రోలియం అండ్ ఎనర్జీ ఎక్కడ ఉంది?,"The university has been allotted 210 acres of land in Anthakapalli Village, near Sabbavaram mandal, Vishakhapatnam. IIPE has collaborated with oil majors like HPCL, IOCL, ONGC, GAIL, OIL, OIDB, BPCL, and the Ministry of Industry and Commerce and with an academic mentorship from IIT-Kharagpur till 2019.",te,True,54,Anthakapalli Village,ఆంథాకపల్లి గ్రామం,False,True
చిత్రదుర్గ నగరం ఏ రాష్ట్రంలో ఉంది ?,Chitradurga (also known locally as Durga) is a city and the headquarters of Chitradurga district which is located on the valley of the Vedavati river in the southern part of the Indian state of Karnataka. It is located about 200 km from the state capital Bengaluru.,te,True,194,Karnataka,కర్ణాటక,False,True
ముహమ్మద్ జహూర్ ఖయ్యాం ఎక్కడ జన్మించాడు?,"Khayyam was born as Sa'aadat Hussain in undivided Punjab in Rahon, a town in Nawanshahr District which was then the Nawanshahr tehsil of Jalandhar District.
As a boy Khayyam ran away to Delhi to learn music but was forced to return to complete his education. Khayyam then went to Lahore to learn music from the famous Baba Chishti.",te,True,60,Rahon,రాహన్,False,True
తుంగభద్ర నది పొడవు ఎంత?,"The river Tungabhadra derives its name from two streams viz., the Tunga, about 147 km (91.6 miles) long and the Bhadra, about 178 km (110.9 miles) long which rise in the Western Ghats. The river after the influence of the two streams near Shimoga, runs for about 531 km (330 miles) till it joins the river Krishna at Sangamaleshwaram in Andhra Pradesh. It runs for 382 km (237 miles) in Karnataka, forms the boundary between Karnataka and Andhra Pradesh for 58 km (36 miles) and further runs for the next 91 km (57 miles) in Andhra Pradesh. The total catchment area of the river is 69,552 km2 (26,856 Sq miles) up to its confluence with Krishna and it is 28,177 km2 (10,880 Sq miles) up to Tungabhadra Dam. It is influenced chiefly by the South-West monsoon. It is a perennial river but the summer flows dwindle to as low as 2.83 to 1.42 cumec (100 to 50 cusec).",te,True,79,147 km (91.6 miles),147 కిలోమీటర్లు (91.6 మైళ్ళు),False,True
కోడలు దిద్దిన కాపురం సినిమా ఎప్పుడు విడుదలైంది?,"Kodalu Diddina Kapuram (; ) is a 1970 Telugu drama film, produced by N. Trivikrama Rao under the NAT & Ramakrishna Cine Studios banner and directed by D. Yoganand. It stars N. T. Rama Rao, Savitri, Vanisri in the lead roles and music composed by T. V. Raju. The film was recorded as a ""Super Hit"" at the box office.",te,True,33,1970,1970లో,False,True
కొయ్యూరు మండలానికి దక్షిణాన ఉన్న మండలం ఏది?,Koyyuru is a village and a Mandal in Visakhapatnam district in the state of Andhra Pradesh in India.,te,True,37,Visakhapatnam,విశాఖపట్నం,False,True
శ్రీకాకుళం జిల్లాకు ఉత్తరాన ఉన్న జిల్లా ఏది?,"Srikakulam district has the longest coastline (about ) in the state of Andhra Pradesh. It is bordered by Odisha on the north, Vizianagaram district on the west and south, Bay of Bengal on the east.",te,True,171,Bay of Bengal,బెంగాల్ బే,False,True
కొడవటిగంటి కుటుంబరావు జన్మస్థలం ఏది ?,"The era when he was born and grown was the time when there were reforms in Telugu society and also in India. His elder brother Kodavatiganti Venkatasubbaya was also a great essayist, and was also a member of 'Sahiti Samiti' because of which he was familiar with literature.",te,True,75,Telugu society,తెలుగు సమాజం,False,True
2011లో పెంటపాడు గ్రామంలో స్త్రీ ల సంఖ్య ఎంత?," Census of India, Pentapadu had a population of 12889. The total population constitute, 6377 males and 6512 females with a sex ratio of 1021 females per 1000 males. 1273 children are in the age group of 0–6 years, with sex ratio of 958 The average literacy rate stands at 75.35%..
",te,True,103,6512,6512,False,True
2016లో వికారాబాదు జిల్లా కలెక్టర్ ఎవరు?,The district will have two revenue divisions of Tandur and Vikarabad. It is sub-divided into 18 mandals. Syed Omer Jaleel is the present collector of the district.,te,True,105,Syed Omer Jaleel,సయీద్ ఒమర్ జలేల్,False,True
కథానాయిక లయ ఎప్పుడు పుట్టింది?,"Laya Lewis (born 14 May 1992 in London) is an English actress, best known for her role as Liv Malone in the fifth and sixth series of the hit British TV drama ""Skins"".",te,True,17,14 May 1992,1992 మే 14,False,True
మహబూబ్ నగర్ జిల్లాకు గల ఇంకో పేరేమిటి?,"Mahbubnagar is also known with the name, ""Palamoor"". The city also has an older name ""Rukmammapet.""",te,True,41,"""Palamoor""","""పాలమోర్""",False,True
అస్సాం మెయిల్‌ ట్రైన్ ను ఎప్పుడు ప్రారంభించారు?,The Assam Mail was one of the better known metre gauge trains in the Indian Railway system that was there from the pre-independence days. The train was discontinued in 1986 with the completion of the broad gauge conversion of the meter gauge line to Dibrugarh.,te,True,115,pre-independence,స్వతంత్రతకు ముందు,False,True
నాగర్‌కర్నూల్ జిల్లాలో ఎన్ని మండలాలు ఉన్నయి?,"The district has three revenue divisions of Achampet, Nagarkurnool and Kalwakurthy and is sub-divided into 20 mandals. E.Sridhar is the present collector of the district.",te,True,107,20,20,False,True
అల్లు శిరీష్ నటించిన మూడవ చిత్రం ఏంటి?,"Sirish's debut film was directed by Radha, a Mohasocial l drama ""Gouravam"", which was a bi-lingual film shot in Telugu and Tamil, produced by Prakash Raj. In 1 May 2014, his second film ""Kotha Janta"" was released, starring Regina Cassandra. His third film is ""Srirasthu Subhamastu"", which is a family entertainer. He acted with Mohanlal in a film called ""1971 Beyond Borders"", which was his Malayalam debut. He played a role of soldier for the first time. In 2017, December 28 his film ""Okkakshanam"" was released, which was directed by VI Anand and the casting includes Surabhi, Seerat Kapoor and Srinivas Avasarala. The film is a scientific thriller based on the concept of parallel lives.",te,True,260,Srirasthu Subhamastu,శ్రీరాష్ట్రు సుభమాస్తూ,False,True
2018 వరకు పద్మ శ్రీ అవార్డును ఎంతమంది అందుకున్నారు?,", 2840 people have received the award.",te,True,2,2840,2840,False,True
2018లో కృష్ణా జిల్లాలో ఎన్ని శాసనసభ నియోజక వర్గాలు ఉన్నాయి?,"Mylavaram mla Devineni Uma 
Mylavaram Assembly constituency is a constituency of the Andhra Pradesh Legislative Assembly, India. It is one of 16 constituencies in the Krishna district.",te,True,142,16,16,False,True
కాళ్ళ మండలం ఏ రెవెన్యూ పరిధిలోకి వస్తుంది?,Kalla Mandal is administered under Undi (Assembly constituency) of Narsapuram (Lok Sabha constituency) and one of the twelve Mandals that falls under Narasapuram revenue division.,te,True,150,Narasapuram,నారాసపురం,False,True
విశాఖపట్నం జిల్లాలో ఎన్ని రెవిన్యూ మండలాలు ఉన్నాయి?,There are 13 mandals under the administration of Visakhapatnam revenue division. They are:,te,True,10,13,13,False,True
పశ్చిమ గోదావరి జిల్లాలో ఎన్ని రెవెన్యూ మండలాలు ఉన్నాయి?,The list of 48 mandals in West Godavari district under 5 revenue divisions are listed in the following table:,te,True,55,5,5,False,True
చక్రం చిత్రం ఏ సంవత్సరంలో విడుదల అయ్యింది?,Chakram is a Telugu drama film which released on 25 March 2005 and was written & directed by Krishna Vamsi. Prabhas played the lead role while Charmy Kaur and Asin played the female leads. The film was later dubbed into Hindi under the same name by Goldmines Telefilms in 2013.,te,True,49,25 March 2005,2005 మార్చి 25,False,True
విశాఖపట్నం జిల్లాలోని ఇందిరా గాంధీ జూలాజికల్ పార్క్ ను ఎప్పుడు ప్రారంభించారు?,"The zoological park is named after the former Prime Minister of India, Indira Gandhi. It was declared open to the public on 19 May 1977. It covers an area of . It is situated in Visakhapatnam amidst the scenic Eastern Ghats of India. It is surrounded by the Eastern Ghats on three sides and Bay of Bengal on the fourth side. Nearly eighty species of animals numbering to about eight hundred are present in the zoo. The Zoo Park has different sections for primates, carnivores, lesser carnivores, small mammals, reptiles, ungulates and birds caged in their natural ambiance.",te,True,124,19 May 1977,1977 మే 19,False,True
కృష్ణా నది పుష్కరాలు ఎన్ని సంవత్సరాలకు ఒకసారి జరుగుతుంది?,"Krishna Pushkaralu is a festival of River Krishna which normally occurs once in every 12 years and is celebrated with much glory. The Pushkaram is observed for a period of 12 days from the time of entry of Jupiter into Virgo (""Kanya"" rasi). The festival is ""theoretically"" observed throughout the twelve months that the planet remains in that sign, but the first 12 days are considered most sacred as per the beliefs of Indians. Pushkaram has been an age old practice in southern states Andhra Pradesh, Karnataka and Telangana. In 2016, the celebration started on 12 August and ended on 23 August.",te,True,86,12,12,False,True
పొట్టి శ్రీరాములు తెలుగు విశ్వవిద్యాలయము ఎక్కడ ఉంది?,"It was established as ""Telugu University"" on 2 December 1985 through an Act of Legislation (Act No. 27 of 1985) by the State Legislature of the-then united Andhra Pradesh with headquarters at Hyderabad and campuses at Sri Sailam and Rajahmundry. The School of Folk and Tribal Lore was established at Warangal during the year 1994. This University was founded with the broad objectives of serving the cause of the Telugu people, both within the State and outside. For this purpose, the state government has merged the Sahitya, Sangeeta, Nataka, Nritya and Lalita Kala Academies, International Telugu Institute and Telugu Bhasha Samiti into the University. Thus, the University was established to function as a central organization for teaching and research in Language and Literature, History and Culture, Fine Arts and Performing Arts, religion and philosophy of the Telugu speaking people. It strives to inculcate a sense of identity in them as citizens of India and as responsible representatives of Andhra Pradesh and Telangana. This University was renamed as ""Potti Sreeramulu Telugu University"" in the year 1998. The University Grants Commission has recognized the University as fit to receive financial grants since 2 May 1990.",te,True,218,Sri Sailam and Rajahmundry,శ్రీ సైలం మరియు రాజాఖ్ ముంద్రి,False,True
తూర్పు మధ్య రైల్వే పొడవు ఎంత?,"First set up on September 8, 1996 with Headquarters at Hajipur, Bihar, East Central Railway became operational on 1stOctober, 2002 by carving out areas from Eastern and North Eastern Railway zones currently consists of the divisions viz. Dhanbad, Danapur, Mughalsarai of Eastern Railway and Sonpur and Samastipur of North Eastern Railway. The last 13 years of its existence has been full of challenges and every obstacle was dealt in a dedicated manner despite constraints of work force and infrastructure. ECR, has a vast network of 5402.693 track kilometers and 3707.988 route kilometers encompassing the states of Bihar, Jharkhand, Uttar Pradesh and Madhya Pradesh. Out of 3707.988 Route km, 1572.202 km have been electrified. ECR has been lifeline for the people in its expanse and is playing a pivotal role in rapid development of the area. The development of infrastructure has been the major thrust area to bring about a rapid growth rate in the region and prosperity to the people. In the field of construction of new lines, doubling, gauge conversion, construction of bridges/road-over bridges, new workshop projects, Other than this qualitative and perceptible improvement in safety, cleanliness, catering, passenger amenities have been achieved to a large extent. ECR is unique in the sense that both Goods loading and Passenger traffic assume great importance in view of the huge coal loading in the coal bearing of Dhanbad division of Jharkhand state and densely populated area of Bihar. The rapid growth in both the sectors has necessitated strengthening of infrastructure of Railways. Further ECR also has uniqueness of acting as a gateway to Nepal with International traffic catering to the movement of export traffic and passengers to Nepal and vice versa.",te,True,534,5402.693 track kilometers and 3707.988 route kilometers,"5402,693 ట్రాక్ కిలోమీటర్లు మరియు 3707.988 రూట్ కిలోమీటర్లు",False,True
కర్నూలు జిల్లాలో గల మండలాలు ఎన్ని ?,"Kurnool District has 3 Revenue Divisions viz., Kurnool, Nandyal, Adoni divisions. The district has 54 mandals and 53 Panchayat Samitis (Blocks) under these revenue divisions. It also has a Municipal Corporation of Kurnool and 4 municipalities namely, Nandyal, Adoni, Yemmiganur and Dhone. There are 899 gram panchayats that include 7 notified and 862 non-notified, alongside 920 revenue villages and 615 hamlets.",te,True,99,54,54 వ వంశం,False,True
దక్షిణ తీర రైల్వే జోన్ ఎప్పుడు ఏర్పడింది?,"The Southern Railway (abbreviated SR), headquartered at Chennai, is one of the 17 zones of Indian Railways. It is the earliest of the 17 zones of the Indian Railways created in independent India. It was created on 14 April 1951 by merging three state railways, namely, the Madras and Southern Mahratta Railway, the South Indian Railway Company, and the Mysore State Railway. The South Indian Railway was originally created in the British colonial times as Great Southern India Railway Co founded in Britain in 1853 and registered in 1859. Its original headquarters was in Tiruchirappalli (Trichy) and was registered as a company in London only in 1890. At present, after re-organization of existing railway zones and creation of new zones undertaken by the Indian Railways between 2002-03, Southern Railway has emerged as the 2nd largest zone after undertaking some gauge conversion projects and creation of new lines.",te,True,214,14 April 1951,"ఏప్రిల్ 14, 1951",False,True
వేదాంతం సత్యనారాయణ శర్మ గారి జన్మస్థలం ఏది ?,"Satyanarayana Sarma was born on 9 September 1935 at Kuchipudi, a small village in Krishna district of the south Indian state of Andhra Pradesh in ""Vedantam"" family which is known for its Kuchipudi tradition, to Vedantam Venkataratnam and Subbamma. He started training Kuchipudi at the age of five under his elder brother, Vedantam Prahalada Sarma, and later trained under known exponents, Vedantam Lakshminarayana Sastri and Chinta Krishnamurthy. He also did training in classical music under Yeleswarapu Seetharamanjaneyulu and Sishta Brahmaiah Sastry, as ""Bhagawata Melam"" (Kuchipudi Yakshagaanam), a dance-drama format of Kuchipudi required the performer to sing as well. He made his debut at the age of fourteen, performing in two melams, ""Harischandra"" and ""Ramanatakam"", staged at a local temple by the group led by Pasumarthy Kondalarayudu. His first major performance came at the age on nineteen, when he portrayed the role of ""Parvathi"" in ""Usha Parinayam"", staged in Sapru House, Delhi.",te,True,52,Kuchipudi,కుచిపూడి,False,True
తాళ్ళూరు మండలం ఏ రాష్ట్రంలో ఉంది?,"Thullur mandal is one of the 57 mandals in Guntur district of the Indian state of Andhra Pradesh. It is under the administration of Guntur Revenue Division and the headquarters are located at Thullur. The mandal is situated on the banks of Krishna River, bounded by Amaravathi, Tadikonda, Tadepalle and Mangalagiri mandals. The mandal is also a part of the new capital city of Andhra Pradesh to be developed. 18 villages from the mandal fall under the jurisdiction of Andhra Pradesh Capital City.",te,True,82,Andhra Pradesh,ఆంధ్రప్రదేశ్,False,True
బాపట్ల మండలంలోని గ్రామాల సంఖ్య ఎంత ?," census, the mandal has 21 settlements. It includes 20 villages and 1 town of Bapatla.",te,True,52,20,20,False,True
కవిసమ్రాట్ విశ్వనాథ సత్యనారాయణ మొత్తం ఎన్ని రచనలు చేసాడు?,"Viswanatha's literary works includes 30 poems, 20 plays, 60 novels, 10 critical estimates, 200 Khand kavyas, 35 short stories, three playlets, 70 essays, 50 radio plays, 10 essays in English, 10 works is Sanskrit, three translations, 100 introductions and forewords as well as radio talks. Some of his poems and novels have been translated into English, Hindi, Tamil, Malayalam, Urdu and Sanskrit.",te,True,57,60,60,False,True
ప్రపంచంలోనే అత్యంత పొడవైన వృక్షం పేరేమిటి?,"Hyperion is the name of a coast redwood (""Sequoia sempervirens"") in California that was measured at , which ranks it as the world's tallest known living tree.",te,True,0,Hyperion,హైపెరియోన్,False,True
పెళ్లి పందిరి చిత్రం ఎప్పుడు విడుదలైంది?,"Pelli Pandiri (English: ""Wedding Pandal"") is a 1997 Telugu drama film, produced by G. Aswartha Narayana Babu, M. C. Shekar and S. Ramesh Babu under the SRS Art Movies banner, directed by Kodi Ramakrishna. It stars Jagapati Babu, Raasi and Prithiveeraj in the lead roles, with music composed by Vandemataram Srinivas. The film is a remake of the Kannada film ""Anuraga Sangama"", which itself was inspired by the Charlie Chaplin-starrer ""City Lights"".",te,True,47,1997,1997,False,True
బహుమతి చిత్రం ఎప్పుడు విడుదలైంది?,"Bahumati is an Indian romantic comedy-drama, released in 2007. The film is both written and directed by S. V. Krishna Reddy under R.R Movie Makers. The film stars Venu Thottempudi, Sangeetha, Shabana Khan and Ali. It is a remake of the 1994 film ""It Could Happen to You"".",te,True,57,2007,2007 సంవత్సరము,False,True
తెలుగు విశ్వవిద్యాలయం ఎక్కడ ఉంది?,"It was established as ""Telugu University"" on 2 December 1985 through an Act of Legislation (Act No. 27 of 1985) by the State Legislature of the-then united Andhra Pradesh with headquarters at Hyderabad and campuses at Sri Sailam and Rajahmundry. The School of Folk and Tribal Lore was established at Warangal during the year 1994. This University was founded with the broad objectives of serving the cause of the Telugu people, both within the State and outside. For this purpose, the state government has merged the Sahitya, Sangeeta, Nataka, Nritya and Lalita Kala Academies, International Telugu Institute and Telugu Bhasha Samiti into the University. Thus, the University was established to function as a central organization for teaching and research in Language and Literature, History and Culture, Fine Arts and Performing Arts, religion and philosophy of the Telugu speaking people. It strives to inculcate a sense of identity in them as citizens of India and as responsible representatives of Andhra Pradesh and Telangana. This University was renamed as ""Potti Sreeramulu Telugu University"" in the year 1998. The University Grants Commission has recognized the University as fit to receive financial grants since 2 May 1990.",te,True,192,Hyderabad,హైదరాబాద్,False,True
ఘటోత్కచుడు ఏ రాజ్యానికి రాజు ?,"Ghatotkacha (IAST: Ghaṭotkaca, r. c. late 3rd century - early 4th century) was a pre-imperial Gupta king of northern India. He was a son of the dynasty's founder Gupta, and the father of the dynasty's first emperor Chandragupta I.",te,True,117,India,భారతదేశం,False,True
కులికుతుబ్ షా ఎప్పుడు జన్మించాడు ?,"Muhammad Quli Qutb Shah (156511 January 1612) was the fifth sultan of the Qutb Shahi dynasty of Golkonda and founded the city of Hyderabad, in South-central India and built its architectural centerpiece, the Charminar and Mecca Masjid. He was an able administrator and his reign is considered one of the high points of the Qutb Shahi dynasty. He ascended to the throne in 1580 at the age of 15 and ruled for 31 years.",te,True,25,1565,1565,False,True
నేరెళ్ళ వేణుమాధవ్ జన్మస్థలం ఏది ?,"Nerella Venu Madhav was born in Mattewada, Warangal, Hyderabad state to an industrialist, Hari and Srilakshmi. His father had a great admiration for literature. He completed his matriculation in 1950, and joined Warangal Arts and Science College for bachelors degree in 1952. The principal of the college, B. V. Ram Narasu was very impressed by his talent, and even presented him ₹60 as scholarship for good conduct, despite opposition from some lecturers. He encouraged him to take up mimicry. As a young boy, he used to play pranks by imitating people in his village to perfection. He used to mimic the people who visited his house and friends.",te,True,32,"Mattewada, Warangal, Hyderabad","మత్తెవాడా, వారంగల్, హైదరాబాద్",False,True
సాలూరు రాజేశ్వరరావు ఎప్పుడు చనిపోయాడు?,"Salur Rajeswara Rao (11 October 1922 – 25 October 1999) was an Indian composer, multi instrumentalist, conductor singer-songwriter, actor, music producer, and musician known for his works predominantly in South Indian cinema. Regarded as one of the finest music composers, Rao's works are noted for integrating Indian classical music in Telugu cinema for over half a century.",te,True,39,25 October 1999,1999 అక్టోబర్ 25,False,True
రామాపురం గ్రామం దేనికి ప్రసిద్ధి?,"Ramapuram is also famous for Arasamaram Temple which was nearly 100 years old and Lakshmi Narasimha Perumal Temple (Lakshmi Narasimhan idol is approximately 2000 years old). The neighbourhood is surrounded by big hospitals like MIOT, SRM & Large organizations like L&T Infotech, IBHYA, and DLF IT PARK are also located in Ramapuram. Educational institutes include SRM University and SRM Easwari Engineering college, which is also located in the SRM campus and is affiliated to Anna University, Chennai.",te,True,29,Arasamaram Temple,అరాసమరాం ఆలయం,False,True
శ్రీ మహాలక్ష్మీ వ్రతాన్ని ఏ నెలలో జరుపుకుంటారు ?,"Mahalakshmi Vratha or Varalaksmi Vratha is a sacred day in Hinduism. The ceremony is performed by men or women (typically married Hindu ladies) on the Friday before the full moon in the month of Shravana in the Hindu calendar (corresponding to August/September in the western calendar). Those who cannot perform it on that day, can do it on any other Friday in that month. This is an important ""Vratha"", meaning a vowed religious observance in Sanskrit. Varamahalakshmi Vratha is performed more commonly in the southern Indian states of Andhra Pradesh, Karnataka, Tamil Nadu and also in parts of Maharashtra and Odisha. The 2017 dates are August 17-September 12.",te,True,151,Friday before the full moon in the month of Shravana in the Hindu calendar,హిందూ క్యాలెండర్ లో శ్రావణ నెలలో పూర్తి చంద్రుడు రాక ముందు శుక్రవారం,False,True
తూర్పు గోదావరి జిల్లాకి పశ్చిమాన ఉన్న జిల్లా ఏది ?,"West Godavari district or Paschima Godavari Jilla is one of the 13 districts in the Indian state of Andhra Pradesh. The district is situated in Coastal Andhra region of the state. The administrative headquarters of the district is situated at Eluru. census of India, the district has an area of and a population of 3,936,966. It is bounded by Krishna district on the west, East Godavari district on the east, Bay of Bengal on the south and the state of Telangana on the north.",te,True,26,Paschima Godavari Jilla,పాషిమా గోదావరి జిల్లా,False,True
స్వాగతం చిత్రం ఏ సంవత్సరంలో విడుదలైంది?,"Swagatam (English: ""Welcome"") is a 2008 Telugu film produced by Adityaram on Adityaram Movies banner and directed by Dasarath. Starring Jagapati Babu, Anushka Shetty, Bhumika Chawla in lead roles and music composed by R. P. Patnaik.",te,True,35,2008,2008 సంవత్సరము,False,True
ఇబ్రాహీం పట్నం ఏ రాష్ట్రంలో ఉంది?,Ibrahimpatnam is a town is a suburb of Hyderabad in Ranga Reddy district of the Indian state of Telangana. It is located in Ibrahimpatnam mandal of Ibrahimpatnam revenue division.,te,True,96,Telangana,తెలంగాణ,False,True
గుంటూరు జిల్లా లో ఎన్ని నియోజకవర్గాలు ఉన్నాయి?,"Guntur East (Assembly constituency) is a constituency of the Andhra Pradesh Legislative Assembly in India. It is one of 17 constituencies in the Guntur district of Andhra Pradesh and also one of the seven assembly segments of Guntur (Lok Sabha constituency). Earlier called as ""Guntur-I (Assembly Constituency)"", it has undergone some minor changes in the ""Delimitation of Parliamentary and Assembly Constituencies Order, 2008"" and was named as ""Guntur East (Assembly Constituency)"" as per the ""Delimitation of Parliamentary and Assembly Constituencies Order, 2008"". It covers Guntur mandal (Part), Guntur (M.Corp) (Part) and Guntur (M.Corp) - Ward No.7 to 23.",te,True,120,17,17 వ వచనము,False,True
నేరెళ్ళ వేణుమాధవ్ కి ఉన్న బిరుదు పేరేంటి?,"Nerella Venu Madhav (28 December 1932 – 19 June 2018) was an Indian impressionist and ventriloquist. He rose to popularity imitating celebrities, politicians, local dialects, Nizams and was the first to perform at the United Nations headquarters. He started a diploma course at Telugu University, a first in the world. He is often regarded as father of Indian Mimicry. He is also hailed as the pioneer and maestro of mimicry in India.",te,True,343,father of Indian Mimicry,భారతీయ మిమిక్రి యొక్క తండ్రి,False,True
ప్రధాన ఎన్నికల కమిషనర్ పదవీకాలం ఎంత?,The President of Pakistan appoint the Chief Election Commissioner and four members of Election Commission of Pakistan. The Prime Minister and Leader of the Opposition in the National Assembly recommends three names for appointment of CEC and for each Member to a parliamentary committee for hearing and confirmation of any one person against each post. The parliamentary committee consisting of 12 members is constituted by the Speaker of National Assembly comprising 50% members from treasury benches and 50% from opposition parties out of which one-third shall be from Senate. the Chief Election Commissioner have tenure of 5 years [. The Chief Election Commissioner enjoy the same official status as available to Judges of the Supreme Court of Pakistan The Chief Election Commissioner can be removed by the President of Pakistan or Supreme Court of Pakistan or through an impeachment in National Assembly of Pakistan.,te,True,626,5 years,5 సంవత్సరాలు,False,True
చంద్రగిరి కోటను ఎవరు కటించారు?,"Chandragiri Fort is a historical fort, built in the 11th century located in Chandragiri, Tirupati in Andhra Pradesh, India. Tough mostly associated with Vijayanagara Kings it was built much earlier in 11th century by Yadava Naidu kings.",te,True,217,Yadava Naidu kings,యాదవ్ నాయిడు రాజులు,False,True
ఇ. వి. వి సత్యనారాయణ ఎక్కడ జన్మించాడు?,"Satyanarayana was born in Dommeru Village, West Godavari District, Andhra Pradesh, India, to Venkat Rao and Venkata Ratnam and later moved to Korumamidi village near Nidadavole with his family.
He has two younger brothers, E V V Giri and E Srinivas, and a sister, M. Manga. His two brothers work in the film industry as still photographers. 
His passion for films did not let him concentrate on his studies. Deciding to test his luck in the Telugu film industry, E V V discontinued his studies after Intermediate and moved to Chennai.",te,True,26,"Dommeru Village, West Godavari District, Andhra Pradesh, India",భారత్ లోని ఆంధ్రప్రదేశ్ లోని పశ్చిమ గోదావరి జిల్లాలోని డోమెరు గ్రామం,False,True
మహర్షి చిత్రం ఎప్పుడు విడుదల అయ్యింది?,"Maharshi is an upcoming 2019 Indian Telugu film written and directed by Vamsi Paidipally and produced by C. Ashwini Dutt, Dil Raju and Prasad V. Potluri, under the banners of Vyjayanthi Movies, Sri Venkateswara Creations and PVP Cinema. The film stars Mahesh Babu and Pooja Hegde in lead roles, with Allari Naresh acting in a prominent role. The music of the film is composed by Devi Sri Prasad.
It is yet to be released on April 2019.",te,True,424,April 2019,ఏప్రిల్ 2019,False,True
నందిగామ మండలం లోని గ్రామాల సంఖ్య ఎంత ?," census, the mandal has 26 settlements, which includes 1 town and 25 villages.",te,True,66,25,25,False,True
వి. జి. సిద్ధార్థ యొక్క జన్మస్థలం ఏది ?,"Siddhartha (now known V. G. Siddhartha) was born in Chikkamagaluru district in Karnataka state in a lush green malenadu region. He obtained a master's degree in economics from Mangalore University, Karnataka. He is married to daughter of S. M. Krishna, the former Chief Minister of Karnataka, Indian Minister for External Affairs and Governor of Maharashtra.",te,True,52,Chikkamagaluru district in Karnataka state,కర్ణాటక రాష్ట్రంలోని చిక్కమగళూరు జిల్లా,False,True
ధూళిపాళ సీతారామ శాస్త్రి  తండ్రి పేరు ఏమిటి?,"He was born on 24th September, 1921 to Sri. Sankaraiah and Smt. Ratnamma of Dachepalli village in Palnadu taluk of Guntur District, Andhra Pradesh, India, where he studied till 8th standard. Later, he spent one year in Sankara Vidyalayam, Bapatla, Andhra Pradesh studying Vedas. Subsequently, he worked as an Advocate's clerk simultaneously entering the stage, initially portraying female characters. He was introduced to film industry by his preceptor Mr. Gayudu, who was a famous actor, director, writer, singer and music composer too. Initially, Mr. Gayudu was selected for the role of Bheeshma in the movie Bheeshma and N. T. Rama Rao was offered the role of Duryodhana, but, due to a conspiracy, the Art Director of the movie, Mr. Vali, was arrested and a deal was made with Mr. Gayudu that if he drops out of the role of Bheeshma which he was offered and instead play the role of Duryodhana, he could get the former released. But Mr. Gayudu wasn't ready to accept the deal but for the sake of his friend Mr. Vali, he dropped out of the movie stating, his student Dhulipala, is capable enough to play Duryodhana. Hence, Dhulipala who was popular on the stage in the role of Duryodhana, made his debut with that film. Mr. Gayudu was the first choice for every lead role in mythological movies but his family members didn't want him to enter the film industry as they feared for his well being after his uncle, the great actor Dommeti Surya Narayana was assassinated for suspicious reasons so they concealed every letter and telegram that they received offering him the chance to work for their movies. 
Dhulipala entered film industry in 1960, with the movie Bhishma, portraying the role of Duryodhana. He acted in around 300 movies and won several accolades and awards. He was a staunch devotee of Hanuman and was inspired by Swami Jayendra Saraswati of Kanchi Kamakoti Peetham to take sanyas in 2001 and establish Maruthi Ashram at Guntur City. He passed away on 13th April, 2007. He was survived by his wife and two sons.",te,True,39,Sri. Sankaraiah,శ్రీ. శంఖరాయ,False,True
స్వీడన్ మొట్టమొదటి ప్రధానమంత్రి ఎవరు?,"The Prime Minister (, literally ""Minister of the State"") is the head of government in Sweden. Before the creation of the office of a Prime Minister in 1876, Sweden did not have a head of government separate from its head of state, namely the King, in whom the executive authority was vested. Louis Gerhard De Geer, the architect behind the new bicameral Riksdag of 1866 that replaced the centuries-old Riksdag of the Estates, became the first officeholder in 1876.",te,True,292,Louis Gerhard De Geer,లూయిస్ గెర్హార్డ్ డి గేర్,False,True
పవిత్ర చిత్రం ఎప్పుడు విడుదల అయింది ?,"Pavitra is a 1986 Telugu drama film, produced by B. R. Mohan and K. K. Viswanatham under the Vijaya Lakshmi Art Creations banner and directed by Vinay. It stars Rajendra Prasad, Chandra Mohan and Bhanupriya in the lead roles, with music composed by Krishna-Chakra. The film is a remake of the Tamil film ""Ingeyum Oru Gangai"" (1984).",te,True,13,1986,1986,False,True
చింతపల్లి మండలంలోని  మొత్తం గ్రామాల సంఖ్య ఎంత ?," census, the mandal has 35 settlements. Chintalapudi is the most populated and Gonnepalle is the least populated village in the mandal.",te,True,24,35,35,False,True
గాయం చిత్రం ఎప్పుడు విడుదలైంది?,"Gaayam () is a 1993 Telugu political thriller film, based on the 1980s Vijayawada Gang Warfare. Directed by Ram Gopal Varma, and story co-written by himself and Mani Ratnam, it stars Jagapathi Babu, Revathi, and Urmila Matondkar in pivotal roles. Upon its release, the film received positive reviews, with six state Nandi Awards, and recorded as ""Super Hit"" at the box office.",te,True,15,1993,1993,False,True
నాయకుడు – వినాయకుడు చిత్రం ఎప్పుడు విడుదలైంది?,"Nayakudu Vinayakudu is a 1980 Telugu comedy film, produced by A. V. Subba Rao under the Prasad Art Productions banner and directed by K. Pratyagatma. It stars Akkineni Nageshwara Rao, Jayalalitha in the lead roles and music composed by T. Chalapathi Rao.",te,True,25,1980,1980,False,True
గంగవరం మండలానికి ఉత్తరాన ఉన్న మండలం ఏది?,"Ganaga-varam is a village and mandal located in East Godavari district of Andhra Pradesh, India.
",te,True,0,Ganaga-varam,గనాగా-వరం,False,True
ఉండ్రాజవరం మండలంలోని గ్రామాల సంఖ్య ఎంత ?," census, the mandal has 15 settlements. Undrajavaram is the most populated and Dammennu is the least populated village in the mandal.",te,True,24,15,15,False,True
సామ్రాజ్యం చిత్రం ఎప్పుడు విడుదల అయ్యింది?,"Samrajyam (, ) is a 1990 Indian Malayalam-language gangster film directed by Jomon. The film stars Mammootty as Alexander, a powerful underworld don.",te,True,20,1990,1990,False,True
సురవరం ప్రతాపరెడ్డి తల్లిదండ్రుల పేర్లేమిటి?,"Pratapareddy was born on 28 May 1896 in Boravelli village in Gadwal district of erstwhile Hyderabad State. 
His mother was Rangamma and father was Narayanareddy. Their native village was Itikalapadu in the district
of Mahabubnagar. Pratapareddy completed his primary education at his uncle Ramakrishnareddy's residence in Kurnool. He studied Sanskrit literature and grammar under the guidance of Vellala Sankarasastri. Later he finished his FA at Nizam College, Hyderabad. Then he obtained BA and BL degrees from Presidency College, Madras and became a lawyer for a short while.",te,True,147,Narayanareddy,నారాయణరెడ్డి,False,True
సింగిరెడ్డి నారాయణరెడ్డి విశ్వంభర ను ఎప్పుడు రచించాడు?,"Reddy's first published work was a poetry collection ""Navvani Puvvu"" (""The Bashful Flower"") in 1953 and later went on to publish several other works like ""Vennela Vada"" (""The Monnlight Town"", 1959), ""Jalapatam"" (""The Waterfall""), ""Divvela Muvvalu"" (""Candle Bells"", 1959), ""Ritu Chakram"" (""Cycle of Seasons"", 1964), ""Madhyataragati Mandahasam"" (""The Smile of the Middle Class"", 1968), and ""Mantalu Manavudu"" (""Flames and the Man"", 1970). His 1980 published poetic work ""Viswambhara"" (""The Earth"") received wide critical acclaim and has been translated into several Indian languages. The Sahitya Akademi appreciated it as ""monumental work in free verse depicts the journey of man through the ages as he strives to attain spiritual, artistic, and scientific excellence.""",te,True,441,1980,1980,False,True
ఎర్రసైన్యం చిత్రం ఏ సంవత్సరంలో విడుదలైంది?,"R. Narayana Murti (born 31 December 1954) is an Indian film actor, director, composer, singer and producer known for his works, predominantly in Telugu Cinema. He owns a film production company called ""Sneha Chitra Pictures"". He is known for left-oriented films that expose the exploitation of society's lower strata. His films tend to revolve around themes like the atrocities of the hegemonic classes against the helpless and in recent times, Telangana Movement. In 1994, his directorial ""Erra Sainyam"", premiered at the International Film Festival of India in the mainstream section.",te,True,468,1994,1994,False,True
అయ్యంకి వెంకట చలపతి రావు జన్మస్థలం ఏది ?,"Iyyanki Venkata Chalapati Rao, better known as I. V. Chalapati Rao, (Born 25 April 1923 in Kakinada, Andhra Pradesh, India – Died 27 April 2016 in Hyderabad) was an Indian scholar, public speaker, teacher and editor. He authored over 25 books on education, communication, management and biography. He also reviewed and wrote prefaces and forewords to over one hundred books of well-known writers in English and Telugu.",te,True,91,"Kakinada, Andhra Pradesh, India","కాకినాడా, ఆంధ్రప్రదేశ్, భారతదేశం",False,True
మా పసలపూడి కథలు పుస్తకమును ఎవరు రచించారు?,"He has published a short stories compilation called ""Maa Pasalapudi Kathalu"". Besides that compilation, Vamsy has written a wide variety of short stories since 1974 when he was 18 years old. His major works include ""Mahallo kokila"", ""Manchupallaki"", ""Aa Naati Vaana Chinukulu"", ""Venditera Kathalu"" (original scripts of ""Sankarabharanam"" and ""Anveshana""), ""Vennela Bomma"", ""Gokulam lo Radha"", ""Ravvala konda"", ""Sree seetarama lanchi service Rajahmundry"", ""Manyam rani"", ""Rangularatnam"". He has penned around 150 short stories published in swathi weekly under title ""Maa Diguwa Godavari Kathalu"" For his contributions to the art of story telling with a native approach through his books he was bestowed with ""Sripada Puraskhaaram"" at Rajamundry on 17 April 2011.",te,True,104,Vamsy,వామ్సీ,False,True
1990 నాటికి ఆఫ్రికాలో అతిపెద్ద జనాభా కలిగిన దేశం ఏది?,"various archipelagos. It contains 54 fully recognised sovereign states (countries), nine territories and two ""de facto"" independent states with limited or no recognition. The majority of the continent and its countries are in the Northern Hemisphere, with a substantial portion and number of countries in the Southern Hemisphere. Africa's average population is the youngest amongst all the continents; the median age in 2012 was 19.7, when the worldwide median age was 30.4. Algeria is Africa's largest country by area, and Nigeria is its largest by population. Africa, particularly central Eastern Africa, is widely accepted as the place of origin of",te,False,-1,Nigeria,నైజీరియా,True,False
2010 నాటికీ వ్యవసాయ రంగంలో చైనా దేశం ఎన్నో స్థానంలో ఉంది?,"A country with In [[2010]] China was ranked as the world's largest consumer of electricity. Coal-based power generation meets 70% of electricity needs. In [[2013]] China surpassed the US in oil imports. Significant changes have occurred in this. Credit Suisse reports that the total value of online transfers has grown significantly since 2008. Remittances from 3 trillion in 2008 reached 660 billion US dollars by [[2012]]. China's online payments market is dominated by Ali Pay, Ten Play and China Union Play. China is a member of the ""World Trade Organization"" and is the world's largest trading power. [[2012]] The total value of China's international trade is 3.87 trillion. In [[2012]] China is the number one destination for foreign investment.",te,False,-1,the first,ప్రధమ,True,False
2011 నాటికి గొరిగపూడి గ్రామ జనాభా ఎంత?,"Gorigapudi is a village belonging to Bhattiprolu Mandal, Guntur District. It is 6 km from the mandal center Bhattiprolu. m. In distance, 8 km from the nearest town, Raypalle. m. It is far away. According to the 2011 India census, the village is spread over 499 hectares with 689 houses and a population of 2229. The number of males in the village is 1127, the number of females is 1102. The number of scheduled castes is 693 while the number of scheduled tribes is 11. The census location code of the village is 590430. Pin code: 522257. STD code = 08648. This village is on the way to Penumudi from Pedapulivarru village. It is 8 km away from Bhattiprolu. There are three government primary schools and one government high school in the village. The Kindergarten is in Bhattiprolu and the Secondary School is in Pedapulivarru. Nearest junior college is Vellatur.",te,True,306,2229,2229,True,False
2011 నాటికి పెద యాచవరం గ్రామ జనాభా ఎంత?,"Peda Yachavaram is a village in Markapuram Mandal, Prakasam District. It is 10 km from the mandal center Markapuram. m. is far away. According to the 2011 India census, the village is spread over 3263 hectares with 1130 houses and a population of 4610. The number of males in the village is 2286, the number of females is 2324. The number of scheduled castes is 1638 while the number of scheduled tribes is 0. The census location code of the village is 590850. The pin code is 523315. The village has six government primary schools and one government high school. Primary and secondary schools are located in Rayavaram. Nearest Junior College, Government Arts / Science Degree College at Markapuram and Engineering College at Idupur. The nearest medical college is in Guntur and management college and polytechnic is in Idupur. Nearest Vocational Training School, Aniyata",te,True,247,4610,4610,True,False
ఆంధ్రప్రదేశ్ లో మొదటగా ఏ ఇంజనీరింగ్ కళాశాలలో సివిల్ ఇంజనీరింగ్ విభాగాన్ని ప్రారంభించారు?,"Andhra University College of Engineering, also known as AU College of Engineering, is an autonomous college of the Andhra University located at Visakhapatnam, India. Considered to be one of the premier institutions in the country Andhra University College of Engineering is also regarded as the best engineering college in the state of Andhra Pradesh. It is the only institution in the country to provide courses in Nanotechnology and have the Siemens laboratories. It is also the first Indian institution to have Chemical Engineering. Andhra University was established in 1926. Located on the uplands of Visakhapatnam (the city of destiny), the",te,False,-1,Velagapudi Ramakrishna Siddhartha Engineering College,వెలగపుడి రామకృష్ణ సిద్ధార్థ ఇంజనీరింగ్ కళాశాల,True,False
ఇంగ్లాండ్ దేశం ఏ ఖండంలో ఉంది?,"England (England) is located in the north-west of the European continent. A part of the United Kingdom, this country is the largest and most densely populated of the other three countries. London is the capital city of England. England is a powerful country in the world. This country is the birthplace of English language. Primarily Christian. English laws are the model for the judicial systems of many countries in the world. This country became the center of industrial revolution. England was the first democratic country in the world. Many democratic, legal and historical changes that took place in England affected the countries of the world.",te,False,-1,United Kingdom.,యునైటెడ్ కింగ్‌డమ్.,True,False
ఈస్ట్ ఇండియా కంపెనీ భారతదేశంలోకి ఎప్పుడు వచ్చింది?,"East India Company (East India Company) was a company established in the year 1600. The British came to India through this organization to promote trade and commerce and occupied our country. By 1700 AD, Chennapatnam was the capital of South India under the East India Company in India. But kingdoms were nothing to rule. Chennapatnam fort and the eastern seaboard were trading posts. There were only a few villages that were granted titles by appealing to the Mughal Emperor and Nawabs. There was a fort in Chennapattanam, and next to it there was a town called Nallavari Basti where George Town is located. In 1693, the villages of Tandayarupeta, Porashavakam, Egmuru and Tiruvalikkeni were acquired. There were various trading houses in the villages and towns like Visakhapatnam, Veeravasaram, Pulicat, Armaganu, Cuddalore etc. By 1701, their status was also dependent on the benevolence of the Nawabs and kings of South India. As a general, Nawab",te,False,-1,1608,1608,True,False
ఉత్తర ఆఫ్రికాలో అతిపెద్ద దేశం ఏది?,"South Africa (or Republic of South Africa) is a country at the southern tip of the African continent. It is bordered by the Atlantic and Indian oceans and Namibia, Botswana, Zimbabwe, Mozambique and Swaziland. The independent region of Lesotho is surrounded by southern African territory. South Africa is one of the Commonwealth countries. South Africa's economy is the largest in Africa and the 24th largest economy in the world. Jacob Zuma - President since 2009",te,False,-1,Algeria is the largest country in Africa,ఆఫ్రికాలో అతిపెద్ద దేశం అల్జీరియా,True,False
ఉప్పరపల్లి నుండి వరంగల్ కి ఎంత దూరం?,"Upparapally is a village in Wardhannapet Mandal, Warangal Rural District, Telangana State. It is 20 km from Mandal center Vardhannapet. m. Distance, 25 km from nearest town Warangal. m. It is far away. According to the 2011 India census, the village is spread over 707 hectares with 614 houses and a population of 2231. The number of males in the village is 1110, the number of females is 1121. The number of scheduled castes is 626 while the number of scheduled tribes is 30. Census location code of the village is 578308. Pin code: 506310. The village has one government primary school, one government higher primary school and one government secondary school. It is in scissors. Nearest junior college is at Vardhannapet and Government Arts / Science Degree College is at Warangal. Nearest Medical College,",te,False,-1,25 km m,25 కి. మీ,True,False
ఏ ఉష్ణోగ్రత వద్ద నీరు ఆవిరిగా మారుతుంది?,A stove is one of the most common heating devices used in everyday life. Stoves burn the fuel in them and generate heat. Stoves use different fuels for heating. Not all the heat energy produced by the burning fuel reaches the object being heated. Total heat produced due to burning of fuel (formula_1) is not equal to the amount of heat absorbed by the object (formula_2). So some mass of water should be taken in a beaker. Determine the initial temperature of the water. Find the mass of the heating device (lamp). Heat the water in the beaker for 5 minutes. Calculate the final temperature of the water. Switch off the heater. Now calculate the mass of heater. Now calculate the mass of fuel used by the heating device. This value is generated by the heating device multiplied by the calorific value of the fuel in the heating device,te,False,-1,(100 °C),(100 °సెం.),True,False
ఒరెగాన్ రాష్ట్రంలోని అతిపెద్ద నగరం ఏది ?,"Udayagiri (Udayagiri) is the largest Buddhist monastery in the state of Odisha. It houses the main stupa and Buddhist viharas. Along with the nearby Lalithagiri and Ratnagiri Buddharamas, it was also a part of the 7th century Pushpagiri Buddhist University. These three heritage sites are collectively known as the ""Vajra Triangle"" (Ratnagiri - Udayagiri - Lalithagiri). According to the inscriptions found here, the name of this place is ""Madhavapura Mahaviharam"". Research shows that this Buddhist Mahavihara was active from the 7th century to the 12th century. Udayagiri is situated in the foothills 90 km northeast of Odisha's capital Bhubaneswar and 70 km northeast of Cuttack city. Archaeological Survey of India since 1958 in this area",te,False,-1,Portland,పోర్ట్‌ల్యాండ్,True,False
కెనడా దేశ మొదటి ముఖ్యమంత్రి ఎవరు?,"Sir John Alexander Macdonald (11 January 1815 – 6 June 1891) was the first prime minister of Canada (1867–1873, 1878–1891). The dominant figure of Canadian Confederation, he had a political career which spanned almost half a century. Macdonald was born in Scotland; when he was a boy his family immigrated to Kingston in the Province of Upper Canada (today in eastern Ontario). As a lawyer he was involved in several high-profile cases and quickly became prominent in Kingston, which elected him in 1844 to the legislature of the Province of Canada. By 1857, he had become premier under the colony's",te,False,-1,Sir John Alexander Macdonald,సర్ జాన్ అలెగ్జాండర్ మెక్‌డోనాల్డ్,True,False
కోళ్లు ఎక్కువగా ఏ దేశంలో కనిపిస్తాయి?,"masks in particular are or were often made for religious ceremonies; today many are made for tourists as ""airport art"". African masks were an influence on European Modernist art, which was inspired by their lack of concern for naturalistic depiction. The Nubian Kingdom of Kush in modern Sudan was in close and often hostile contact with Egypt, and produced monumental sculpture mostly derivative of styles to the north. In West Africa, the earliest known sculptures are from the Nok culture which thrived between 500 BCE and 500 CE in modern Nigeria, with clay figures typically with elongated bodies and angular",te,False,-1,United States of America,అమెరికా సంయుక్త రాష్ట్రాలు,True,False
క్షయ వ్యాధికి విరుగుడు ఏ దేశంలో కనుగొన్నారు?,"Tuberculosis is an important infectious disease. Although we know it is related to the lungs, the disease can infect any part of the body, from the skin to the brain. Tuberculosis is one of the most important chronic diseases in India. The disease is caused by a germ called Mycobacteria or ""Mycobacterium tuberculosis"". Organs not infected with tuberculosis are pancreas, thyroid gland, hair. All other organs are susceptible to tuberculosis. This disease mainly affects the respiratory system. Dr. Robert Koch first identified the tuberculosis pathogen on March 24, 1882. For this, the Nobel Prize in Medicine was awarded in 1905. The most important of these tests is to detect germs. Sudden weight loss within a few months, low-grade fever at night, profuse sweating during fever, lasting for months",te,False,-1,France,ఫ్రాన్స్,True,False
ఖురాన్ ఏ అరబ్బీ భాషలో ఎవరు రాసారు?,"Qur'an: Also known as Koran, Koran, Qur'an, ""Qur'an"", Koran. , 'Qur'an' in Arabic means 'to read', 'to read', 'to recite'. I am leaving two things nearby. Those who hold fast to these two and practice them will never go astray. One of them is the Holy Book (Qur'an). Second is my prophecies, traditions (hadiths) - the great prophet Muhammad (peace and blessings of Allah be upon him). Muslims believe that God's messages began with the first prophet Adam, continued with ""Shuhuf e Ibrahim"", ""Zabur"" (Psalms of David), ""Injil"" (Gospel of Christ), and finally ended with the Qur'an, which was revealed to Prophet Muhammad. The Qur'an identifies various messages in the above texts. Various events from Jewish and Christian scriptures are directly or indirectly mentioned in the Qur'an.",te,False,-1,Prophet Muhammad,ముహమ్మద్ ప్రవక్త,True,False
టెక్సస్ రాష్ట్రంలోని అతిపెద్ద మానవ నిర్మితం ఏది ?,"will be the place. The nuclear reactor on MIT's campus is the largest nuclear reactor at a university in the United States. The reactor's conspicuous presence in a densely populated area has sometimes sparked controversy, but MIT says it is safe. Other notable on-site facilities include a pressurized wind tunnel and a dry dock for testing marine vessels and submarines. MIT completed its campus-wide wireless network by 2005 and has approximately 3,000 access points on campus. In 2001, the Environmental Protection Agency sued MIT for violating its hazardous waste storage and disposal practices under the Clean Water Act and the Clean Air Act. MIT agreed to pay a $155,000 fine to the suit and",te,False,-1,JP Morgan Chase Tower,జేపీ మోర్గాన్ ఛేజ్ టవర్,True,False
తమిళనాడులో రాష్ట్ర మొదటి ముఖ్యమంత్రి ఎవరు?,"Conjeevaram Natarajan Annadurai (), better known as Anna (""Old brother"") or Arignar Anna (""Anna, the scholar""), is an Indian politician who served as the 1st Chief Minister of Tamil Nadu from 1967 and 5th , the last Chief Minister of Madras until 1969 in the state of Tamil Nadu, South India. He was the first member of the Dravidian party to hold the post.",te,False,-1,C. N. Annadurai,సి.ఎన్.అన్నాదురై,True,False
తెలుగు పంచాంగం ప్రకారం నూతన సంవత్సరం ఏ ఇంగ్లీష్ నెలలో ప్రారంభమవుతుంది?,"The Telugu year is the calendar year for the Telugu speaking people of . Each Yuga (Era) has a cycle of 60 years. Each year of Ugadi year has a specific name in Panchangam (Astrnomical calendar) based on astrological influences and the name of the year would represent the character of that year. The calendar includes 60 year names. Every 60 years one name cycle completes and the names repeat in the next cycle. For example, the Telugu name for 1954 is ""jaya"", repeated in 2014. Ugadi is the Telugu new year festival that comes in the spring season (usually",te,False,-1,March or April,మార్చి లేదా ఏప్రిల్,True,False
దక్షిణ ఆఫ్రికా దేశ విస్తీర్ణం ఎంత?,"South Africa (or Republic of South Africa) is a country at the southern tip of the African continent. It is bordered by the Atlantic and Indian oceans and Namibia, Botswana, Zimbabwe, Mozambique and Swaziland. The independent region of Lesotho is surrounded by southern African territory. South Africa is one of the Commonwealth countries. South Africa's economy is the largest in Africa and the 24th largest economy in the world. Jacob Zuma - President since 2009",te,False,-1,Same size as Colombia,కొలంబియా మాదిరిగా అదే పరిమాణం,True,False
న్యూయార్క్ యొక్క జనసాంద్రత ఎంత ?,"New York City (English: New York City) (officially the City of New York) is one of the most populous and densely populated cities in the United States. Its metropolitan area is considered one of the largest metropolitan areas in the world. Till 1970 it was considered as the largest city in the world. It flourished as the first capital of America during the time of George Washington. For a century, it emerged as the largest commercial and financial center in the world. New York City is considered a global city and an alpha world city. Reasons for this include media, politics, education, entertainment, arts and fashion. The city is the center of foreign affairs and the headquarters of the United Nations. Before the arrival of Europeans in 1524, 5,000 ""Lenape"" people of American ancestry lived here.",te,False,-1,"28,491","28,491",True,False
పాకిస్తాన్ కు స్వతంత్రం ఎప్పుడు వచ్చింది?,"August 14 (August 14) is celebrated as the Independence Day of Pakistan. On August 14, 1947, Pakistan was freed from hundreds of years of slavery. To mark it, the post-independence government declared August 14th as Pakistan's Independence Day and a national holiday. On August 14, 1947, the last British king who was ruling Pakistan until then declared independence for Pakistan, and since then it has become a sovereign country. When Pakistan got its independence on August 14, Bangladesh was in Pakistan. It split in 1971. Pakistan Independence Day did not change then Pakistan came into existence as a result of the Pakistan Movement; the Pakistan Movement aimed for creation of an independent Muslim state by division of the north-western region of the",te,True,87,1947,1947,True,False
బి.గోపాల్ దర్శకుడి తల్లిదండ్రుల పేర్లేమిటి?,"Kompella Gopalakrishnamurthy, better known to radio listeners as Sri Gopal (1938-1986), was a multifaceted radio program designer, writer, cartoonist, film actor and freelance journalist. He was born in 1938 Born on 20th January in Kakinada. M.A. from Madras University. Received Gold Medal in Philosophy. Pratibha became famous as Srigopal having derived his talents. In 1965, Akashavani was selected as a transmission executive at the Hyderabad Centre. Before that he worked as a freelance political cartoonist. Later, Akasavani worked in Madras, Port Blair, Goa, Vijayawada and Kadapa centers in various capacities. Sensing the power of sravya madhyam, many metaphors and dramas were created and transmitted. As the head of Yuvavani department, he gave encouragement to Yuva Shakti. Mr. Gopal has won four prizes in Akashavani's annual competitions. Education about Tenzing Everest summit",te,False,-1,"Venkateshwarlu, mother Mahalakshamma","వెంకటేశ్వర్లు, తల్లి మహాలక్షమ్మ",True,False
బ్రిటిష్ పాలనలో సగటున ఎంతమంది భారతీయులు మరణించారు?,"occupied the Jordan Valley. After the Spring Offensive in the Egyptian offensive (Battle of Megiddo), they became the main force during the Desert Mounted Corps' advance to Damascus and Aleppo. Other factions are responsible for guarding the north-west borders and internal security in India. Over a million Indian troops served overseas during the war. A total of 74,187 people died. 67,000 were injured. The Bharat Gate Memorial was built to commemorate the approximately 90,000 soldiers who lost their lives in the First World War and the Afghan Wars. India was controlled by the United Kingdom during World War II (1939-1945). There were 500 princely states in British territories in India. In September 1939, British India formally declared war on Nazi Germany. Part of the coalition, the British monarch sent 2.5 million volunteer troops to",te,False,-1,"87,000","87,000",True,False
భరత్ అనే నేను చిత్ర నిర్మాత ఎవరు?,"Bharat Ane Nenu is a Telugu movie released in 2018 directed by Koratala Siva. Mahesh Babu is playing the lead role in this movie produced by DVV Danayya under the banner of DVV Entertainments and Kaira Advani is playing the lead role. Devi Sri Prasad provided the music. Bharat Ram (Mahesh Babu) loves to learn new things. That's why he continues to do degrees at London Oxford University. At such a time the death of his father Raghava (Sarath Kumar) turns his life around. Political guru Varada (Prakash Raj) makes Bharath the chief minister to avoid a split in the party after the death of Raghava, who founded the Navodayam party with the intention of serving the people and became the chief minister. Bharat tries to ruin the public life which has gone out of control with his stubborn decisions. India's aggressive nature has a profound impact on the political system as well. Especially",te,True,141,DVV Danayya,డివివి దానయ్య,True,False
భారత దేశంలో అధికంగా ఇస్లాం మతం ను ఏ రాష్ట్రంలో నమ్ముతారు?,"In India, Islam is second only to Hinduism. According to 2011 statistics, 14.7% are Muslims. Also in Andhra Pradesh, they can be second. Both numerically and in terms of percentage, Muslims in Andhra Pradesh are at present after Kashmir, Assam, West Bengal, Kerala, Uttar Pradesh, Bihar, Maharashtra and Karnataka. Also in Andhra Pradesh according to 2001 statistics Muslims are 9.4%. Sufi philosophers were prominent in the spread of Islam in India and particularly in Andhra Pradesh. They have played their role admirably to root Islam in Andhra Pradesh; And succeeded. Penukonda Baba Fakhruddin of 12th century, Hazrat Yusufine Chishti of Hyderabad, Hazrat Sharfuddin Sahar Vardi, Hazrat Sharifein Chishti, Khwaja Peerullah Hussaini of Kadapa, Hazrat Nayabe Rasool, Qadir Auliya of Naguru are these.",te,False,-1,Uttar Pradesh,ఉత్తర ప్రదేశ్,True,False
భారతదేశంలో ప్రేమకు గుర్తుగా ఉన్న కట్టడం ఏది?,"India Gate is a national monument of India located in the heart of New Delhi. The India Gate was designed by Sir Edwin Lutyens. Originally known as the ""All India War Memorial"", it is an important landmark in Delhi commemorating the sacrifice of the 90,000 British Indian soldiers who died defending the British Empire in India during World War I and the Anglo-Afghan War III. The building is made of red sandstone and granite. Originally a statue of King George V stood in the now empty niche in front of this gate, and has now been moved to the Crowning Gardens in Delhi, India. After India's independence, India Gate became a monument",te,False,-1,Taj Mahal,తాజ్ మహల్,True,False
మగ్దూం మొహియుద్దీన్ జన్మస్థలం ఏది ?,"Maghdoom Mohiuddin (February 4, 1908 – August 25, 1969) was a freedom fighter, epic poet, prominent labor leader, Urdu poet, and one of the builders of the communist movement in the Hyderabad state. Maghdoom Mohiuddin was born on February 4, 1908 in Andolo, Medak district, Telangana. His full name is Abu Saeed Muhammad Makhdoom Mohiuddin Qadri (Mohammed Maghdoom Mohiuddin Hujri). Their ancestors lived in Azamgarh, Uttar Pradesh. His grandfather (paternal) Rashiduddin came to the Deccan Plateau with the armies of Aurangzeb. Also, another grandfather (father of Tamwoodi) Syed Zafar Ali also came south from Shahjahanabad in Uttar Pradesh in 1857. That's how the whole family moved to Hyderabad Deccan area. His father Ghaus Mohiuddin worked as a superintendent in Nizam's government. Magdoom was a father when he was four years old",te,False,-1,"Andol, Medak District, Telangana",తెలంగాణ లోని మెదక్ జిల్లా ఆందోల్,True,False
మనిషి చనిపోయాక ఏ అవయవం ఎక్కువ సమయం పనిచేస్తుంది?,"normal body fluid volume, including blood volume, interstitial fluid volume, and intracellular fluid volume; hypovolemia and hypervolemia are imbalances. Water is necessary for all life on Earth. Humans can survive for 4 to 6 weeks without food but only for a few days without water. Profuse sweating can increase the need for electrolyte replacement. Water-electrolyte imbalance produces headache and fatigue if mild; illness if moderate, and sometimes even death if severe. For example, water intoxication (which results in hyponatremia), the process of consuming too much water too quickly, can be fatal. Deficits to body water result in volume contraction and",te,False,-1,spine,వెన్నెముక,True,False
మునీష్ దలాల్ వృత్తి ఏమిటి?,"K. M. Munshi (December 30, 1887 – February 8, 1971) was an eminent Indian lawyer, writer and humanitarian. Former Union Minister of Agriculture. Munshi was born on December 30, 1887 in Broach, Gujarat. Father was doing a small job in revenue department. Mother Tapi Behan used to stay at home and teach the children. Father Manek Lal died when Munshi was 15. Munshi, who studied in Gujarat till Inter, came to Mumbai for his degree. BA in 1905 and LLB in 1910. Later settled as a lawyer in Mumbai. Munshi used to write a diary from the age of 9. They used to write a verse from Bhagavad Gita before the day and start the diary. He also used to write letters. He used to write letters to friends and relatives and give advice. Verni Vasulat, Snehasambhra,",te,False,-1,A computer teacher,కంప్యూటర్ అధ్యాపకుడైన,True,False
యానాం యొక్క విస్తీర్ణం ఎంత ?,"Yanam is a district in the Union Territory of Pondicherry and its chief town. This district covers an area of ​​30 sq km in East Godavari district of Andhra Pradesh. Of the 32,000 people who live here, most speak Telugu. It was given to India from France in 1954 but it is known as French Yanam. It has a history of 300 years. A fusion of French and Telugu cultures is seen in Yanam. During the French administration, the Telugu people used to go to Yanam to buy smuggled foreign goods on Tuesdays during the Yanam festival days in January. Earlier it was called Kalyanapuram because after the British outlawed child marriages through the Sarada Act in 1929, those marriages used to take place here. Population of Yanam in 1936 was 5220. Development 1995-2005",te,False,-1,30 sq. km,30 చ.కి.మీ,True,False
విమానాన్ని ఎవరు కనుగొన్నారు?,"The Wright brothers Orville (1871 August 19 – January 30, 1948) and Wilbur (1867 April 16 – May 30, 1912) were two American brothers, inventors of airplanes, and aeronautical pioneers. They invented, built and controlled the world's first heavy mechanical airplane and successfully flew it on December 17, 1903. From 1905 to 1907 the brothers developed their flying machine into the first practical fixed wing aircraft. Although not the first to build experimental aircraft, the Wright brothers were the first to make fixed-wing based flight control possible.",te,False,-1,The Wright brothers,రైట్ సోదరులు,True,False
విశ్వామిత్రుడు ఏ స్వర్గాన్ని నిర్మించాడు?,"There was memory. Therefore, all human beings reform themselves and do pious deeds and enjoy the pleasures of heaven. As everyone enters heaven, the stampede in heaven is great. It was a pain for the gods to make them all happy in heaven. All the deities went to Lord Brahma and told their plight. Lord Brahma thought and removed the previous birth memory of human beings and replaced it with vices like desires, lust, religion, greed, lust, greed etc. As a result, human beings have more desires and decide to do bad things to fulfill those desires. If those desires were not fulfilled, anger would come. Because of that anger, humans could not go to heaven after death. But the arrival of humans in hell is greater. To reduce the conflict in hell, Lord Brahma thought of a trick and arranged for humans to go to heaven at the same rate as hell. The states of heaven and hell for human beings are just science",te,False,-1,Trishanku,త్రిశంకు,True,False
విస్తీర్ణం పరంగా ఆంధ్ర ప్రదేశ్ రాష్ట్రంలో అతి చిన్న జిల్లా ఏది?,"There are 13 districts in the state of Andhra Pradesh. Anantapur district is the largest and Srikakulam district is the smallest. The districts are generally divided into Coastal Andhra and Rayalaseema regions. Coastal Andhra has a total of 9 districts including East Godavari, West Godavari, Krishna, Guntur, Prakasam, Sri Potti Sri Ramulu Nellore, Srikakulam, Vijayanagaram, and Visakhapatnam. Rayalaseema has 4 districts namely Kurnool, Chittoor, YSR Cuddapah and Anantapur.",te,True,93,Srikakulam,శ్రీకాకుళం,True,False
సింగిరెడ్డి నారాయణరెడ్డి జ్ఞానపీఠ పురస్కారం ను ఎప్పుడు అందుకున్నాడు ?,"The mentions received appreciation from all. Since 1993, as the president of Andhra Saraswata Parishad, he has contributed to the development of Telugu language literature and culture by creating unique programs. Poetry: Essays: Plays: c. Narayana Reddy entered the film industry in 1962 with a song in the story Gulebakavali. Known for the song ""Nannu Dochukunduvate Vennela Dorasani"". Later he wrote more than three thousand songs in many films. ! Year! Movie! Movie song Dr.C. Cheekolu Sundarayya cites celebrities' praise about Narayana Reddy Narayana Reddy, who had been suffering from illness for some time, breathed his last on the morning of Monday, June 12, 2017, while undergoing treatment at the Care Hospital in Hyderabad.",te,False,-1,1988,1988,True,False
1990 నాటికి ఆఫ్రికాలో అతిపెద్ద జనాభా కలిగిన దేశం ఏది?,"The population of Africa has grown rapidly over the past century and consequently shows a large youth bulge, further reinforced by a low life expectancy of below 50 years in some African countries. Total population as of 2017 is estimated at more than 1.25 billion, with a growth rate of more than 2.5% p.a. The most populous African country is Nigeria with 191 million inhabitants as of 2017 and a growth rate of 2.6% p.a. , the total population of Africa is estimated at 1.225 billion, representing 17% of the world's population. According to UN estimates, the population of Africa",te,False,-1,Nigeria,నైజీరియా,True,False
2010 నాటికీ వ్యవసాయ రంగంలో చైనా దేశం ఎన్నో స్థానంలో ఉంది?,"Has a nuclear-armed submarine. According to Stockholm International Peace Research Institute data, China was the third largest arms exporter in the world between 2010-2014. From 2005-2009, China experienced a 143% increase in arms sales. [[File:Graph of Major Developing Economies by Real GDP per capita at PPP 1990-2013.png|thumb|325px|China and other major developing economies by [[List of countries by GDP (PPP) per capita|GDP per capita at purchasing-power parity]], 1990–2013. The rapid economic growth of China (red) is readily apparent. [[File:Shanghaistockexchange.jpg|thumb|The [[Shanghai Stock Exchange]] building in [[Shanghai]]'s [[Lujiazui]] financial district. Shanghai has the [[List of cities by GDP|25th-largest city GDP]] in the world, totaling US$304 billion in",te,False,-1,the first,ప్రధమ,True,False
2011 నాటికి గొరిగపూడి గ్రామ జనాభా ఎంత?,"Gorripudi is a village belonging to Karapa mandal of East Godavari district. It is 8 km from the mandal center Karapa. m. Distance, 12 km from the nearest town Kakinada. m. It is far away. According to the 2011 India census, the village is spread over 947 hectares with 1735 houses and a population of 6449. The number of males in the village is 3211, the number of females is 3238. The number of scheduled castes is 588 while the number of scheduled tribes is 36. The census location code of the village is 587602. The pin code is 533468. The village has seven government primary schools, one private primary school, one government higher primary school, one government secondary school. There are one. Nearest Kindergarten is in Karapa. Nearest Junior College, Government Arts / Science Degree College Karapalonu,",te,False,-1,2229,2229,True,False
2011 నాటికి పెద యాచవరం గ్రామ జనాభా ఎంత?,"Yachavaram is a Village in Balayapalli Mandal, Sri Potti Sriramulu Nellore District, Andhra Pradesh State. It is 3 km from Balayapalli, the mandal centre. m. In distance, it is 14 km from the nearest town Venkatagiri. m. It is far away. According to the 2011 India census, the village is spread over 437 hectares with 187 houses and a population of 652. The number of males in the village is 321, the number of females is 331. The number of scheduled castes is 313 while the number of scheduled tribes is 0. The census location code of the village is 592401. The pin code is 524404. There is one government primary school in the village. The nearest Kindergarten and Primary School are in Venkatagiri, Primary School is in Balayapally and Secondary School is in Balayapally. Nearest Junior College is at Vengamambapuram and Government Arts / Science Degree College is at Balayapally.",te,False,-1,4610,4610,True,False
ఆంధ్రప్రదేశ్ లో మొదటగా ఏ ఇంజనీరింగ్ కళాశాలలో సివిల్ ఇంజనీరింగ్ విభాగాన్ని ప్రారంభించారు?,"The Indian Railways Institute of Mechanical and Electrical Engineering (IRIMEE), was founded in 1888 as a technical school and commenced training Mechanical Officers for Indian Railways in 1927. It is the oldest of the five Centralised Training Institutes (CTIs) for training officers for Indian Railways. IRIMEE is located at Jamalpur in the Munger district of Bihar, on the Patna-Bhagalpur rail route. IRIMEE provides theoretical and practical training for a four-year undergraduate degree in mechanical engineering as well as professional courses to officers and supervisors of Indian Railways. There are also courses for non-railway organizations and foreign railways. Traditionally a center",te,False,-1,Velagapudi Ramakrishna Siddhartha Engineering College,వెలగపుడి రామకృష్ణ సిద్ధార్థ ఇంజనీరింగ్ కళాశాల,True,False
ఇంగ్లాండ్ దేశం ఏ ఖండంలో ఉంది?,"The United Kingdom is a sovereign state located off the north-western coast of continental Europe. With a total area of approximately , the UK occupies the major part of the British Isles archipelago and includes the island of Great Britain, the north-eastern one-sixth of the island of Ireland and many smaller surrounding islands. The mainland areas lie between latitudes 49°N and 59°N (the Shetland Islands reach to nearly 61°N), and longitudes 8°W to 2°E. The Royal Greenwich Observatory, in South East London, is the defining point of the Prime Meridian. The UK lies between the North Atlantic and the North",te,False,-1,United Kingdom.,యునైటెడ్ కింగ్‌డమ్.,True,False
ఉత్తర ఆఫ్రికాలో అతిపెద్ద దేశం ఏది?,"are situated on the Mid-Atlantic Ridge half way to South America. Lying almost entirely within the tropics, and equally to north and south of the equator, Africa does not show excessive variations of temperature. Great heat is experienced in the lower plains and desert regions of North Africa, removed by the great width of the continent from the influence of the ocean, and here, too, the contrast between day and night, and between summer and winter, is greatest. (The rarity of the air and the great radiation during the night cause the temperature in the Sahara to fall occasionally to",te,False,-1,Algeria is the largest country in Africa,ఆఫ్రికాలో అతిపెద్ద దేశం అల్జీరియా,True,False
ఉప్పరపల్లి నుండి వరంగల్ కి ఎంత దూరం?,"Upparapally is a Village in Makhtal Mandal, Mahbubnagar District, Telangana State. It is 2 km from the mandal center Makhtal. m. Distance, 28 km from the nearest town Narayanapet. m. It is far away. According to the 2011 India census, the village is spread over 650 hectares with 210 houses and a population of 1090. The number of males in the village is 559, the number of females is 531. The number of Scheduled Castes is 149 while the number of Scheduled Tribes is 0. The census location code of the village is 575870. According to the 2001 India Census, the population of the village is 950. The number of males is 500, the number of females is 450. The number of households is 178. There is one primary school, primary school, primary school and secondary school in Makhtal. Nearest Junior College, Govt Arts /",te,False,-1,25 km m,25 కి. మీ,True,False
ఏ ఉష్ణోగ్రత వద్ద నీరు ఆవిరిగా మారుతుంది?,"If the body temperature is above normal (37°C, 98.6°F) then the condition is called fever (English: Fever). It is measured by thermometer or thermometer. As our body's natural immune system fights diseases like viruses, bacteria and fungi, the body temperature rises. If the body temperature exceeds 98.6 degrees Fahrenheit, it means that the civil war with infection is going on in our body. If the fever is less than 101 degrees Fahrenheit, no special treatment is needed. Drink plenty of water. Aspirin, Acetaminophen, Ibuprofen can be taken to control fever. Bathing in warm water will bring the body temperature under control. Fever over 103 degrees Fahrenheit, lasting more than 2 hours, or lasting more than 2 days",te,False,-1,(100 °C),(100 °సెం.),True,False
ఒరెగాన్ రాష్ట్రంలోని అతిపెద్ద నగరం ఏది ?,"Canada's most visited and most impressive ""Canadian Museum"" is located on the Ottawa River in Gatineau. Designed by Canadian Aboriginal architect Douglas Cardinal at a cost of $340 million, the crescent-shaped complex houses the Canadian Children's Museum, the Canadian Postal Museum, and a 3D IMAX theater. The city also has Canada Agricultural Museum, Canada Aviation and Space Museum, Canada Science and Technology Museum, Billings Estate Museum, Bytown Museum, Canadian Museum of Contemporary Photography, Bank of Canada Museum, Canada Portrait Gallery etc. Ottawa's longest-running community theater organization, the Ottawa Little Theatre, originally started in 1913 as the Ottawa Drama League. It has been the Ottawa National Arts Center since 1969, the National Arts",te,False,-1,Portland,పోర్ట్‌ల్యాండ్,True,False
కెనడా దేశ మొదటి ముఖ్యమంత్రి ఎవరు?,"This article is the Electoral history of Sir John A. Macdonald, the first Prime Minister of Canada (1867 to 1873; 1878 to 1891). A Conservative, he was Canada's second longest-serving Prime Minister, with two separate terms as Prime Minister (1867–1873, 1878–1891). He won six general elections and lost one. He died in office in 1891, three months after his sixth general election victory, and was succeeded by Sir John Abbott. Prior to Confederation in 1867, Macdonald was a member of the Legislative Assembly of the Province of Canada and served three terms as joint Premier of the Province. Macdonald was",te,False,-1,Sir John Alexander Macdonald,సర్ జాన్ అలెగ్జాండర్ మెక్‌డోనాల్డ్,True,False
కోళ్లు ఎక్కువగా ఏ దేశంలో కనిపిస్తాయి?,"Since time immemorial, man has been practicing many deeds to make his life happy. Some of these may be done with the view of utility and some with the view of aesthetics. All these are called arts which are expressions of talent. These are classified and explained into 64 arts. Among them, the first category contributes to the beauty of the human body and the second category contributes to the happiness of the human heart. The first category is called the common arts and the second category is called the fine arts. The ancients classified the arts into 64. Only a few of these are currently popular. Selection of degree courses in Animation, Applied Arts, Photography, Painting, Sculpture, Interior Design through Fine Arts and Design Common Test of Jawaharlal Nehru Architecture and Fine Arts University. There are 12 government music and dance schools/colleges running certificate diploma level courses under the Department of Culture. Carnatic Voice, Veena, Violin, Mridangam, Nadaswaram, Dolu, Kuchipudi, Bharatanatyam are the course subjects. Usually in the month of June.",te,False,-1,United States of America,అమెరికా సంయుక్త రాష్ట్రాలు,True,False
క్షయ వ్యాధికి విరుగుడు ఏ దేశంలో కనుగొన్నారు?,"Vaccines against anthrax for use in livestock and humans have had a prominent place in the history of medicine. The French scientist Louis Pasteur developed the first effective vaccine in 1881. Human anthrax vaccines were developed by the Soviet Union in the late 1930s and in the US and UK in the 1950s. The current FDA-approved US vaccine was formulated in the 1960s. Currently administered human anthrax vaccines include acellular (United States) and live vaccine (Russia) varieties. All currently used anthrax vaccines show considerable local and general reactogenicity (erythema, induration, soreness, fever) and serious adverse reactions occur in about 1%",te,False,-1,France,ఫ్రాన్స్,True,False
ఖురాన్ ఏ అరబ్బీ భాషలో ఎవరు రాసారు?,"are broken Other Names of the Qur'an: It is better to read it in one's mother tongue with understanding than a meaningless Arabic recitation. The Qur'an consists of a total of 114 surahs (chapters) after the first introductory prayer section. Total sayings (ayats) 6236, total words 86430, total letters 323760, total period of revelation of Quran 22 years 5 months 14 days, 40 followers (Sahabi) who wrote and preserved it. 90 Surahs in Mecca, 24 Suras in Madinah. If the name of Allah appears 2697 times in the Qur'an, the name Muhammad appears 4 times and the name Ahmad appears only once. According to the hadiths, 1,24,000 (one hundred and twenty four thousand) prophets were revealed. There are 25 prophets mentioned in the Quran. That means 1,23,975 prophets who are not mentioned in the Quran. The birth of mankind",te,False,-1,Prophet Muhammad,ముహమ్మద్ ప్రవక్త,True,False
టెక్సస్ రాష్ట్రంలోని అతిపెద్ద మానవ నిర్మితం ఏది ?,"Austin is the capital of the US state of Texas and the seat of Travis County. The state of Texas is centrally located on the east coast of Southwestern America. Austin is the 13th most populous city in the United States and the 4th most populous in the state of Texas. It was the third fastest growing city in the country between 2000 and 2006. According to the 2011 census, Austin had a population of 820,611. Austin thrives as the cultural and commercial center of Austin-Round Rock-San Marcos prime location. According to 2011 statistics, the total population of this place is 1,783,519. The city ranks as the 34th largest city in the US and the 4th largest city in Texas. In 1830-1838, sailors settled in treaty settlements along the Colorado River between Austin and Austin.",te,False,-1,JP Morgan Chase Tower,జేపీ మోర్గాన్ ఛేజ్ టవర్,True,False
తమిళనాడులో రాష్ట్ర మొదటి ముఖ్యమంత్రి ఎవరు?,"It became the 'Dravidakajagam' party under Naykar's leadership. It is not a political party. Their goal is to achieve an independent 'Dravidanadu'. The party split into two due to differences between the then leaders Annadurai and Periyar. Under the leadership of Annadurai, the 'Dravida Munnetra Kazhagam' (DMK) party contested the elections in 1956. DMK gained strength during the anti-Hindi agitation of the 1960s. In 1967, it defeated the Congress and took power. After Annadurai's death in 1969, Karunanidhi became the Chief Minister. Film actor MG Ramachandran (MGR), who disagreed with Karunanidhi's leadership, broke away from the party in 1972 and founded the 'Akhil Bharat Dravida Munnetra Kazhagam' (AIADMK). From 1977 to 1987 M.G.R. He was the chief minister. In 1987 M.G.R. After the death there was a crisis in the party. But M.G.R. The part led by wife Janaki Ramachandran could not stand.",te,False,-1,C. N. Annadurai,సి.ఎన్.అన్నాదురై,True,False
